seed,width,height,rl_success,rl_steps,rl_time,astar_success,astar_steps,astar_time
8590995,36,106,1,28,0.003729582,1,28,0.054329634
8486127,59,118,1,57,0.007990122,0,17,0.195930958
5403230,46,38,1,6,0.000683069,1,6,0.000899076
7899848,99,93,1,85,0.017466784,1,49,0.237667561
3437853,94,85,1,37,0.006145954,0,29,0.08283186
6054678,107,84,1,23,0.003191471,0,1,0.001021147
9123621,32,64,1,5,0.000506639,1,4,0.000540257
9044608,69,81,0,13,0.001943111,0,12,0.02419734
7199778,119,34,1,17,0.001598835,1,17,0.013210773
4497644,126,104,1,229,0.056221962,0,13,0.450319767
112746,110,51,1,32,0.003695488,1,30,0.056738377
1116812,38,40,1,5,0.000519037,1,5,0.000872135
9987551,74,66,1,82,0.01210022,1,35,0.083348036
6150237,82,46,1,22,0.002811432,1,19,0.006670237
3308279,117,104,1,97,0.02446413,0,46,1.332141161
3972806,128,34,1,31,0.003863335,1,23,0.028834581
7112342,115,101,1,42,0.009002924,1,37,0.143603802
4549396,66,83,1,32,0.004821062,1,32,0.076480389
9640461,41,125,1,21,0.002541304,1,21,0.018761396
1524589,91,61,1,75,0.012130737,0,22,0.099555731
9144467,75,52,1,17,0.001870394,1,17,0.014964342
9728396,126,69,1,93,0.016990423,0,31,0.383650541
7045564,81,82,1,38,0.005657434,1,38,0.065427303
4971449,52,124,1,69,0.00969243,0,60,0.635975838
8955856,58,82,1,36,0.004568338,1,34,0.045116425
1847362,77,86,1,23,0.003447533,1,23,0.014674664
2256313,45,105,1,40,0.009628534,1,33,0.060684919
4265592,38,97,1,6,0.001067162,1,6,0.001533508
4116536,97,78,1,96,0.01898694,0,3,0.042160988
9608454,33,52,1,31,0.00363946,1,31,0.043423414
7086069,102,87,0,147,0.028774261,0,83,1.309130907
1029604,68,96,1,25,0.004066944,1,25,0.038839579
9241159,89,121,1,55,0.009343863,1,41,0.050256968
7035325,97,42,1,95,0.013468504,1,84,0.439130306
7236258,93,32,1,44,0.00523138,1,44,0.073609591
5571439,117,72,1,47,0.008508205,0,9,0.038268805
7145098,74,42,1,26,0.003074884,0,12,0.049950361
5023254,95,85,1,18,0.003572464,0,2,0.00149107
1111772,38,62,1,39,0.004465818,0,17,0.05207181
4508184,62,48,1,14,0.001819849,1,14,0.010365963
1650025,88,88,1,49,0.008575678,0,37,0.22007823
6158565,55,125,1,40,0.005125761,1,40,0.155174017
7061084,127,51,0,16,0.001997232,1,20,0.008612394
8498183,115,96,1,74,0.017554522,0,13,0.221179962
3335872,40,91,1,18,0.002295256,1,18,0.012037039
2971425,53,43,1,29,0.00380969,1,29,0.039950371
5800364,97,32,1,54,0.006106377,1,52,0.062186718
3210582,50,45,1,4,0.000569105,1,4,0.000448465
3901390,40,90,1,92,0.010300159,0,4,0.04387784
2902247,46,77,1,19,0.002341509,1,19,0.014684677
2632201,76,58,1,18,0.002594948,1,18,0.016418219
7524109,87,53,1,33,0.0046556,1,33,0.078756332
1104467,67,90,1,28,0.00500083,0,7,0.034896374
5530585,33,121,1,28,0.002982616,1,28,0.045338869
5414452,106,41,1,64,0.008823395,1,64,0.701927662
5967648,106,63,1,31,0.005289316,0,8,0.029289961
8101187,128,67,1,64,0.009731293,0,4,0.051938057
5165796,88,127,1,36,0.006044626,1,36,0.058897495
7440037,116,55,1,9,0.001458883,1,9,0.002848625
3087609,112,52,1,11,0.001344442,1,11,0.004933357
5146355,66,49,1,21,0.002858162,0,3,0.002931833
3578858,106,39,1,29,0.003271341,1,29,0.052315235
507750,43,83,0,2,0.000250101,1,12,0.003916979
4175418,93,68,0,300,0.046522141,1,86,0.661455631
7266856,38,82,1,26,0.003564119,1,23,0.030907154
2223039,106,92,1,6,0.001101255,1,6,0.001173258
4203037,58,72,1,31,0.005268812,1,31,0.041120529
751978,79,61,1,28,0.004733324,1,26,0.046279192
2804066,90,47,0,0,0,0,0,1.19E-06
69819,127,33,1,38,0.004037857,1,38,0.07097888
4248084,72,99,1,44,0.012734413,1,49,0.195191145
3363302,110,79,1,47,0.009581089,1,46,0.275586128
2127515,51,76,0,15,0.002840519,0,12,0.011383057
180286,48,40,1,25,0.00329423,1,25,0.019233942
2684756,110,51,1,41,0.006077528,1,26,0.042643309
7242643,35,63,1,46,0.005194426,1,30,0.077629328
9838632,66,44,1,8,0.001157284,1,8,0.002087831
7130894,126,70,1,27,0.00397706,1,27,0.05565691
2137175,85,65,1,215,0.033277035,1,49,0.237756252
8951065,65,122,1,77,0.011998177,0,25,0.192930698
2637516,52,122,1,64,0.008718729,0,51,0.125639677
8948526,34,46,0,1,0.000167131,0,2,0.001218081
965500,89,33,1,27,0.003384352,1,27,0.036233664
1027509,69,108,1,44,0.008006096,0,5,0.017905712
2580687,89,98,1,49,0.008071899,0,26,0.064410686
5826791,101,126,1,175,0.047213554,1,87,0.705702305
765729,124,73,1,47,0.009386778,0,3,0.013624668
7020213,119,90,1,152,0.03456521,0,49,4.347694159
3331105,120,123,1,69,0.014975309,0,15,0.030403852
5650216,120,60,1,86,0.012158871,0,11,0.290599823
1758324,115,47,1,14,0.001441956,1,14,0.006207466
4311877,36,52,1,13,0.001726151,1,9,0.002277136
9421051,104,115,1,48,0.011958122,1,51,0.216860533
2088455,70,51,1,17,0.002066612,1,17,0.01510334
9356179,116,101,1,24,0.004423857,1,23,0.027341127
8794502,46,63,1,7,0.000781775,1,7,0.00156188
3776944,33,72,1,35,0.003813744,0,31,0.058643341
3738294,90,52,1,17,0.002226114,1,17,0.010007858
4049281,53,93,1,60,0.007525444,1,57,0.148153782
1913057,35,56,1,48,0.005331039,1,34,0.069733143
1743008,48,104,1,9,0.00124836,1,9,0.003172874
4900129,67,35,1,20,0.002331734,1,16,0.011057615
2341671,110,49,1,36,0.004039526,1,34,0.069366932
4624749,102,117,1,230,0.053853035,0,41,0.469521046
4474698,43,47,1,10,0.001490355,1,10,0.003482103
348930,68,35,1,38,0.00433588,0,25,0.069674492
2646780,98,119,1,28,0.006440163,1,19,0.016843796
7757484,106,57,1,104,0.016517401,0,29,0.582840443
7462391,69,126,1,58,0.008808851,1,54,0.078465462
447977,102,62,1,84,0.011927128,1,75,0.738561869
3027016,101,128,1,102,0.018604517,0,37,0.651869297
8251128,36,112,0,300,0.030795336,0,48,0.578321695
2383944,54,104,1,44,0.005069017,1,44,0.07431078
3188504,94,46,1,40,0.005257607,1,27,0.023112297
9634768,124,35,1,105,0.011273146,0,28,0.077499628
9460709,85,88,1,8,0.001440763,1,8,0.002398491
1118913,118,90,1,250,0.043972969,0,34,0.330295563
6163625,115,62,1,44,0.006322622,0,8,0.022089481
6992438,118,66,1,41,0.006086349,1,29,0.083282948
5538810,64,56,1,24,0.002676249,1,24,0.014049768
3923575,74,111,1,22,0.003934622,1,18,0.016189814
8345536,116,42,1,20,0.002517939,1,20,0.016604662
5874609,97,72,1,21,0.003916264,1,20,0.011697531
2388259,70,71,1,68,0.010954618,1,48,0.203618526
4654785,92,51,1,20,0.002571583,1,20,0.022425413
3953490,96,40,1,52,0.006064177,1,50,0.34674859
3020341,90,120,0,66,0.014025688,0,13,0.17184782
2956977,75,41,1,14,0.001611948,1,14,0.009619713
9667339,86,52,1,50,0.005739212,1,50,0.204181671
6291178,93,37,1,70,0.00848341,1,70,0.572767973
2731836,81,121,0,0,1.19E-06,0,0,0
8046161,85,110,1,75,0.012909889,1,75,1.262498617
8034108,117,76,1,15,0.002403021,1,15,0.010590553
8608429,49,89,1,46,0.006327629,1,46,0.250929594
6493040,32,121,1,49,0.00528717,1,29,0.066488266
3693821,34,43,1,10,0.001106262,1,10,0.003594637
92922,37,126,1,72,0.008861542,1,66,0.258221149
5662951,83,34,1,5,0.000504732,1,5,0.00074625
6074149,34,94,1,40,0.005101442,0,17,0.095907927
5628839,87,104,1,89,0.017516136,0,14,0.321056366
5337198,38,128,1,86,0.010494471,1,75,1.050590992
9595455,59,71,1,29,0.003497362,0,27,0.097818851
216936,84,33,1,24,0.00275588,1,24,0.019221306
2164916,112,41,1,18,0.002076387,1,18,0.010801554
6551194,77,121,1,77,0.012442589,0,24,0.646289587
1695298,58,67,1,46,0.0102005,0,9,0.060769081
6357657,32,38,0,7,0.000905275,0,5,0.004055977
8938790,54,52,1,15,0.002430677,1,9,0.001834631
576851,63,45,1,19,0.002251148,1,16,0.008559704
1884377,34,119,1,16,0.001775026,1,16,0.012876511
3707116,118,61,1,30,0.004320383,0,9,0.02307415
3540931,88,102,1,65,0.010727882,0,41,0.135711193
3882830,87,90,1,93,0.019937277,0,33,1.075465202
475374,73,114,1,125,0.018292427,1,87,1.390174389
4298951,59,98,1,16,0.002560854,1,15,0.00696516
1822833,89,98,1,17,0.002810717,1,17,0.009609222
2491214,78,67,1,40,0.006083727,0,11,0.109564304
852716,71,124,1,32,0.005008221,1,32,0.029711008
6411768,107,40,1,57,0.006548882,1,55,0.43614912
3117799,118,77,1,38,0.005670547,1,38,0.140188456
2661641,54,64,1,46,0.00556922,1,42,0.099223852
3454246,65,96,1,110,0.017255068,1,44,0.0972929
9373884,91,123,1,71,0.01255393,0,17,0.259853363
9547705,38,67,1,22,0.002408504,1,22,0.021051407
4210681,111,56,1,22,0.002682447,0,7,0.014316797
6068228,124,48,1,23,0.002487183,1,23,0.010905504
7497730,118,62,1,30,0.013770103,1,30,0.076753855
7180849,47,90,1,12,0.001987934,1,12,0.004974365
1903791,90,50,1,38,0.007481575,1,32,0.049536943
1065649,74,68,0,27,0.00552845,0,32,0.127703428
6308146,99,73,1,178,0.031624556,0,30,0.110747576
6294679,98,124,1,50,0.011110067,0,26,0.129076481
974379,61,106,1,22,0.003362894,1,22,0.029420853
955930,48,87,1,53,0.007772684,0,42,0.151262045
7325096,59,123,1,30,0.004693508,1,30,0.041260958
8215860,104,93,1,131,0.024703503,0,32,0.420477629
6668992,98,91,1,29,0.005875587,1,29,0.043338299
9352184,72,49,1,34,0.004302502,0,28,0.056883097
6047123,35,121,1,64,0.007726192,1,64,0.647687435
4700343,106,91,1,63,0.012846231,1,55,0.302966118
4266037,126,71,1,44,0.006377935,1,44,0.072426319
4916237,68,69,0,44,0.00954318,0,25,0.146508932
955835,115,61,0,47,0.007184982,0,12,0.186751366
2311911,118,122,1,191,0.050215244,1,81,1.372246265
4658076,41,42,1,17,0.00228858,0,12,0.009032011
1566185,36,49,1,17,0.002042532,1,17,0.008998394
5317761,60,33,1,9,0.001035213,1,9,0.002526999
7662454,88,117,1,65,0.01262641,1,65,0.283806562
7335678,57,44,1,9,0.001120806,1,9,0.003259897
7461770,54,91,0,31,0.004144907,0,34,0.043810606
6647330,99,50,1,22,0.002533197,0,14,0.010418892
2093913,119,98,1,28,0.006630898,0,18,0.041924953
9638050,100,104,1,32,0.007492781,0,23,0.056433678
9936245,114,34,1,46,0.005250216,1,44,0.18891716
1010433,59,123,1,33,0.003955841,0,31,0.030081749
1900354,54,35,1,7,0.000669718,1,7,0.001512527
1497400,96,115,1,54,0.010300398,1,47,0.1500144
7727531,86,38,1,16,0.001955509,1,8,0.001626015
4836328,67,110,1,21,0.003231049,0,10,0.010941982
4868662,54,45,1,47,0.006247282,1,38,0.103320837
2183097,37,32,1,15,0.001821995,1,14,0.007933378
5256642,85,84,0,300,0.048080921,1,77,1.227632999
7389155,48,76,1,54,0.009414196,1,44,0.08561039
9032515,77,76,1,43,0.007033587,0,6,0.027301311
5536482,127,128,1,97,0.030954123,0,25,0.234930992
432186,93,96,1,125,0.021390438,1,45,0.126500607
4378440,112,58,1,51,0.006983042,1,54,0.3617661
8455391,62,77,1,26,0.00422287,1,26,0.053639889
9716770,111,78,1,27,0.003495216,1,27,0.040041685
1767856,93,81,1,38,0.007744551,1,33,0.046789169
605046,93,79,1,38,0.006973743,0,21,0.094902515
393666,110,69,1,21,0.003233671,1,21,0.009803534
3222955,107,100,0,36,0.007343531,1,35,0.096822262
8606301,54,71,0,0,9.54E-07,0,0,0
3824919,119,86,1,60,0.008101225,0,1,0.004279613
6308752,40,114,1,26,0.00280261,1,26,0.026045322
8860886,100,96,1,65,0.013101339,0,13,0.097906113
2748844,53,46,1,9,0.001198292,1,9,0.002045393
6500908,83,107,1,67,0.010005951,1,59,0.55775094
1403089,62,99,1,34,0.004954576,1,34,0.045433521
2700112,124,85,1,46,0.006803751,1,48,0.163859367
5192252,122,77,1,100,0.01660037,1,100,1.353021383
7441412,67,43,1,17,0.002245903,1,15,0.005120993
6159337,71,119,1,42,0.006842613,1,40,0.162020922
2899182,116,91,1,71,0.013709545,0,39,0.440841913
1573608,105,76,1,14,0.002357721,1,14,0.009357691
572019,82,76,1,74,0.010433435,1,46,0.119265795
2178210,85,44,1,23,0.002555847,1,23,0.019023418
3482572,48,121,1,32,0.003871202,0,9,0.012611628
3678910,58,126,1,19,0.003171921,1,20,0.019094706
5545314,86,78,1,20,0.003344536,0,12,0.02016902
3561048,112,85,1,82,0.016693115,0,58,0.519756317
261136,54,36,1,51,0.006854534,1,45,0.176078081
1515824,123,35,1,62,0.007013083,0,27,0.101412535
9429861,115,104,0,144,0.031337976,1,75,0.373836756
9273253,79,81,1,50,0.008177996,0,6,0.080801725
2851337,38,73,1,20,0.002146006,0,8,0.005796909
7121300,65,108,1,196,0.028445721,0,15,0.412992001
563146,42,84,1,46,0.005376816,0,23,0.141720295
9330780,101,88,0,73,0.012250185,0,12,0.060932398
3691493,41,81,0,45,0.005356073,1,40,0.125696421
6833283,67,124,1,31,0.004933596,1,31,0.080169439
8833449,51,109,1,59,0.007811785,0,3,0.069759846
3100510,81,35,0,46,0.008513927,0,43,0.112968922
3919771,113,122,1,212,0.042062521,0,20,1.1632514
1978936,36,68,1,11,0.001372576,1,11,0.004871845
451595,92,100,1,122,0.027403593,0,18,0.764537573
8708605,94,128,0,33,0.007404804,0,32,0.133580208
8367304,44,41,0,0,0,0,0,0
2681832,64,119,1,43,0.006304264,0,1,0.005017042
8042752,103,61,1,36,0.005767584,0,9,0.068410397
9952229,121,57,1,34,0.004038334,1,34,0.039944887
1284014,60,82,1,63,0.011673212,0,34,0.173330307
2430853,79,43,1,45,0.006411076,1,40,0.047780037
7432484,59,109,1,85,0.018493176,1,81,1.292099714
3561752,117,89,1,144,0.030118227,0,32,1.589245319
4666265,122,41,1,14,0.001604557,1,14,0.009953499
4008698,70,77,1,17,0.002193451,1,17,0.009553671
2422691,67,111,1,71,0.01239872,0,34,0.578567982
6217436,102,40,1,37,0.003779888,1,37,0.090427876
5146073,42,56,1,20,0.002186298,1,20,0.01833415
910354,95,74,1,16,0.002300024,0,10,0.006996155
7179872,85,118,0,0,1.19E-06,0,0,0
3125885,67,105,1,15,0.002406359,1,15,0.007085323
4091789,59,100,1,6,0.000833511,1,6,0.000918388
5245263,90,41,0,6,0.032335997,1,9,0.004572392
8230746,41,119,0,4,0.00075078,0,6,0.002576828
8643781,57,35,1,9,0.000841141,1,9,0.001703739
4753369,96,109,1,5,0.001064062,1,5,0.000764847
1212232,67,87,1,148,0.0197649,0,19,0.085065603
114360,104,92,1,81,0.016226053,0,5,0.031990051
2668389,56,47,1,37,0.004307032,1,37,0.062707901
6188263,119,104,1,22,0.005080938,1,21,0.020591259
9912595,91,117,0,300,0.046477795,0,23,0.800219059
9414234,36,127,1,32,0.003630638,1,32,0.045397043
2167540,125,84,1,51,0.009918213,1,65,0.416404724
2761216,120,125,1,75,0.02229023,0,8,0.090503931
8780463,70,62,0,0,0,0,0,9.54E-07
5841255,93,42,1,28,0.003492832,1,28,0.055749655
5136806,46,112,1,14,0.001706839,1,14,0.010453701
3190505,65,34,1,33,0.004093885,0,11,0.049409866
9360903,35,60,1,31,0.003327608,1,23,0.018684864
4270863,45,59,1,16,0.001994133,0,6,0.006490707
6533100,89,75,1,56,0.010769606,0,24,0.129283905
4697423,107,102,1,77,0.018129349,0,25,0.095613718
7903890,116,93,1,55,0.010873556,0,44,0.320899725
5680290,86,112,1,29,0.004165888,1,29,0.033041716
851312,118,53,1,43,0.005598545,1,45,0.232562542
8292971,90,115,1,72,0.015080214,0,7,0.014823198
7421619,62,109,1,2,0.000259161,1,2,0.000155926
6971521,78,86,1,69,0.010970354,0,19,0.225468397
2992735,78,72,0,39,0.008238316,0,27,0.149387121
1254485,85,40,1,8,0.000912428,0,5,0.001886368
5891822,127,127,0,300,0.089377642,0,7,0.709126949
1631314,56,62,1,57,0.00838089,1,56,0.221173763
1007289,115,33,1,79,0.01147747,0,36,0.504929543
3774189,77,36,1,55,0.008211613,1,55,0.510194778
7240680,38,96,1,33,0.004103184,1,33,0.031984806
8724686,96,47,1,23,0.003059864,1,20,0.014153242
6712168,58,98,1,54,0.006835461,1,42,0.110055447
6718422,33,92,1,14,0.001693726,1,14,0.008593798
1503504,64,95,1,51,0.006847382,1,52,0.142382145
1746184,47,102,1,39,0.004519224,1,39,0.169470549
3994694,40,74,0,1,0.000143051,0,1,0.000841379
312678,119,54,1,80,0.012835026,1,73,0.699898005
7613067,45,37,1,26,0.002843142,1,26,0.03311801
9903551,100,106,1,126,0.031795502,0,16,0.586525202
9373129,58,39,1,41,0.005525589,0,10,0.024534225
7043579,108,63,1,125,0.026461124,1,96,2.462658882
8673181,44,40,1,28,0.003375769,1,30,0.065680265
7952134,119,56,1,16,0.001762152,1,16,0.008201361
516785,78,114,1,9,0.001687288,1,9,0.003067493
3788538,45,76,1,35,0.00486064,1,28,0.064787149
6819030,34,74,1,23,0.002690077,1,23,0.022114277
3625883,81,122,1,108,0.020836115,0,7,0.114990711
7566627,55,128,1,79,0.012452126,1,66,0.715810299
9096584,53,60,1,28,0.004327297,1,28,0.026908398
7334425,32,118,1,67,0.007655859,0,39,0.230225325
3350800,56,57,1,41,0.00692606,1,40,0.155283928
5006867,56,103,1,52,0.00846529,0,5,0.00632143
2801594,53,39,1,43,0.004498959,0,29,0.194207191
4777940,68,92,1,44,0.005655527,1,44,0.232575178
6713433,111,59,1,2,0.00030303,1,2,0.000158072
8360219,59,52,1,17,0.002569675,1,16,0.013239384
4636269,64,72,1,22,0.00346899,1,22,0.017298222
6715492,83,37,1,15,0.001923084,1,15,0.011949778
9611990,65,101,1,113,0.016371965,1,85,0.322101593
271672,70,84,1,21,0.003244877,1,21,0.0206182
9252039,123,34,1,104,0.013808489,1,76,1.026110411
4393876,80,100,1,41,0.008486509,1,41,0.216942549
2350672,76,36,1,38,0.004401445,1,38,0.113368034
2234632,54,40,1,4,0.000500202,1,4,0.000466108
6433857,63,76,1,33,0.004486322,0,5,0.035751581
7843101,62,115,1,30,0.003969193,1,30,0.044867754
2020525,70,112,1,115,0.016624451,0,24,0.61568737
4193417,101,120,0,35,0.006840467,0,26,0.097509861
3723740,35,117,1,18,0.001931429,1,18,0.016752005
6049402,51,37,1,52,0.006081343,0,11,0.037103415
8860204,94,84,1,106,0.02075243,0,36,0.203791618
5960874,126,90,1,27,0.006706238,1,23,0.030720949
8354296,42,86,1,40,0.004621267,1,40,0.081508875
2884681,112,40,1,12,0.001531839,1,12,0.003608227
9071654,33,121,1,104,0.011205435,1,100,0.98033309
688459,41,71,1,65,0.010808706,0,15,0.289182186
578546,101,70,1,60,0.011350393,0,37,0.42937541
5495445,72,78,1,11,0.001773357,1,11,0.004489422
9129523,93,32,1,14,0.001414776,1,14,0.009334803
712857,54,80,1,42,0.005302906,1,42,0.175152063
7874314,104,64,0,78,0.015723944,1,68,0.999043941
3243192,62,43,1,25,0.003965616,1,27,0.037450075
9747730,79,49,1,48,0.006579638,1,31,0.03404212
1995227,76,107,1,50,0.009569168,1,28,0.020941734
4299124,89,119,1,35,0.00830102,0,27,0.096753359
9182372,58,99,0,13,0.002012253,0,14,0.007816553
381840,98,83,1,17,0.003936291,1,17,0.010632515
2523254,58,33,1,3,0.000393152,1,3,0.000297785
6592733,67,128,1,7,0.001178503,1,7,0.001680136
318694,84,61,1,115,0.018272638,1,59,0.16596365
2744597,81,64,1,26,0.004307747,1,26,0.032013178
6751413,102,66,1,50,0.008953571,0,7,0.093547583
5625281,102,79,1,81,0.012332439,0,1,0.036123276
5594017,95,72,1,50,0.007525682,1,36,0.034139872
6957504,52,122,1,28,0.003069878,1,28,0.039162874
9946211,58,98,1,38,0.005270958,1,38,0.06390357
9864431,59,127,1,62,0.011124849,1,62,0.141545773
1094010,104,55,1,88,0.017552137,0,57,0.996080875
1625761,125,40,1,95,0.015439749,0,86,2.212806225
6343840,114,113,1,140,0.033742189,1,87,1.501590014
3403108,38,128,0,98,0.012986898,1,98,0.814718008
968714,55,73,1,78,0.012326002,0,37,0.145183325
8488953,57,70,1,16,0.001928568,1,16,0.01283741
1203017,92,52,1,17,0.002344847,1,17,0.012366056
6806651,111,97,1,92,0.020842552,0,51,1.270783424
2309890,124,35,1,33,0.004059553,1,23,0.026880741
5846622,117,84,1,96,0.01669836,0,7,0.066198349
2165226,65,98,1,57,0.009599924,0,4,0.034503937
3281154,91,114,1,41,0.011992931,1,41,0.220450163
2061769,44,49,1,62,0.007385731,0,4,0.020501375
5293795,51,100,0,300,0.029821396,0,29,0.207877874
3609232,82,96,1,94,0.014403105,0,14,0.313499928
4194952,48,98,1,71,0.009091616,1,71,0.215449333
3028014,48,77,1,12,0.001357079,1,12,0.004093647
2217978,32,118,1,97,0.011198521,0,20,0.076165199
1340955,121,73,1,30,0.004239559,1,29,0.056897879
814698,34,52,1,17,0.002093077,1,17,0.01312232
7276641,72,32,1,87,0.009670258,0,7,0.214924812
1070791,92,63,1,54,0.007478714,1,34,0.120746136
7299451,127,71,1,28,0.005005836,0,9,0.016828537
189798,94,51,1,8,0.001109123,1,8,0.0026021
9801494,81,94,1,209,0.03338933,0,61,0.542810917
4673930,81,125,1,104,0.023031473,1,48,0.240554333
7870292,39,67,1,19,0.002155781,1,19,0.022120953
7880493,73,74,1,33,0.004378796,1,32,0.074137211
9814265,106,45,1,96,0.013455391,1,90,1.957815409
8081899,60,115,1,53,0.007761717,1,51,0.108788967
6045350,42,53,1,28,0.002981901,1,28,0.070219517
1000987,102,37,1,190,0.023356438,1,76,0.33044219
223953,101,77,1,104,0.020535469,0,51,0.652852058
5614983,44,92,1,7,0.00085187,1,7,0.00158453
2465215,64,56,1,83,0.011422873,0,2,0.034022808
3896816,123,71,1,87,0.015780449,0,47,0.293936968
722986,64,40,1,27,0.003436565,1,27,0.01307869
6919143,107,46,1,112,0.014997005,0,47,1.13076067
8083308,85,42,1,19,0.002277136,1,15,0.004304171
999099,109,96,1,21,0.003446341,1,17,0.017014265
573147,75,84,0,208,0.032618284,0,33,0.928425312
7854219,116,122,1,66,0.014799595,1,62,0.128418922
380209,96,33,1,75,0.008060217,1,51,0.13065362
459301,90,120,1,114,0.026113987,0,13,0.978250265
6669130,92,40,1,18,0.002418995,0,9,0.018387556
1729147,104,78,1,44,0.007223606,0,2,0.02819705
684936,127,47,0,27,0.002979517,0,23,0.060784101
2296236,40,78,1,11,0.001253843,1,11,0.005226135
8705433,115,109,1,21,0.004280329,1,21,0.016228437
5928531,116,51,1,153,0.016049862,0,12,0.084251642
3171579,36,62,1,51,0.006212711,0,6,0.023276567
6955977,98,40,1,68,0.007136345,0,22,0.59705019
74762,105,101,1,42,0.024435997,1,34,0.029566526
1052449,110,76,1,57,0.009695768,0,19,0.308436394
217482,101,121,1,71,0.01315999,0,1,0.02061677
368985,64,91,1,55,0.008874416,1,47,0.199515104
222299,99,86,1,80,0.015535831,0,12,0.09084487
3308782,39,42,1,8,0.000824928,1,8,0.00174737
7111745,113,75,1,9,0.00156951,1,9,0.002820969
9841539,57,79,1,11,0.001316309,1,11,0.00486517
9856049,96,91,1,47,0.008413315,1,46,0.162795544
3652355,84,102,1,95,0.023553133,0,85,1.563095808
4443171,94,98,1,16,0.002736807,1,16,0.007096767
4303803,76,33,1,5,0.000507355,1,5,0.000929117
1656203,78,113,1,42,0.008148193,1,20,0.011803865
2455147,65,33,1,16,0.001831532,1,16,0.004867792
4852752,68,40,1,15,0.001914501,1,15,0.008760452
6225881,99,102,1,25,0.007801771,1,25,0.061083555
4656069,84,32,1,22,0.002521992,1,22,0.02138257
3326056,65,118,1,181,0.027477026,0,85,2.124085188
3103517,101,39,1,31,0.00367856,0,4,0.01248312
6519360,117,90,1,107,0.022885561,1,94,1.971442461
3823537,47,119,1,16,0.001940727,1,16,0.00640583
6549055,37,75,1,4,0.000479937,1,4,0.000616789
5493367,96,61,1,8,0.000945568,1,8,0.002220869
5127517,109,65,1,61,0.008065939,0,33,0.136813879
6688570,45,120,1,69,0.010334492,1,69,0.971734762
3587770,97,121,1,180,0.041749954,0,13,0.327689171
4267723,125,86,1,60,0.009521961,0,28,0.399079561
160605,116,76,1,82,0.013647795,0,29,0.996713877
8943484,54,121,1,9,0.001094103,1,9,0.001685381
1386992,38,36,1,18,0.002170086,1,9,0.002870321
3343607,119,67,1,53,0.008460045,1,41,0.13086915
4994469,97,96,0,81,0.013847113,0,62,0.475054264
1161850,47,88,1,16,0.001691103,1,16,0.009603739
5376183,53,39,1,31,0.00421524,1,31,0.069275141
666575,128,37,1,28,0.003021717,1,28,0.021192551
9981503,44,36,1,16,0.00201416,1,16,0.010065794
7101300,49,74,1,92,0.012622833,1,62,0.133669376
5994063,112,63,1,56,0.008609772,1,56,0.121223688
4457193,106,122,1,38,0.010575056,1,20,0.0204041
8248142,76,55,1,23,0.003222466,1,12,0.006403923
3212469,109,122,1,16,0.002808571,1,16,0.008548737
7614228,72,103,1,28,0.005060911,0,6,0.020430326
3536765,46,34,1,29,0.003578186,1,30,0.047519207
8378207,82,34,1,12,0.00165081,1,2,0.00017786
3320363,103,40,1,33,0.003752232,1,33,0.06435132
947342,88,57,1,46,0.006417036,1,49,0.114627123
7289078,76,120,1,125,0.018606424,0,1,0.01596427
3923161,107,109,0,0,7.15E-07,0,0,0
5848904,71,56,1,15,0.002453566,1,15,0.00732708
2246365,91,64,1,52,0.008000612,1,48,0.271639824
9606896,73,117,1,91,0.013915539,0,40,1.117660999
3870566,104,64,1,11,0.001456499,1,9,0.002227783
1361165,32,97,1,103,0.01146245,1,95,0.278195381
9013723,50,37,1,20,0.002313375,1,17,0.013832331
9977729,109,46,1,40,0.005119085,1,44,0.170529366
9900569,121,83,1,90,0.014434099,1,82,0.689123869
6287611,108,108,1,166,0.03862071,0,14,0.578348398
654000,97,118,1,234,0.04997611,1,98,0.600519419
563275,113,58,1,30,0.004104137,1,30,0.041649342
7974452,95,110,1,84,0.016634703,0,20,0.14313364
7940602,48,98,1,24,0.002721786,1,24,0.027742386
9854818,61,93,1,24,0.003008842,1,24,0.025792837
8938270,82,118,1,85,0.014446497,1,74,0.8306036
7862645,70,60,1,12,0.00155282,1,12,0.006518841
8902266,90,102,1,88,0.014280796,0,19,0.770314455
183712,64,78,1,25,0.004022837,1,20,0.01765728
1045718,45,56,0,16,0.00199461,0,15,0.020424366
5477003,84,57,1,11,0.002081633,0,7,0.001822233
7881325,99,39,1,13,0.001612663,1,13,0.004802227
936188,106,118,1,124,0.037056684,1,105,2.366689205
7673252,105,72,1,32,0.005898237,1,22,0.027916908
8718192,115,53,1,19,0.002443075,1,19,0.018442631
9449622,98,52,1,44,0.006819487,1,38,0.088494778
4821568,87,118,1,33,0.007915974,0,14,0.08839941
1552921,44,77,1,69,0.009494781,1,67,0.612984657
2572281,112,54,1,24,0.003241062,0,22,0.029403687
222938,95,70,1,31,0.004003763,1,31,0.067956448
3209260,41,100,1,14,0.001402617,1,14,0.004671812
311361,122,115,0,12,0.003517151,0,8,0.025362015
1293258,113,48,1,127,0.015907526,1,81,0.796815157
6362246,41,38,1,8,0.000941753,1,8,0.002302408
2764223,114,84,1,19,0.00359273,1,19,0.017642021
2414266,116,47,1,39,0.004916191,1,35,0.094829798
7986155,44,47,1,17,0.002461195,1,13,0.005474329
5022353,112,124,1,26,0.005578756,1,26,0.023292303
1997125,68,40,1,51,0.006794691,0,5,0.048283339
1165794,121,93,1,82,0.014753819,0,18,0.300056219
7535385,123,89,1,56,0.011107683,0,16,0.094208002
2856434,82,71,0,67,0.016125202,1,77,1.254840612
3585791,120,112,1,70,0.016208649,1,54,0.161170959
8309634,48,103,1,46,0.006621361,1,46,0.112232924
9244603,80,79,1,21,0.003755093,1,21,0.030851364
8417854,101,41,1,19,0.00246191,1,18,0.019130945
1067974,82,44,0,0,0,0,0,9.54E-07
7099984,69,103,1,58,0.00859499,1,44,0.090792656
5282039,109,38,1,16,0.001847506,1,16,0.008232832
7050486,76,38,1,14,0.001560926,1,14,0.006530762
1471855,50,50,1,62,0.012194395,1,42,0.139206409
5796557,35,79,1,32,0.003774881,1,32,0.085389853
3326702,115,126,1,42,0.011029959,1,42,0.140584946
4428790,99,49,1,16,0.00219965,1,16,0.013098717
5477370,98,90,1,147,0.02541995,1,62,0.449488163
2277402,65,76,1,5,0.000817299,1,5,0.000834703
3056428,111,52,1,36,0.004361153,1,36,0.064048529
9871015,57,39,1,27,0.003034115,1,27,0.018770933
6131671,94,52,1,31,0.004249811,0,10,0.020275354
7090204,58,62,1,30,0.004045963,1,30,0.074842453
7296619,59,122,1,49,0.007472754,0,28,0.179688215
7054683,75,98,1,75,0.013007402,1,50,0.126143217
6753926,68,103,1,31,0.005135059,1,32,0.056266546
8830965,98,37,1,37,0.004328012,1,27,0.058324814
6005787,65,77,1,90,0.015526056,1,52,0.313131094
9431144,48,77,1,47,0.005304575,1,41,0.070063829
8038686,40,96,1,30,0.003997564,1,30,0.069229364
3205397,112,95,1,38,0.005690813,1,32,0.027599096
13463,89,115,0,300,0.060052395,0,60,0.68463707
9631188,51,55,0,0,0,0,0,0
6622423,55,49,1,42,0.005911112,0,1,0.001538277
150681,121,122,1,98,0.020733833,0,6,0.025902033
9182165,40,36,1,45,0.005844355,0,2,0.008603811
1025517,42,55,1,54,0.006427288,0,5,0.051792383
691538,73,36,1,15,0.001796961,0,4,0.004918814
8751658,40,107,1,8,0.000935316,1,8,0.002001524
8752830,92,93,1,80,0.014611959,0,4,0.034284353
763409,100,79,1,23,0.003068924,1,23,0.021470308
4186186,36,64,1,15,0.001947641,1,15,0.009762287
4755082,67,112,1,30,0.004774094,1,31,0.066882372
2411033,69,113,1,62,0.008426428,1,62,0.126857519
9031084,85,63,1,207,0.034710169,0,77,0.783078194
5708276,81,109,0,45,0.00908494,0,41,0.13018322
1833808,118,32,1,6,0.000689745,1,6,0.001101017
1215994,112,78,1,55,0.00818181,1,55,0.255762577
5860144,43,92,1,66,0.007685423,1,64,0.269729376
5149856,44,92,1,30,0.004076481,1,32,0.049884081
4130574,127,41,1,29,0.00377059,0,22,0.028665543
8906182,81,98,1,18,0.004413843,1,18,0.018179178
9366978,107,58,1,11,0.001982212,0,1,0.000509977
3340039,111,52,1,23,0.004230261,1,23,0.011371136
7768514,41,37,1,16,0.002051115,1,16,0.013278008
7564367,63,69,1,54,0.007954836,0,34,0.193097115
6808601,127,89,1,45,0.00740099,1,45,0.169341564
3755557,110,89,1,99,0.01710391,0,3,0.215478182
7117656,100,86,1,18,0.002769232,1,18,0.02084589
459846,102,76,1,37,0.005114079,0,27,0.044959545
6121856,42,88,1,58,0.007615805,1,58,0.259126663
2019040,44,38,1,23,0.002970219,0,13,0.010847569
4594939,43,110,1,88,0.009671211,0,53,0.170333624
6392303,59,99,1,44,0.006634474,1,38,0.073604822
8193202,77,33,0,42,0.004724741,1,43,0.12477541
5538006,50,32,1,8,0.000827789,1,8,0.001725435
3946289,67,48,1,17,0.002101421,1,17,0.015962124
8571010,124,112,1,24,0.006121397,0,17,0.019288301
9741705,64,68,1,62,0.012901306,0,50,0.503585815
685283,100,75,1,40,0.00691247,1,26,0.042283773
9919618,59,44,1,38,0.00530076,1,27,0.035833836
4306356,98,97,1,24,0.005113363,1,24,0.021321774
4285999,52,42,1,30,0.003799677,1,30,0.053710699
3585493,118,38,1,13,0.00152564,1,13,0.005295038
5948060,120,120,0,275,0.066102505,0,28,1.533133984
8610860,52,113,1,29,0.003460884,1,29,0.041256189
2984598,93,73,1,101,0.018098831,0,73,1.111580849
601240,119,84,1,7,0.00144887,1,7,0.001779556
371544,102,118,1,83,0.021823645,0,10,0.085559368
9375904,55,92,1,82,0.011460781,0,4,0.086455345
2032691,114,77,1,56,0.01056695,1,57,0.270114183
9265622,36,121,1,79,0.009275913,1,77,0.199659348
7116926,84,108,1,14,0.002481699,1,14,0.007116795
9623700,81,98,1,43,0.008558035,0,3,0.024867058
954558,66,92,1,74,0.010155916,0,26,0.319093466
8473360,93,101,0,48,0.008941412,0,52,0.404659986
1538120,57,81,1,63,0.007872581,1,35,0.034723759
5051683,52,96,1,17,0.002089024,1,17,0.01062727
9583196,128,94,1,124,0.024977684,0,37,2.998125553
4098207,62,105,1,83,0.010765314,1,44,0.088067055
8213420,32,75,1,17,0.001964331,1,17,0.013084412
5500495,106,108,1,81,0.019554853,0,7,0.106707811
5187907,72,41,1,56,0.006788969,1,32,0.062494993
7741833,123,106,1,77,0.017886162,0,31,0.653961897
8032761,45,51,1,27,0.003875494,0,5,0.019328833
333789,99,39,1,64,0.006611347,0,10,0.190501213
6970400,108,98,1,98,0.017449141,1,48,0.146309137
656131,56,63,0,64,0.009509325,0,21,0.205950022
5057985,125,43,1,15,0.00191021,1,15,0.004236937
3555944,39,80,1,11,0.001219034,1,11,0.004435539
238323,80,49,1,52,0.006768942,0,10,0.076519966
2994311,60,39,1,36,0.003672838,1,34,0.039467573
3612696,81,32,1,76,0.008163214,1,58,0.135984421
6956292,73,62,1,45,0.00672102,1,45,0.201081276
3799758,62,123,1,24,0.003249645,1,24,0.030412197
2287768,32,76,1,28,0.00299716,1,28,0.024262905
4060827,127,53,1,32,0.004106045,1,32,0.043211937
2295265,106,45,1,22,0.002305984,1,22,0.013596058
7529005,74,113,1,35,0.006386995,1,34,0.083120584
2624374,107,88,1,255,0.038524628,0,22,0.117775202
9467097,120,110,1,90,0.022972107,0,1,0.023354053
8046178,81,57,0,85,0.012840748,0,27,0.179111242
3302398,74,40,1,43,0.005048037,0,28,0.197086096
3617071,63,94,1,32,0.004234552,1,33,0.058996916
9721493,91,82,1,47,0.009421349,0,12,0.137760878
2409958,121,102,1,31,0.005078316,1,31,0.040721655
1518122,127,100,1,6,0.000922918,1,6,0.000889063
5113576,75,79,1,60,0.009531498,0,18,0.175321579
2788335,105,56,1,7,0.000991106,1,7,0.001648188
9812429,107,85,1,77,0.013719559,1,70,0.885305166
1359876,127,63,1,106,0.015836477,1,63,0.501538038
7178358,99,93,1,21,0.004148483,0,2,0.006932259
5189323,71,68,1,134,0.020423412,0,18,0.228035212
9238579,54,98,1,85,0.011008739,1,85,0.728458881
6969734,63,94,1,17,0.002644062,1,17,0.005868435
2548823,122,114,1,135,0.030310631,1,83,1.343457937
9759202,121,114,1,161,0.032177448,0,18,0.582605839
6701856,33,119,1,67,0.007949114,1,60,0.195635319
1819042,34,116,1,49,0.005936623,1,49,0.257767677
178465,33,122,1,43,0.004705429,1,43,0.148443699
1156010,118,113,1,56,0.013111353,0,22,0.048730612
600485,65,39,1,68,0.008146286,0,11,0.091297626
2192437,104,84,1,71,0.012760401,0,38,0.489913702
8535936,117,127,0,0,9.54E-07,0,0,0
5503848,111,73,1,61,0.009232521,0,43,0.286170244
4386154,73,108,1,27,0.003756046,1,27,0.04378581
7459800,100,52,1,39,0.004839659,1,39,0.113239527
3787765,73,66,0,0,0,0,0,1.19E-06
476172,65,37,0,18,0.032180309,1,20,0.013423204
6539890,68,63,1,53,0.008232355,1,29,0.053996563
6407642,34,108,1,6,0.000588417,1,6,0.001183033
6757391,71,116,0,0,0,0,0,0
2758885,39,81,1,17,0.001829147,1,17,0.007205725
1612710,85,99,1,36,0.006466866,1,34,0.051580906
9619985,55,119,1,76,0.010645866,0,28,0.99240613
1479,124,64,1,16,0.002079964,1,16,0.007501602
56430,99,110,0,75,0.068450928,0,38,0.54786706
2826330,97,49,0,0,0,0,0,0
4408100,103,46,1,41,0.004733324,1,39,0.079781294
8212849,55,76,0,0,9.54E-07,0,0,0
8812120,49,118,1,59,0.008705139,0,22,0.318352461
9385879,74,124,1,87,0.014336348,0,62,0.937864065
7579681,120,63,1,73,0.010021448,1,77,1.165390015
2306777,71,44,1,22,0.002914906,0,14,0.011461973
233735,64,34,1,33,0.003681183,1,33,0.107662201
2540395,39,79,1,39,0.004985571,1,39,0.110476017
9228516,82,88,1,37,0.006263971,1,37,0.114589214
842088,98,43,1,43,0.005241156,1,27,0.043431997
8319887,78,41,1,72,0.007684946,0,5,0.148891687
2729524,79,33,1,41,0.00482583,1,41,0.133231878
8873307,71,79,1,32,0.005590677,1,32,0.055320263
2554784,112,52,1,47,0.006344557,1,47,0.274087191
903274,46,104,1,83,0.01046443,1,83,0.3662889
8003927,78,113,1,43,0.005881548,1,39,0.04357481
7131178,66,95,1,65,0.009626389,1,55,0.171103716
7820347,35,37,1,21,0.002621651,0,15,0.026719809
3013344,93,80,1,105,0.014515162,1,35,0.047523975
2397944,92,49,1,56,0.008224964,1,55,0.28314209
4988939,35,74,1,9,0.000985146,1,9,0.002439737
1094127,104,85,1,51,0.009809494,0,16,0.262922525
9160233,84,54,1,54,0.007338762,1,52,0.112824917
2544523,88,82,1,38,0.005394936,1,38,0.124345541
7351195,48,68,1,23,0.002824068,1,21,0.012685776
9588319,88,86,1,43,0.008586168,0,28,0.082315445
8110602,107,68,1,70,0.009718895,0,3,0.042892694
9420458,50,49,1,15,0.002055407,0,11,0.008625031
6018228,94,93,1,8,0.001312971,1,8,0.002378941
4131892,89,47,1,21,0.00282979,1,21,0.017314196
2223634,102,96,1,42,0.009461403,1,36,0.097543478
5714463,67,75,1,23,0.004513741,1,23,0.022589684
9514050,54,42,1,39,0.004469633,0,2,0.010666132
241617,41,124,1,60,0.006767035,1,60,0.466685772
5426105,61,37,1,40,0.004566669,0,15,0.076299667
4752139,93,80,1,72,0.010869503,0,21,0.180470467
8905097,80,92,1,36,0.005271196,1,36,0.035725832
7696385,68,78,1,122,0.022134781,1,6,0.001372814
4176060,40,111,1,69,0.010833263,1,79,1.051249027
2141115,104,122,0,136,0.036444664,0,30,1.44514513
3883874,108,63,1,42,0.005726337,0,25,0.050445795
9092893,112,98,1,54,0.00970602,0,43,0.323611021
4599352,54,115,1,12,0.001645088,1,12,0.007257223
8073764,35,47,1,26,0.003068924,1,26,0.055325985
7403216,99,52,1,42,0.005589008,1,42,0.034500599
9943103,105,93,1,62,0.014815331,0,19,0.230798483
2071371,110,108,0,140,0.040550947,0,13,0.164090157
8799698,104,121,1,37,0.008902311,1,37,0.083136797
2079922,64,32,1,31,0.003263712,0,6,0.010368824
6278880,103,62,1,19,0.002340555,1,19,0.01544261
5200936,112,80,1,93,0.017127514,0,7,0.147212505
981498,80,122,1,50,0.008992195,1,32,0.073004246
4172145,37,102,1,62,0.008980036,1,58,0.281913042
9113978,72,126,0,57,0.012902975,0,51,0.290189743
8462636,115,33,1,49,0.005857229,1,49,0.103320837
961229,69,50,1,61,0.009191513,1,55,0.400290728
7179420,46,51,1,31,0.004898548,1,31,0.095748901
1485412,114,124,1,17,0.004758596,0,18,0.016187429
3588453,48,124,1,123,0.015626431,0,61,0.653591156
3081504,74,116,1,40,0.006742716,1,35,0.069488287
1681814,34,43,1,14,0.001712799,1,12,0.006250858
8074376,83,64,1,34,0.004596949,1,34,0.067036867
2968773,104,120,1,47,0.01110673,1,46,0.205095053
6653904,56,115,1,77,0.01117754,1,69,0.935881376
4588480,45,40,1,15,0.00195837,1,15,0.011743069
3279748,45,66,1,36,0.004862785,0,37,0.126724958
3243252,109,66,1,19,0.00285387,1,19,0.018774748
3028131,82,55,1,75,0.009860516,0,39,0.466450453
1064043,86,98,1,43,0.006536007,1,43,0.080483675
7857030,114,43,1,66,0.007936001,0,20,0.102691174
2012115,120,71,1,5,0.000629902,1,5,0.000787735
8375008,61,54,1,35,0.005261183,1,33,0.036227226
5611501,66,115,1,77,0.012687445,0,6,0.050944567
56624,91,71,1,66,0.011248112,1,64,0.493628025
4264448,92,84,1,8,0.001718521,1,8,0.002186775
2985497,93,36,1,43,0.005387068,1,43,0.158502817
9079082,105,57,1,69,0.00868845,1,69,0.428694963
7574969,104,77,1,37,0.007093668,1,26,0.048188448
6738909,118,91,1,27,0.004695654,1,25,0.028340101
759540,98,37,1,10,0.001043081,1,10,0.004081011
7157625,79,61,1,30,0.004562855,0,15,0.013903618
9455638,104,118,1,62,0.014754772,0,16,0.181176662
8066262,117,115,1,81,0.018710136,0,34,0.698607206
5970257,114,126,1,97,0.021260262,0,3,0.028974771
2746965,41,72,1,117,0.014494419,1,61,0.146960497
5914791,113,77,1,75,0.011587858,0,70,1.149210215
6773156,56,69,1,17,0.002288342,1,17,0.009159565
7389301,110,54,1,38,0.005498886,1,40,0.094309807
4714254,90,60,1,182,0.026937246,1,80,0.535716057
9234741,119,66,1,18,0.002975225,1,13,0.007395983
6674070,40,122,1,28,0.003321409,1,30,0.033162594
121241,121,126,1,41,0.011321306,0,22,0.140712738
4331455,64,111,1,41,0.005449533,1,47,0.135621786
7427812,36,57,1,24,0.00274682,1,24,0.023821592
4933054,87,63,1,97,0.015161276,0,48,0.661726952
4102270,126,79,1,72,0.011030674,1,70,0.887984753
3990311,54,98,1,30,0.004446745,1,31,0.069676399
7577449,60,46,1,49,0.005585194,0,29,0.126802921
4382742,33,112,1,56,0.006299734,1,56,0.440791607
4250716,87,89,1,75,0.01301074,0,17,0.280422449
9871420,35,82,1,6,0.000637531,1,6,0.000901461
9739075,55,88,1,55,0.00858593,0,52,0.155476093
3156040,109,81,1,38,0.006521463,1,32,0.030208111
3141142,53,45,1,41,0.005960226,1,40,0.095024347
5564402,41,71,0,0,9.54E-07,0,0,0
21193,49,37,0,0,0,0,0,0
9226364,89,33,1,28,0.002762794,1,29,0.020940304
7834413,60,84,0,0,0,0,0,1.19E-06
7742920,67,97,1,17,0.002399206,0,9,0.010883093
386346,32,72,1,41,0.004460335,1,39,0.069667101
7137612,46,41,1,21,0.002921104,0,18,0.016309738
2302861,35,95,1,33,0.003712416,1,23,0.02831912
7367563,115,35,1,7,0.000677109,1,7,0.001362801
9300612,43,69,1,46,0.00541234,1,46,0.050312757
8869347,77,56,1,76,0.009805441,1,63,0.300446749
8362550,126,39,1,57,0.006115198,1,57,0.42241931
5821882,52,125,1,13,0.001465797,1,13,0.004520655
4819038,105,81,1,69,0.009353876,0,46,0.614116907
7294432,56,98,1,46,0.005377054,1,46,0.202982426
2549941,89,38,1,84,0.010829449,1,78,1.645330191
7956276,80,78,1,47,0.007415056,1,24,0.033554316
4343760,41,38,1,29,0.003556013,0,5,0.009434938
8118469,120,75,1,26,0.004149675,1,26,0.053622246
8465909,36,101,1,30,0.00325036,1,30,0.018825769
4907779,32,55,1,34,0.003534794,1,30,0.053739548
6171852,119,121,1,236,0.061354637,1,115,1.869150639
2987380,77,123,1,24,0.00428009,1,24,0.036942005
7574880,83,61,1,121,0.017092466,0,15,0.152608395
3555842,120,72,1,27,0.004132271,0,4,0.014293194
3042085,105,121,1,110,0.024128914,0,23,0.750385284
8696950,109,107,0,0,0,0,0,0
463657,71,82,1,22,0.003545046,0,2,0.004673958
5697100,83,60,1,22,0.002900839,1,22,0.017410755
5341624,71,83,0,0,0,0,0,0
6102662,58,64,1,59,0.007973194,1,48,0.165681362
2226702,121,53,1,39,0.00511837,1,38,0.039608479
4587914,83,88,1,82,0.01244688,0,37,0.354023933
617908,52,109,1,54,0.007630348,0,24,0.225977421
5112168,54,95,1,30,0.004293919,0,3,0.011850834
2913336,45,37,1,18,0.00225687,0,3,0.0038867
8187777,44,126,1,9,0.001303673,1,9,0.002479553
9726839,55,40,1,44,0.005933285,0,18,0.11781311
7014427,41,44,1,29,0.003745794,0,11,0.015015841
4081142,36,57,1,12,0.001670599,1,12,0.00479722
6991608,92,57,1,22,0.00342226,1,22,0.025940418
1667818,56,118,1,55,0.006742477,0,31,0.380578518
4474448,45,48,1,18,0.003082991,1,11,0.005735874
3982388,81,86,1,25,0.003981829,1,19,0.021775246
4439886,65,57,1,43,0.006824732,0,12,0.027115107
1161560,53,67,1,36,0.004572153,1,36,0.037748337
2236486,110,41,1,5,0.000539064,1,5,0.000769615
4440569,81,61,1,26,0.003848553,1,26,0.028499126
4571339,82,53,1,30,0.003637314,1,30,0.077990532
2753439,100,55,1,40,0.005253077,1,40,0.037975788
7677296,71,82,1,43,0.00629878,1,34,0.071971178
6445881,90,67,1,70,0.010725498,0,42,0.135329008
9996809,89,44,1,7,0.000847101,1,7,0.00136137
5385561,107,66,1,41,0.00485611,1,41,0.204749823
9297002,82,58,1,38,0.00493288,0,33,0.108266354
7178397,49,91,1,55,0.006817102,1,49,0.13674283
3708413,99,104,1,119,0.019014359,1,116,2.588596582
8370339,91,110,1,39,0.005607843,1,39,0.183189869
1304376,95,125,1,65,0.01162076,0,37,0.368251085
3277044,80,111,1,73,0.012466431,1,73,0.438304424
538169,115,103,1,58,0.012700081,0,2,0.029689074
3979969,58,125,1,28,0.003931046,1,27,0.050642014
2779717,73,103,1,44,0.006990433,0,19,0.059350252
3490464,111,113,0,7,0.001875401,0,1,0.031931877
8349556,72,93,1,33,0.005376577,1,25,0.023298264
6346496,126,114,1,8,0.002259493,0,3,0.00103116
8345533,93,76,1,38,0.006688118,0,1,0.008118868
3239715,116,118,1,99,0.026464462,1,65,0.148229361
9375616,123,126,1,13,0.003656149,1,13,0.007017374
2909800,92,103,1,108,0.021264553,0,3,0.078603268
8772430,98,80,1,44,0.007249594,1,44,0.159819841
3331415,86,78,1,41,0.006798983,0,7,0.077593088
7270024,115,80,1,49,0.007584572,1,49,0.073267221
7499192,41,114,1,12,0.001217842,1,12,0.005785227
9219762,83,67,1,4,0.000609159,1,4,0.000581741
8607847,74,73,1,98,0.013386011,1,92,0.843866825
8560459,77,104,1,56,0.007459402,0,23,0.142527819
5406483,65,58,1,48,0.006000519,1,42,0.134557009
8831754,93,75,1,52,0.008381367,0,12,0.112122297
7918481,97,37,1,27,0.002901554,1,27,0.021857023
3493442,61,116,1,109,0.015311956,0,60,0.779536486
8009850,70,86,1,39,0.00613308,0,25,0.110108137
1679887,50,100,1,13,0.001633644,1,13,0.005733252
1041298,124,39,1,33,0.003756046,1,37,0.046352386
1078719,65,65,1,14,0.001989841,1,14,0.005535126
4602383,77,88,1,137,0.016869545,1,56,0.357309341
451934,52,117,1,27,0.003606558,1,27,0.015545845
8121627,93,42,1,11,0.001354694,1,11,0.004970551
9106571,65,88,1,38,0.005084515,0,16,0.063853264
8646402,107,40,1,82,0.009592533,1,82,0.378147602
2344717,111,128,1,133,0.031045198,0,63,0.653412819
4398408,116,112,0,141,0.026240349,0,11,0.831121206
4331114,92,41,1,83,0.009045601,0,37,0.617476463
7668572,64,57,1,75,0.011172295,0,44,0.194137812
8275562,119,114,1,22,0.004568338,1,22,0.028232098
3478384,126,124,1,109,0.033919096,0,19,0.880306959
7125292,58,32,0,32,0.004118443,1,27,0.033269167
6803614,125,73,1,102,0.017671585,0,11,0.949670315
3135390,102,84,1,9,0.001544714,1,9,0.00281024
8491784,33,48,1,1,0.000133991,1,1,6.20E-05
5809674,90,54,1,196,0.026535988,1,82,1.445222855
1897069,39,71,1,24,0.00267148,0,20,0.015567541
522924,92,44,1,41,0.00582552,1,39,0.100097656
3241635,77,54,1,43,0.006012678,1,36,0.108754635
3306172,109,110,1,126,0.034067631,0,17,0.13001442
4051710,55,72,1,161,0.0224123,0,23,0.228134394
4202283,67,63,1,43,0.007161856,1,37,0.070812941
7018338,63,53,0,17,0.002848625,0,18,0.066632986
615166,84,59,1,36,0.005520105,1,30,0.051229954
8258822,70,118,1,70,0.010313034,0,12,0.027471304
9028501,116,124,1,79,0.023548365,0,25,0.666044474
9459608,80,54,1,12,0.001848936,1,12,0.003141642
4611230,88,119,1,38,0.007274389,0,1,0.011884212
6378488,111,50,0,300,0.034672976,1,39,0.096520185
6344293,75,75,0,70,0.013287783,0,5,0.070897818
1777842,84,88,1,14,0.002880573,1,14,0.009462357
8503341,125,44,1,6,0.000648022,1,6,0.001174212
7028547,84,89,0,24,0.007402182,1,25,0.034789324
3928845,127,56,1,107,0.01554656,1,101,2.604196787
9030552,55,97,1,49,0.007085085,1,50,0.273233891
4927926,44,70,1,27,0.003578424,1,25,0.050327063
2712762,99,56,1,27,0.003145695,1,27,0.035909176
4775848,55,111,1,31,0.003786325,0,17,0.081701994
1785095,76,111,1,25,0.004356146,0,18,0.026664734
5628229,56,83,1,62,0.007951736,0,16,0.076144457
1143717,53,127,1,11,0.001399517,0,4,0.002403021
6718740,127,96,1,16,0.003646851,1,16,0.008652449
6667086,44,77,1,32,0.004156113,1,32,0.064062119
7701438,37,73,1,15,0.001629591,1,15,0.005362988
4168434,114,53,1,22,0.002396822,1,22,0.021148443
6003037,88,76,1,59,0.00823617,1,59,0.147790432
7567416,53,79,1,64,0.007708073,0,15,0.462723494
6724504,47,42,1,21,0.003045797,0,1,0.003124952
8606605,65,80,1,48,0.006448984,0,7,0.028256655
2815471,84,48,0,236,0.030767441,0,26,0.822268963
6591535,57,89,1,58,0.008179903,1,58,0.208148003
9494882,97,53,1,27,0.003661633,1,28,0.062828064
6042874,66,42,1,10,0.001358032,1,8,0.002254009
7352082,54,86,1,65,0.008000135,0,7,0.029743433
9315633,73,127,1,18,0.002323389,1,18,0.009486914
6636699,94,119,1,133,0.029772758,0,48,3.687105894
9407120,116,114,1,66,0.017003536,1,61,0.568353653
6168333,49,117,1,14,0.002064943,1,14,0.010178804
9124916,128,102,0,54,0.014438868,0,36,0.254803896
1693200,117,103,1,64,0.016381979,0,24,0.120534182
6803849,107,38,1,44,0.004727125,1,40,0.107994795
3219431,81,91,1,3,0.000570059,1,3,0.000336885
6943150,64,47,1,5,0.000566483,1,5,0.000756264
1468017,112,120,1,93,0.016267538,1,86,1.418931007
2620164,59,125,1,32,0.003684521,1,32,0.046848536
4900931,60,57,1,5,0.00085187,1,5,0.000706196
1228327,120,70,1,95,0.016491413,0,11,0.130247593
6989098,58,58,1,29,0.004462719,1,29,0.051829815
6445301,64,32,1,8,0.001010418,1,8,0.001931906
189829,112,100,1,47,0.007833004,1,39,0.125677824
3567147,120,34,1,48,0.00510335,0,1,0.017256021
3623166,70,123,0,0,0.040482759,0,22,0.107596636
4188002,97,98,1,101,0.01983428,0,36,0.364924669
7343513,47,91,0,43,0.017830372,1,28,0.064934969
6182211,46,41,1,26,0.003622532,1,24,0.034898996
5285312,58,36,0,14,0.001667023,1,25,0.024499416
5971861,102,64,1,54,0.007712364,0,24,0.144905567
949693,76,57,1,44,0.006413937,0,10,0.062566519
9803281,47,81,1,31,0.003573418,1,31,0.033843517
6483799,82,105,1,58,0.010534763,0,14,0.247196913
9476069,60,44,1,16,0.002135754,1,16,0.009279251
4631596,81,56,1,38,0.005398035,1,38,0.025901318
1150475,51,96,1,80,0.009818077,1,71,0.234154463
6926086,32,60,1,12,0.00151062,1,12,0.002858877
2026873,33,38,1,16,0.001823425,1,15,0.005627632
4503748,120,92,1,81,0.015263081,0,25,0.871373415
8288676,104,120,0,266,0.060884953,0,23,1.733030319
3866986,101,89,1,76,0.015678406,0,30,0.227400064
4619551,115,111,1,109,0.027452946,0,6,0.051938057
3206240,91,106,1,41,0.008523703,0,3,0.015933037
3410972,116,77,1,90,0.013178825,0,22,0.729010105
686710,81,59,1,10,0.001476049,1,10,0.003939867
6423824,41,62,1,15,0.001614571,1,15,0.008634806
1488157,128,60,1,49,0.007546186,0,39,0.248309851
4191787,57,101,1,49,0.006715059,1,50,0.102113008
6422101,94,82,0,58,0.01151228,0,40,0.424734354
551543,50,99,1,40,0.005424976,1,32,0.043045282
8702449,91,58,1,60,0.007872105,1,54,0.250041723
1799634,92,55,1,23,0.003033161,1,24,0.026031971
5384958,44,47,1,29,0.00409627,1,27,0.028004885
9691105,97,108,1,56,0.01068902,1,54,0.241415501
7058547,113,50,1,4,0.000516891,1,4,0.000514269
8429223,61,109,1,47,0.005990982,1,52,0.130977631
3659108,92,103,1,54,0.011737347,0,42,0.164169312
6583511,125,62,1,87,0.010341883,1,67,0.852439404
3336507,57,78,1,62,0.008990049,0,1,0.00830698
7320012,100,54,1,6,0.000846624,1,6,0.000901461
4543428,40,70,1,66,0.008880138,1,54,0.268877506
2203461,127,41,1,43,0.005323172,1,43,0.226261377
3728419,110,103,1,31,0.005885839,1,29,0.061760664
2392469,103,79,1,24,0.003990889,1,21,0.022903681
1027642,34,105,1,46,0.00548172,0,4,0.005226374
7132919,42,65,1,7,0.000898123,1,7,0.001368761
4475130,52,126,1,66,0.008388758,1,66,0.742318869
928295,107,119,1,185,0.03230238,0,49,2.771211386
2904196,86,75,1,57,0.010471106,0,15,0.104743242
5731861,87,90,1,38,0.006503344,1,21,0.027468204
7794909,93,36,1,11,0.001337528,1,11,0.004075527
8319034,97,56,1,72,0.011415958,1,66,0.597135544
8653263,110,125,1,54,0.009721756,1,54,0.350594521
9555800,48,121,1,15,0.001859665,1,15,0.008769512
4160917,43,122,1,56,0.006463289,0,9,0.157965183
1821834,128,99,1,69,0.013047457,0,16,0.560638428
7705664,85,118,1,21,0.004420996,1,21,0.018697023
8982256,96,45,1,82,0.01238203,1,80,1.470979929
6614459,60,101,1,82,0.012640953,0,32,0.190334082
844629,105,82,1,92,0.01305604,0,12,0.105585814
7955299,46,110,1,64,0.008563042,0,13,0.226830721
9752689,127,50,1,16,0.002131701,1,15,0.007013559
4705746,89,103,1,21,0.003044367,1,21,0.019166708
567091,110,82,1,28,0.004888535,0,13,0.047977448
2786739,42,55,0,38,0.005207777,0,17,0.015305042
3390221,123,118,1,35,0.007318497,0,18,0.02219367
970759,112,115,1,145,0.027976751,0,45,0.636536598
8345593,61,34,1,17,0.00190568,1,17,0.009016752
265118,53,84,1,11,0.001318932,1,11,0.004342556
6872993,120,39,1,7,0.000826597,1,7,0.001523495
4562098,102,58,1,30,0.004193068,1,30,0.043160677
2949659,98,44,1,29,0.003710508,0,3,0.01145196
8907463,34,61,1,11,0.001072884,1,11,0.004647255
6654661,43,83,1,95,0.019513845,1,78,1.460104942
559377,86,70,1,41,0.006247759,1,41,0.166263819
8413145,78,127,1,105,0.017914057,1,67,0.810950518
9636795,40,123,1,29,0.003424644,1,29,0.052612782
3087712,85,82,1,141,0.026789904,0,20,0.329087496
902864,77,33,1,14,0.00138545,1,14,0.007202864
8165258,107,52,1,19,0.002765656,0,2,0.003636837
6140139,73,89,1,68,0.01044178,1,65,0.253303766
4371200,33,61,1,28,0.003512144,1,24,0.022553682
3849583,84,74,1,60,0.011098385,0,41,0.250373125
4108786,55,94,1,42,0.005026579,1,43,0.163818598
3127716,57,56,1,69,0.011109829,1,42,0.091295481
1394332,108,46,1,246,0.029212952,0,27,0.092175484
3249789,95,85,1,72,0.014212132,0,28,0.260030031
1693265,115,73,1,74,0.011791468,1,50,0.267602444
5317423,109,124,0,8,0.001674414,0,8,0.027408361
2895453,47,59,1,45,0.006308794,0,16,0.105823755
8706832,52,55,1,18,0.002825975,0,15,0.010265589
189572,59,42,1,18,0.002199411,1,16,0.014761925
5389373,40,104,1,26,0.002907038,1,28,0.047676325
7195277,80,121,1,31,0.004546404,1,31,0.045012236
1432,80,108,1,34,0.005950928,1,30,0.041104794
2339172,35,100,1,64,0.006950378,0,7,0.181348324
436011,38,110,1,15,0.001717567,1,15,0.009438276
6689342,58,76,1,33,0.004144669,0,22,0.068296909
4221863,57,113,1,19,0.002257824,1,19,0.014778852
7503006,125,68,1,60,0.007750273,1,63,0.670527458
3432915,62,103,1,25,0.00321126,1,21,0.020085096
7562694,54,47,1,13,0.001677036,1,13,0.004896641
8006536,61,53,1,49,0.0061481,1,40,0.098147869
8620803,66,47,0,18,0.002145529,0,18,0.018283844
9153766,89,96,1,121,0.02190423,0,45,0.175503969
9121472,82,109,1,44,0.00647974,1,44,0.170208216
6195977,45,82,1,12,0.001533508,1,12,0.006334305
9219117,124,85,1,81,0.014987469,0,24,0.26291132
9589060,84,98,1,71,0.010909319,0,32,0.19745636
8626183,57,114,1,138,0.018508911,0,21,0.133884668
3075256,70,88,1,65,0.008693218,0,20,0.244132757
7325054,100,36,1,23,0.002539873,1,23,0.011000395
8657148,34,65,1,41,0.004579067,0,14,0.039758205
2597402,86,86,1,25,0.004370213,0,18,0.012164116
8058598,80,91,1,98,0.015616894,0,3,0.069676399
1265103,92,78,1,44,0.008028507,1,35,0.064101934
7783076,41,113,1,24,0.002706528,1,24,0.018690825
7614986,51,91,1,28,0.003630877,1,28,0.039981365
8148545,110,99,1,46,0.007882118,0,10,0.061574221
3088888,59,60,1,47,0.005979776,0,11,0.046955585
7911440,81,101,1,32,0.006024122,0,19,0.041474342
3268121,86,70,1,67,0.01119256,0,29,0.211246014
1412906,119,97,1,155,0.031331301,0,9,0.206150055
8684868,109,55,1,19,0.002155542,1,19,0.012620926
7137929,123,78,1,46,0.006374598,1,45,0.260083437
603315,82,75,1,48,0.007160187,0,17,0.099468946
7830386,102,53,1,37,0.004807949,1,38,0.133796215
4109310,103,56,1,297,0.040956736,0,12,0.20137167
6827182,107,105,1,79,0.01797986,0,38,0.233387232
4159483,42,49,0,15,0.002090454,0,3,0.004652739
5634433,44,110,1,66,0.007883787,1,66,0.684852123
4606442,74,113,1,61,0.010743618,0,2,0.026691914
1188437,62,80,1,62,0.007715464,0,19,0.089814186
6960120,54,75,1,68,0.00968051,0,27,0.11704874
8296636,55,101,1,31,0.003633022,1,31,0.065991163
2139859,50,72,1,24,0.00320363,1,24,0.022718906
2813542,62,126,1,43,0.004871607,0,20,0.200232744
786111,111,105,1,245,0.058018923,0,43,2.755606413
3210014,81,127,1,78,0.012247086,0,43,0.340984821
541246,58,75,1,51,0.005945206,1,51,0.260614634
8627200,79,105,1,72,0.01381588,0,18,0.138646841
5942560,95,48,1,26,0.003212929,1,28,0.03833127
7237530,116,56,1,19,0.002292633,1,19,0.011301756
6997678,76,94,1,38,0.005279064,1,36,0.085564375
5154663,96,94,1,33,0.005547762,1,33,0.026771069
7670193,37,111,1,36,0.003891468,0,11,0.0925138
5892276,109,37,1,52,0.005720139,0,10,0.138759375
9173822,112,112,1,44,0.010707378,1,37,0.048270464
1915443,89,121,1,120,0.019373178,0,24,2.408331871
3818914,90,88,1,18,0.004110813,1,18,0.009359837
5404455,84,37,1,62,0.006943703,1,51,0.126492262
1090894,111,126,1,49,0.009917498,1,49,0.142235279
4886362,120,39,1,34,0.003724813,0,17,0.024642467
4228907,52,102,1,13,0.001710176,1,13,0.005174398
2471234,111,56,1,19,0.002209663,1,19,0.012963533
7470524,77,122,1,41,0.005841732,1,41,0.134876013
6447071,82,55,1,39,0.005468369,1,31,0.04505682
8036059,55,38,1,47,0.004760027,1,50,0.234340429
9958418,79,81,1,75,0.011429787,0,21,0.434318304
5368967,102,41,1,79,0.008094788,1,75,0.270532608
4133553,65,108,1,228,0.03714633,0,6,0.350185871
5497123,106,115,1,200,0.048681974,0,8,0.162458658
918971,64,117,1,140,0.016383886,1,52,0.287628889
1133669,85,108,0,94,0.016281128,0,14,0.306888342
5789093,55,118,1,59,0.007283449,0,22,0.085377216
3491083,61,101,1,83,0.011659384,1,64,0.524573326
9419110,107,33,1,50,0.00552702,0,27,0.171258211
6052575,34,105,1,104,0.010912895,0,11,0.456237793
2768444,35,46,1,17,0.00194931,1,17,0.005524874
916617,72,94,1,27,0.003945827,1,27,0.022424221
5735270,50,124,1,26,0.003677368,1,26,0.043659925
8693746,59,86,1,32,0.004479647,1,21,0.016936302
4529498,82,78,1,40,0.007673264,0,23,0.027106762
8091788,96,123,0,107,0.021428585,0,48,0.523181677
8177442,94,116,0,72,0.011463642,0,58,0.314546824
3808277,39,115,1,36,0.004653931,0,20,0.039254427
9776257,123,101,1,121,0.021018267,1,73,0.392664433
3934793,61,50,1,59,0.007877827,1,52,0.317469358
7664727,56,67,1,24,0.00417757,1,13,0.004388094
3717157,86,110,1,82,0.012182713,0,47,1.017086506
8858491,73,86,1,22,0.003774405,1,22,0.013427496
3708147,91,34,1,28,0.003309965,1,28,0.02302742
1301947,108,109,1,24,0.004575968,1,24,0.044362068
5190039,32,93,1,16,0.001588106,1,16,0.005903482
7723215,100,50,1,20,0.0028615,1,21,0.022752523
2568085,75,124,1,110,0.019130707,0,13,0.357932329
5771246,54,82,1,31,0.004035473,1,25,0.021557808
483825,112,82,1,139,0.022391558,0,6,0.09500432
467395,119,68,1,57,0.008563757,0,11,0.181838512
918443,69,71,1,83,0.013169527,0,36,0.1709373
7620545,62,72,1,45,0.006144285,1,45,0.24321413
8022273,72,92,1,27,0.00388217,1,27,0.03783083
2748826,59,62,1,53,0.006165743,1,53,0.351746559
9553239,71,60,1,16,0.002874136,1,16,0.011590004
3872674,55,108,0,242,0.032725334,0,0,0.046357393
3804105,117,79,1,45,0.00774312,1,50,0.083041906
757113,79,116,1,45,0.007277489,1,45,0.178714752
9714277,113,79,1,71,0.013309717,0,12,0.165185928
3589834,127,117,1,99,0.02120471,0,18,0.498296022
7404377,79,72,1,64,0.010998487,0,38,0.247951984
9307378,128,61,0,32,0.004206181,1,35,0.067899704
2868024,38,43,1,27,0.003041029,1,27,0.043746471
5796144,48,77,1,16,0.00198698,1,16,0.006197929
3763174,111,115,1,71,0.017217159,1,57,0.38643384
4115943,56,84,1,28,0.003962755,1,28,0.046494484
4366702,44,32,1,12,0.001439333,1,13,0.006678343
6505240,49,102,1,34,0.00433588,1,34,0.119401455
2437189,127,128,1,86,0.026645899,0,12,0.073276043
2970365,79,124,1,46,0.007560968,0,22,0.063699484
1673055,90,99,0,82,0.049678802,0,23,1.15921855
5941904,48,59,1,38,0.005239964,0,25,0.101644278
7253536,104,49,1,19,0.00218153,1,19,0.023291349
3418951,107,92,1,20,0.003326178,1,20,0.012178183
566291,126,101,1,142,0.027257919,0,10,0.430004597
1016607,42,124,1,66,0.00763154,0,13,0.215895653
2704043,56,57,1,30,0.004355431,1,30,0.040945053
1322626,93,43,1,32,0.00370717,1,32,0.092149734
6380860,45,105,1,76,0.009891272,0,14,0.216908455
4871054,52,64,1,22,0.00275588,1,22,0.031426668
7271395,72,83,0,35,0.006912708,0,11,0.207567453
8164543,43,58,1,30,0.003880501,0,5,0.033388615
6846692,94,109,0,300,0.052234888,1,76,1.25672555
2057602,55,33,1,44,0.00596118,0,2,0.008437157
3871107,34,116,1,27,0.002790689,1,27,0.032835245
1313595,36,42,1,29,0.004009724,0,6,0.011536598
535045,57,36,1,19,0.002165318,1,19,0.015520096
5829517,59,87,1,34,0.004522085,1,28,0.053577423
8514307,81,89,1,37,0.005328417,0,7,0.035121441
9830162,104,53,1,45,0.005187988,1,42,0.114683867
7606719,35,55,1,42,0.005247831,0,2,0.016989946
3356971,79,62,1,63,0.009597063,1,60,0.277178049
4152496,119,46,1,17,0.002016306,1,17,0.016657829
7679059,72,84,1,41,0.006694555,1,34,0.094414949
3031241,90,96,1,152,0.024542332,0,30,1.395580053
4230201,101,42,1,14,0.001710415,1,14,0.010100126
7224710,40,46,0,24,0.00317049,1,30,0.078444481
2484814,37,118,1,72,0.007538795,1,67,0.887029886
8242074,36,99,1,33,0.003525257,1,29,0.049440145
6859882,86,119,1,33,0.004897118,0,17,0.042292356
2810537,95,58,1,64,0.007394075,1,64,0.382775784
1353272,67,76,1,147,0.030653477,1,69,0.994483471
3964812,121,105,1,61,0.014899731,0,57,0.35367322
4203410,72,98,1,77,0.010490179,0,37,0.14817071
3354970,86,36,1,142,0.017780542,0,9,0.082257032
3098286,91,80,1,29,0.005065918,1,31,0.074302197
6941983,73,102,1,32,0.004286051,1,32,0.055239201
8532,62,51,0,7,0.001318693,0,1,0.001104832
6014346,79,65,1,41,0.006929636,0,3,0.014742136
6559236,69,104,1,67,0.011100769,0,36,0.450467348
2930934,126,69,1,17,0.0023911,1,17,0.01407814
3531422,41,67,1,19,0.002290249,1,19,0.009634256
154406,81,84,1,45,0.007826328,1,43,0.093934536
1531296,38,36,0,130,0.01505518,1,14,0.007663965
1681513,100,126,1,151,0.026032209,1,20,0.020338297
3607780,118,88,0,133,0.021613836,0,3,0.008852959
8727425,104,45,1,40,0.004332066,1,34,0.056311846
5246689,122,85,1,45,0.007919073,0,13,0.125335932
3846542,125,104,1,10,0.00196147,1,10,0.004376173
2160735,98,36,1,31,0.003599405,1,31,0.062756538
2581581,75,44,0,98,0.0119946,1,37,0.05259943
9158248,48,102,1,99,0.012302399,0,51,0.479373217
7046784,71,85,1,85,0.013841152,1,76,0.417207479
3731252,67,50,1,13,0.001709461,1,11,0.005505323
8034117,106,113,1,59,0.012563944,1,56,0.387485027
5657110,116,57,1,26,0.00293541,1,26,0.014863729
925765,128,114,1,71,0.013729572,0,40,0.136107445
4765424,47,86,1,5,0.000514269,1,5,0.000804663
8673398,86,105,1,49,0.009352922,1,55,0.329776525
9623156,93,74,1,45,0.005650282,0,4,0.024306059
5372760,91,118,1,17,0.003952026,1,17,0.011945963
6749496,68,64,1,6,0.000846863,1,6,0.001118898
926192,50,94,1,50,0.006215811,1,52,0.241721153
9898791,35,80,1,9,0.00126195,1,9,0.003052711
946583,52,53,0,3,0.000683784,0,3,0.012193203
8930245,115,84,1,44,0.008085489,1,42,0.145475864
8057075,127,37,1,17,0.001695156,1,17,0.013774395
9546908,95,74,1,80,0.011520863,0,35,0.268879175
2669282,89,116,1,30,0.006054163,1,30,0.053630114
6632119,79,128,1,45,0.007978678,1,47,0.208225965
4596722,75,123,1,91,0.015502691,1,89,2.08775425
8025903,100,123,0,300,0.059655428,0,12,0.231061459
3724922,62,64,1,45,0.005878448,1,39,0.072851419
1134933,32,74,0,65,0.006804943,0,62,0.34671402
9244427,125,50,1,113,0.01289773,1,113,3.751333952
4262380,101,42,1,23,0.002447128,1,23,0.022709131
375374,45,61,1,63,0.007225752,0,1,0.016208172
8776097,63,63,1,48,0.00658226,0,13,0.080193996
3833018,86,62,1,73,0.010037661,0,5,0.062670708
1389325,125,41,1,25,0.003135681,1,21,0.008100748
711404,78,41,1,18,0.001965761,1,18,0.014892817
5066793,58,65,1,75,0.011156321,0,22,0.154715061
2998309,65,88,1,23,0.003507614,1,23,0.022049189
7903758,79,102,1,17,0.002734184,1,16,0.009660959
5410397,93,89,1,64,0.014863491,1,58,0.332370281
9389717,61,123,1,149,0.023473978,0,53,0.72337389
9143181,44,91,1,7,0.000792742,1,7,0.001497507
4647185,95,88,1,52,0.011714697,0,47,0.279533625
3272685,38,116,1,48,0.005863905,1,46,0.172300577
3479307,70,100,1,42,0.006545544,0,1,0.004491329
3173102,116,66,1,87,0.011529446,1,83,1.080343008
3280277,85,107,1,80,0.014798403,1,83,0.967491388
600954,57,92,1,87,0.011024952,0,41,0.492336273
1555096,125,61,1,29,0.003655434,1,27,0.053141356
2372471,83,124,1,19,0.003409386,1,19,0.01356101
697811,111,59,1,51,0.007616043,0,21,0.198363066
1156707,32,41,1,24,0.003009558,0,17,0.020190001
9247582,54,41,1,34,0.004266977,1,34,0.051963806
6550072,86,121,1,94,0.014223337,1,91,1.088378429
71558,94,85,1,38,0.005714417,1,38,0.139105797
778200,62,117,1,44,0.00639987,0,14,0.043989658
54553,91,94,1,70,0.013704538,0,27,0.369935036
3937351,128,65,1,32,0.004659891,1,32,0.057209253
9145957,79,121,1,34,0.005266428,1,34,0.074589252
7119191,36,91,1,60,0.007088423,1,62,0.622570276
1841870,41,39,1,17,0.002035618,1,17,0.007881165
2954505,54,121,1,16,0.002164125,1,16,0.010038376
6114851,121,113,0,41,0.009098291,0,2,0.075679064
1941547,54,121,1,29,0.003452063,1,29,0.045466661
7609928,63,103,1,32,0.00453043,1,32,0.044695854
3248866,94,59,1,10,0.00150466,1,10,0.003309965
9568648,36,126,1,6,0.00061059,1,6,0.001166821
2537510,61,33,1,32,0.003497601,1,32,0.097561598
1943503,61,94,1,53,0.007090569,1,53,0.368662357
5265478,99,109,1,168,0.027605057,0,32,1.303873777
7556234,34,58,1,17,0.001713753,1,17,0.008250237
2422279,90,63,1,10,0.001668453,1,8,0.001867533
4195395,128,83,1,95,0.012387514,0,49,0.381983757
9535791,83,107,1,143,0.028228521,1,103,0.740089178
6068744,43,54,1,10,0.001463652,1,10,0.003537655
1172961,126,65,1,22,0.004206896,0,7,0.016867161
7241470,42,109,1,40,0.004707336,0,12,0.125221014
3272238,76,81,1,18,0.00252986,1,18,0.016470432
1157115,62,126,1,10,0.001330137,1,10,0.00290823
5099735,34,63,1,28,0.003280401,1,28,0.035654068
207385,121,123,0,155,0.045751333,0,13,0.866187811
4930680,38,123,1,22,0.002799273,1,22,0.028929949
9359515,113,85,0,68,0.011019945,1,91,0.954422235
9019736,111,82,1,22,0.003700733,1,23,0.031796217
967445,82,75,1,57,0.01098156,1,41,0.111666441
8211767,52,77,1,10,0.001366854,1,10,0.004274845
6049809,78,113,1,99,0.014292479,1,52,0.134567738
7881505,54,75,1,164,0.023177147,0,49,0.341951847
7418999,111,119,1,199,0.044531345,0,3,0.153507233
3779002,111,40,1,18,0.001885414,1,18,0.019508123
5576143,121,40,1,26,0.002786636,1,26,0.032191515
4280290,120,87,1,9,0.001631737,1,7,0.00182128
8636838,125,43,1,170,0.016432285,0,21,0.840142488
4621303,40,83,1,47,0.005045891,1,49,0.298813343
7547306,105,114,1,10,0.001535177,1,10,0.003339767
8787705,120,36,0,82,0.009583473,0,2,0.037998199
9117265,70,59,1,93,0.014193773,0,13,0.078393459
6799128,71,126,1,149,0.021510363,0,88,2.696599007
9151947,117,45,1,20,0.002240658,1,20,0.019226313
5062632,108,76,1,20,0.003746748,1,20,0.020166874
4050441,69,126,1,15,0.002441883,1,15,0.00641036
2013363,89,78,1,117,0.022470713,0,9,0.338164568
8968514,104,101,1,36,0.006243229,0,16,0.067695141
5762613,93,92,1,82,0.015689135,0,20,0.088498116
7345611,87,103,1,53,0.007572889,1,54,0.457103968
258340,57,122,1,72,0.007994652,0,25,0.675520182
6375594,81,72,1,15,0.002101183,1,15,0.008439064
3062137,39,81,1,9,0.00119853,1,9,0.00328517
4239035,99,79,1,26,0.004339695,1,26,0.053781033
1256807,32,58,1,53,0.005647659,1,50,0.210054159
4999867,90,114,1,7,0.001532316,1,7,0.00167346
5620006,112,87,1,22,0.004082441,1,22,0.01625514
2385322,85,106,1,12,0.0020051,1,12,0.006764412
5624736,64,69,1,33,0.005430937,0,5,0.016840935
4098113,127,96,1,21,0.003977776,1,15,0.013081789
8803979,58,93,1,40,0.00570178,1,38,0.052352428
7157618,88,116,1,18,0.002897978,1,18,0.014307737
8750581,110,100,1,65,0.013441086,1,72,0.84013176
5105510,116,32,1,67,0.007256508,0,35,0.459393024
4529672,96,57,1,37,0.0044837,1,37,0.068134308
8256613,43,119,1,69,0.007573605,1,67,0.900086403
9575511,49,99,0,7,0.033419847,1,13,0.010174274
6524360,63,53,1,41,0.004882336,1,36,0.128195763
5885017,95,117,1,110,0.021389008,1,43,0.148029566
3080752,106,33,1,46,0.004530191,1,48,0.219005108
3441971,93,86,1,74,0.01409173,0,40,0.216538191
2068709,92,50,1,51,0.006778955,1,51,0.299228191
7037417,72,48,1,83,0.011796474,0,6,0.024333477
7019078,104,72,1,29,0.005156279,1,26,0.032547474
7532936,83,37,1,44,0.005064487,1,44,0.052731991
2314770,43,55,1,20,0.002323866,1,20,0.018215418
8178051,73,82,1,34,0.005990028,1,28,0.025113344
751674,62,83,1,15,0.002306461,0,8,0.004630089
780370,33,76,1,58,0.006428242,0,45,0.115403652
8207991,35,70,1,34,0.004171371,0,29,0.121715546
1696097,62,120,1,74,0.011127234,0,58,0.654268503
1984029,54,52,0,0,0.000153303,0,1,0.001416922
9185055,95,100,1,82,0.015992641,0,16,0.224396944
3708964,97,118,1,31,0.006720066,1,31,0.056548357
2018809,32,121,1,26,0.003015995,0,5,0.018992662
6228479,86,79,1,37,0.006058216,1,30,0.058608294
4763844,75,32,1,17,0.001874208,1,17,0.0097785
5250800,124,76,1,24,0.003713608,1,24,0.026839972
8191716,45,65,1,12,0.001513481,1,12,0.005468369
8823500,94,107,1,95,0.016012907,0,49,0.60620451
2242624,64,96,1,92,0.012726545,0,2,0.053299904
6547103,57,118,1,33,0.004831553,1,33,0.069618464
372490,53,115,1,27,0.003539801,0,2,0.006550789
6158967,113,81,1,59,0.010802269,1,54,0.280058384
1190051,85,74,0,33,0.015948296,1,36,0.096651554
2043896,87,112,1,52,0.00910306,1,53,0.342100382
2078810,84,53,1,60,0.00718236,0,1,0.016230583
466583,33,95,1,41,0.004961014,1,41,0.096862793
6862187,115,76,1,127,0.020383596,0,27,0.703324795
8386190,76,44,1,61,0.007519007,1,63,0.517896414
567365,124,110,1,49,0.009638548,1,41,0.165073156
2254330,115,128,1,226,0.048745632,1,66,0.625677824
1751744,94,84,1,48,0.009175777,0,19,0.204720497
3862988,111,72,1,70,0.008757591,1,70,0.737419605
8434118,127,84,1,18,0.003597736,1,13,0.008864164
1647311,74,37,1,12,0.001430273,1,12,0.004397392
4079366,38,104,1,10,0.001214981,1,10,0.003951073
1667520,85,52,1,46,0.005915165,1,51,0.112162828
8043063,73,117,0,32,0.028772831,1,31,0.085114956
6864209,88,53,1,18,0.00270915,1,19,0.016645193
9639966,59,33,1,16,0.001622677,1,16,0.009134769
7771101,99,42,1,72,0.009081364,0,23,0.183730125
6121424,88,78,1,34,0.005903244,1,36,0.062872171
4548903,118,37,0,300,0.031144381,0,51,1.082739353
1713021,58,93,1,44,0.005377293,1,38,0.025812387
265809,60,128,1,24,0.00343132,1,21,0.022660732
8164691,87,67,1,54,0.007050991,1,50,0.274330139
8006403,128,105,0,116,0.029838562,0,6,0.253215075
7695339,80,103,0,49,0.008908987,1,47,0.090644836
8622693,52,79,1,38,0.004989147,1,38,0.110377073
2098909,110,53,1,26,0.004538059,1,26,0.041645288
1642998,50,91,1,36,0.004648685,0,28,0.09815073
6020441,102,77,1,74,0.012556553,0,15,0.578948736
1469409,34,60,1,58,0.006419659,0,12,0.137229919
4359618,103,77,1,120,0.023938417,0,9,0.23183918
2742319,68,75,1,95,0.014087439,0,24,0.337644339
5274598,92,52,1,6,0.000845432,1,6,0.001199245
9531774,94,91,1,46,0.009908676,0,17,0.055278063
3034751,97,72,0,300,0.047418594,0,20,0.254541636
8397253,57,35,1,3,0.000345945,1,3,0.000296593
8044168,102,67,1,32,0.004128933,1,36,0.115683079
7732529,88,115,1,54,0.018345356,0,5,0.042744398
9138193,36,72,1,32,0.003401041,1,32,0.050699472
1323905,53,96,1,37,0.004966974,0,9,0.08293128
8835661,80,97,1,35,0.005143642,1,35,0.127823353
2098061,100,96,1,191,0.042516708,0,3,0.054450035
3320389,64,81,1,33,0.004898548,0,5,0.01388669
682736,117,38,1,48,0.004979372,1,45,0.079054117
6198488,122,94,1,84,0.014026165,0,30,0.100282907
3110338,46,59,1,13,0.001767635,1,13,0.00660491
1019506,86,98,1,6,0.001254797,1,6,0.001164913
5750140,63,120,1,63,0.009842634,1,58,0.200455666
657857,99,44,1,22,0.002515793,1,22,0.023480654
5374213,55,63,1,14,0.001974583,1,14,0.010241032
5821289,51,112,1,31,0.004328489,1,29,0.048630476
2514062,118,50,1,31,0.004408598,1,23,0.036465406
8748788,78,65,1,5,0.000629425,1,4,0.000581026
9897874,38,43,1,5,0.000656843,1,4,0.000541687
2568081,80,39,1,58,0.007236004,0,14,0.125904799
5783793,114,90,1,245,0.050420046,0,17,0.711084366
4740740,32,100,0,300,0.028877258,1,39,0.135573864
1637586,47,63,1,28,0.003372669,0,13,0.018029928
127528,67,102,1,38,0.005331755,1,38,0.172976971
6324450,33,52,1,9,0.000936031,1,9,0.002908707
575221,87,122,1,95,0.018809319,0,56,1.308257818
5624396,111,68,1,77,0.013243437,1,77,0.8691957
1016353,103,119,1,118,0.026067972,0,56,0.516510725
8994721,111,92,1,266,0.045785189,0,58,1.091302872
3309050,89,113,0,37,0.009697676,0,29,0.024777174
2085855,46,92,1,69,0.008139849,1,63,0.637583494
899489,39,32,1,12,0.001271009,1,12,0.005455971
8700793,91,78,1,13,0.002302647,1,13,0.007208109
1883890,78,71,1,79,0.012399673,0,5,0.191564798
6861177,71,36,1,28,0.003494501,1,27,0.027454138
7508714,70,100,1,17,0.00280714,1,17,0.015789509
6683428,42,127,1,17,0.002028227,1,17,0.013495684
1900533,94,101,1,135,0.021794081,0,10,0.462857008
6890528,77,70,1,5,0.000801086,1,5,0.000777006
3786895,58,79,0,50,0.039070129,1,35,0.13461256
6946793,42,117,1,48,0.005043507,1,48,0.246757746
3781374,82,65,1,26,0.003566027,1,26,0.028081179
530132,81,126,1,42,0.008226871,0,31,0.071936131
3845754,75,92,1,8,0.00143218,1,8,0.001525402
9484318,49,49,1,31,0.004560709,0,18,0.061581373
4150199,60,119,1,60,0.008278608,0,36,0.261049509
6938042,65,58,1,13,0.00177002,1,13,0.006679058
7673783,74,123,1,48,0.008996725,0,27,0.066906214
7427754,83,77,1,30,0.004999638,0,6,0.039494276
1964857,44,107,1,66,0.00813818,0,46,0.718493938
5426957,81,92,1,38,0.007174492,1,33,0.073491335
6889216,124,116,1,122,0.022756815,0,85,1.692635536
829425,60,83,1,28,0.004243851,1,28,0.036547422
2368076,69,112,1,15,0.002359152,1,15,0.010152578
8040613,125,35,0,300,0.027980804,1,60,0.104101896
3945083,34,79,1,25,0.002605438,0,1,0.00296402
8956292,117,74,1,73,0.011691093,0,43,0.376469612
4340972,37,69,1,9,0.001146555,1,9,0.003015518
3304197,107,121,1,31,0.007165432,1,19,0.017311335
7766773,48,44,1,15,0.001887083,1,15,0.011729956
572521,109,52,1,29,0.003778458,1,29,0.055565834
1981104,67,37,1,13,0.001413822,1,13,0.006392717
8499709,49,51,1,35,0.005192757,0,23,0.025767088
9979763,88,84,1,20,0.00390172,0,7,0.005342722
3864212,69,57,1,56,0.008895636,1,68,0.380020857
5599464,62,74,1,207,0.03188777,1,23,0.023797512
4100050,45,32,1,19,0.002205133,1,19,0.009534836
1368165,71,41,1,136,0.014672518,0,14,0.157565355
712363,112,99,1,128,0.021625042,1,74,1.015082836
5919187,45,50,1,19,0.002410889,1,18,0.009124756
6284868,40,56,1,22,0.002904415,1,22,0.027723789
5514646,43,81,1,57,0.007192612,0,24,0.366008759
4164147,54,88,1,31,0.004103422,0,1,0.00276804
7025717,79,72,1,42,0.006075144,1,44,0.161232948
65888,118,56,1,43,0.005767345,0,21,0.187421799
2826504,101,104,1,16,0.003459692,1,16,0.014341354
3708377,42,63,1,37,0.004863739,1,37,0.074032545
8725040,97,45,1,41,0.005380869,0,22,0.081180573
6038821,71,85,1,91,0.012621403,0,8,0.37806654
5365937,88,116,1,44,0.008542299,0,17,0.039203644
1126898,78,56,1,15,0.00171113,1,15,0.00763917
3774406,116,73,0,300,0.03740716,0,57,2.296976805
3460934,81,121,1,6,0.00095892,1,6,0.000650883
7391821,91,81,1,17,0.006703377,0,5,0.009172201
5956764,116,80,1,159,0.032009363,1,84,0.921012402
5425025,56,118,1,2,0.000298977,1,2,0.000158072
6305142,96,42,0,72,0.007470608,1,4,0.000442982
9724842,118,98,0,2,0.000542402,0,1,0.018364906
1941637,123,64,1,23,0.002961397,1,23,0.037398815
5036010,34,126,1,40,0.004985332,1,40,0.182417154
6432012,121,59,1,19,0.002239943,1,19,0.011518478
2902234,67,36,1,23,0.002924681,0,2,0.009634018
4556678,90,43,1,16,0.002008915,1,16,0.014965773
3296616,36,34,1,16,0.001939774,0,3,0.002501726
849866,104,41,1,9,0.001026154,1,9,0.00286603
6036716,120,75,1,294,0.053250074,0,36,0.485287905
8845473,83,38,1,26,0.002892017,1,26,0.024790764
9246321,63,78,1,58,0.007992983,0,51,0.223658323
4866320,109,38,1,40,0.004250765,1,40,0.04591465
1211566,70,47,1,19,0.004311085,1,19,0.020538092
8479902,61,86,0,0,0,0,0,9.54E-07
4457921,82,47,1,43,0.005775213,1,45,0.196164608
6652103,54,85,1,38,0.005722046,1,38,0.055608273
7823433,117,60,1,61,0.009079218,0,38,0.254498005
5343158,49,85,1,38,0.004164934,0,5,0.044133663
8343732,41,68,1,3,0.000370979,1,3,0.000320435
3166433,64,72,1,36,0.005060434,0,33,0.083307266
6317231,125,119,1,124,0.02743578,0,53,0.578862429
8312917,111,119,0,15,0.004213095,1,20,0.032468796
7714620,84,116,1,100,0.015876293,0,10,0.0878613
7820811,125,65,1,83,0.013267279,0,54,0.690480471
340862,78,120,0,9,0.001534224,1,13,0.00523138
970823,94,44,1,45,0.005141973,0,6,0.051086664
5485621,108,42,1,86,0.010509491,1,76,0.308488131
1008013,69,70,0,17,0.002788782,0,17,0.023178577
6043271,74,121,1,23,0.003131628,1,24,0.031420469
350891,67,68,1,57,0.009767294,0,2,0.010273933
5783356,76,45,0,17,0.002526522,0,18,0.018478394
7581406,107,120,1,115,0.022976875,0,22,0.969989061
9258892,118,90,1,50,0.009845972,0,40,0.134539366
8669184,90,52,1,26,0.003906488,1,26,0.040293455
2340953,122,102,1,140,0.02794075,0,11,0.519624472
5925021,99,99,1,51,0.010421515,1,39,0.086454868
1533959,76,110,1,75,0.012653351,1,75,0.493643045
4017639,38,104,1,29,0.003007412,1,25,0.027806044
9054037,123,93,1,45,0.007272243,1,33,0.096864223
4739880,112,32,1,32,0.003152132,1,34,0.058652639
7192303,46,47,1,21,0.002434969,1,21,0.018816233
2814222,62,84,1,17,0.002627611,1,17,0.013726711
3186013,64,87,1,116,0.019597292,0,22,0.52447319
1785194,34,65,1,29,0.003176212,0,11,0.018202782
3899937,118,73,1,21,0.003213882,1,21,0.021763325
1938884,87,53,1,23,0.002885342,1,19,0.014446259
7396877,110,97,1,144,0.03162241,0,4,0.146311045
7362858,66,91,1,14,0.00196147,1,14,0.008149385
8974015,102,114,0,153,0.032732248,0,17,0.313483238
6439018,40,107,1,81,0.009336233,0,48,0.320208788
391973,52,77,1,14,0.00167942,1,14,0.00467515
2972801,47,81,1,27,0.003837347,1,26,0.027425289
9502576,77,56,1,21,0.003055096,1,21,0.015098572
4779891,72,32,1,63,0.006409883,1,63,0.141853809
4564174,112,33,1,60,0.006516695,0,3,0.045758247
9290789,107,92,1,36,0.005594969,1,36,0.098485231
9227490,111,60,1,89,0.010507584,0,7,0.356464148
6575269,38,123,1,34,0.003731489,1,34,0.014965296
418593,66,121,1,45,0.006696463,1,31,0.080523968
5385899,49,55,1,6,0.000749826,1,6,0.001075983
5393254,40,36,0,41,0.004841328,1,33,0.023917437
5237913,100,56,0,14,0.001936674,0,39,0.10904336
328169,55,62,1,170,0.019135237,1,26,0.035758018
1660928,47,57,1,16,0.002174616,1,16,0.012610197
8173384,82,126,1,81,0.011931658,0,9,0.388386011
5917689,40,35,1,11,0.001375914,1,11,0.004373312
6217987,67,128,1,10,0.001603603,1,10,0.003345966
9879361,96,97,1,32,0.005311251,1,32,0.049895287
8512760,67,122,1,14,0.002076149,1,14,0.006073952
5232450,46,32,0,2,0.000305653,0,2,0.009372234
7243198,116,116,1,38,0.009233475,0,7,0.023787975
2694064,95,77,0,30,0.005051851,1,29,0.05240941
7878296,81,98,1,11,0.00176692,1,11,0.00411272
9080682,87,116,1,46,0.007358074,1,44,0.142808437
8310189,62,50,1,49,0.005967855,0,4,0.061960459
4865604,34,99,0,30,0.003782511,1,37,0.05551362
5304357,32,119,1,16,0.00172019,1,16,0.004828453
805683,59,101,1,36,0.004244566,1,36,0.039852381
1052604,46,109,1,19,0.002293587,1,19,0.006693363
962301,95,47,1,44,0.00512886,1,43,0.063666582
2480556,48,48,1,41,0.004856348,1,27,0.028302431
8652995,49,57,1,32,0.004242897,1,31,0.067816973
5527343,75,123,1,78,0.014276028,0,5,0.084069252
442391,112,68,1,85,0.012975454,0,11,0.44033885
9483740,100,41,1,11,0.001244545,1,11,0.005743504
9642587,103,107,1,8,0.001596451,1,8,0.002203465
7429229,72,117,1,8,0.001183033,1,8,0.002450228
6815806,87,64,1,26,0.004145145,0,8,0.016528845
5728357,47,107,1,38,0.004098892,1,38,0.101578474
8570365,96,113,1,96,0.016581535,0,6,0.272290468
3024331,82,47,1,9,0.000924349,1,9,0.002414942
4090406,82,74,1,72,0.010971308,1,56,0.139618635
7862542,118,68,1,101,0.015264511,1,72,0.255311251
1619649,81,61,1,19,0.003280401,1,19,0.010649681
5001506,95,84,1,74,0.013072014,0,40,0.5263381
245185,58,123,1,74,0.009167433,1,81,0.955456972
1782051,37,87,1,59,0.00755167,1,41,0.194978714
8618144,69,69,1,41,0.006105661,1,41,0.078154325
4783990,73,70,1,79,0.011867762,0,13,0.312886477
5916526,82,42,1,44,0.006063461,1,38,0.049618483
1329302,34,111,0,0,9.54E-07,0,0,0
9295953,115,118,1,96,0.018565416,1,32,0.107994556
6331454,109,53,1,11,0.001492977,1,11,0.003649235
8236127,34,70,1,72,0.008761168,0,40,0.43987608
3617239,71,59,1,113,0.015961885,1,57,0.354816914
8939195,98,91,1,31,0.005647659,1,31,0.054019451
1803323,42,88,1,14,0.00186801,1,14,0.008223534
9529720,98,84,1,6,0.000974417,1,6,0.000900745
8495843,119,84,1,12,0.001960039,1,12,0.004230738
8576450,75,62,1,14,0.001700878,1,14,0.008292913
6904815,35,124,1,56,0.005322456,1,56,0.228027344
9696164,65,113,0,189,0.02235198,0,23,0.133030653
9523261,54,84,1,44,0.004897594,1,42,0.170215845
8616297,76,81,1,53,0.007253885,1,58,0.3417027
3225250,51,119,1,101,0.012692928,0,3,0.026983976
3858728,39,49,1,20,0.002690077,1,18,0.010601521
6512744,102,34,1,31,0.003619909,1,23,0.012848377
7653628,105,52,1,36,0.004697323,1,36,0.127705812
672971,67,70,1,32,0.005433559,1,28,0.0327034
2497290,42,127,1,7,0.000730276,1,7,0.001736879
4171257,90,77,1,42,0.007735729,1,41,0.117268085
908503,114,51,1,34,0.004184961,1,32,0.031182289
3908492,43,116,1,124,0.014616013,1,36,0.128129482
6815983,116,43,1,41,0.005179882,1,41,0.053393841
4646258,122,48,0,0,1.19E-06,0,0,0
3606662,92,105,1,26,0.004369974,1,26,0.041456223
5017584,94,122,1,56,0.011488676,0,15,0.102242947
4524580,99,121,1,11,0.002398729,1,11,0.00323391
8821948,64,63,1,29,0.003517389,1,29,0.059318066
4361487,83,74,0,65,0.011431456,1,53,0.190639496
3967301,126,67,1,79,0.010816813,1,53,0.313863993
7828213,59,50,1,11,0.001636505,1,11,0.003523111
4059313,111,71,1,22,0.003298998,1,18,0.014546156
6882125,100,93,0,36,0.007049561,0,1,0.043081999
6044976,54,94,1,171,0.02176857,1,57,0.436970711
5620225,82,97,1,85,0.012910366,0,49,0.728133202
8960977,86,45,1,58,0.006408215,1,58,0.576348066
6673853,87,118,1,61,0.010679722,0,13,0.055806637
749606,77,81,1,13,0.00229311,1,13,0.005340815
2865071,65,124,0,300,0.038782597,1,61,0.568187714
2195354,69,125,1,35,0.006098032,1,35,0.032133818
93031,110,116,1,28,0.006386995,1,27,0.044894695
7734419,122,86,0,68,0.011921406,1,72,0.652461767
7185359,90,95,1,187,0.03347373,1,67,0.309722662
3448276,84,50,1,50,0.00621438,1,43,0.119036198
4661593,126,121,1,58,0.012045145,1,60,0.537220716
4676354,59,120,1,57,0.007546186,0,22,0.339669943
8646832,107,116,1,19,0.004049301,1,18,0.010342836
2717096,47,75,1,30,0.003692865,1,24,0.045037508
2576019,55,79,1,58,0.008343458,0,37,0.286563635
9639192,111,79,1,77,0.013024569,1,51,0.29532814
8404058,62,72,1,299,0.034343958,1,50,0.187113523
5264867,109,127,1,57,0.011523008,1,55,0.178676844
3776030,60,79,1,36,0.005400658,0,5,0.05039072
2396189,42,55,1,23,0.002423525,1,23,0.024769783
6090996,86,74,1,76,0.011972427,1,68,0.75807023
5579485,120,106,1,191,0.043854237,1,96,2.096277952
83146,104,99,1,104,0.022474766,1,65,0.485831022
8532838,111,40,1,43,0.004416227,1,43,0.070889473
6381567,116,76,1,100,0.017532349,1,69,0.884767771
1491907,82,50,1,43,0.005563974,1,43,0.092977047
2356662,80,107,1,33,0.006325006,0,12,0.027813196
8145539,126,35,1,74,0.007112503,0,36,0.162450552
1269495,67,40,1,27,0.002862215,1,32,0.059766769
7393738,113,128,0,300,0.058200598,1,118,3.566754818
2602022,122,119,1,143,0.037461758,0,36,0.479717016
590047,90,109,1,77,0.013109684,0,11,0.059229851
6551223,122,64,1,22,0.003313541,1,11,0.004558802
8185677,50,80,1,79,0.010823965,0,59,0.381899595
628053,84,107,1,48,0.007671833,0,11,0.059523582
8142650,90,124,1,61,0.010114908,1,59,0.426365614
5163875,120,107,1,46,0.007713318,1,50,0.230857134
8162514,45,118,1,268,0.028960943,1,52,0.13705492
3884644,117,106,1,40,0.006341696,1,40,0.133563042
4768965,108,109,1,2,0.000515699,1,2,0.00015521
611573,122,53,1,59,0.00723362,1,59,0.548328161
1459188,123,106,1,95,0.017781496,1,95,2.576625586
4646929,34,43,1,20,0.002177,1,20,0.012351036
8590596,117,41,1,299,0.030330181,1,73,0.318276167
3386278,75,49,0,20,0.003006458,0,19,0.022840261
1478914,118,114,0,32,0.008719444,0,47,0.784214497
6999292,45,126,1,17,0.002045631,1,17,0.010168552
8048938,106,107,1,122,0.02734375,0,28,0.130861282
6406401,33,45,0,0,0,0,0,0
7846684,90,76,1,38,0.005182505,1,38,0.08306098
1278367,107,34,0,300,0.030884027,1,20,0.016411304
6198827,57,118,1,16,0.002035856,1,16,0.012643814
7521823,43,94,1,15,0.001915216,1,15,0.008230448
4507902,115,114,1,39,0.00909543,1,39,0.117723465
6122895,41,103,1,23,0.002538443,1,23,0.03000474
3545727,112,125,1,140,0.034951925,0,18,0.400241375
8425806,35,57,1,40,0.004745007,1,33,0.059437752
8247241,35,56,1,40,0.003856421,1,40,0.097129345
5865278,32,43,1,22,0.002454519,0,9,0.012033939
7011791,80,62,1,11,0.001320601,1,11,0.0046525
3494534,123,34,1,2,0.000276089,1,2,0.000159025
5236887,118,116,1,103,0.025192022,1,61,0.358595133
2469478,128,64,0,52,0.007135153,0,48,0.396746635
1174035,97,105,1,25,0.005350351,1,25,0.031601191
959081,98,43,1,11,0.001431942,1,11,0.004834175
9165575,99,72,1,26,0.004043341,1,26,0.051334381
4685065,80,81,1,36,0.005209208,1,27,0.03446579
1072303,112,78,1,48,0.008682013,0,24,0.132911921
3634767,81,102,1,25,0.004157066,1,25,0.03757143
147770,101,87,1,38,0.006891251,0,19,0.026086569
5287659,91,62,1,64,0.010415554,0,19,0.293986797
8936768,93,114,0,300,0.045965195,1,46,0.094144106
3113293,114,110,1,32,0.006242275,0,24,0.078315735
6897794,58,93,1,51,0.007341623,1,49,0.338212967
5934605,64,56,1,45,0.005230427,1,41,0.044433594
4186705,124,92,1,28,0.004986286,1,28,0.046769381
4965387,79,101,1,63,0.009836197,0,10,0.114415646
3909932,71,117,1,69,0.010321379,0,45,0.269453526
2980851,76,39,1,21,0.002210379,1,21,0.012934685
356920,99,83,1,58,0.010335684,0,15,0.033961296
4234957,71,67,1,18,0.00262785,1,18,0.019975662
5692604,104,122,1,54,0.013269424,0,21,0.206266403
9936024,110,112,1,18,0.003326178,1,16,0.008086205
5769388,109,93,1,11,0.00244689,1,11,0.004003763
5996529,47,44,1,58,0.007006407,0,10,0.017576456
2419359,68,66,1,37,0.005697727,0,8,0.028461933
4554341,103,60,0,2,0.005864143,1,8,0.002138853
4594034,33,115,1,22,0.002523184,1,22,0.014878988
861964,121,93,1,53,0.01035285,1,37,0.069097281
5504310,83,90,1,83,0.011827707,0,19,0.741697311
6395408,125,117,0,113,0.029158592,0,81,1.385198593
5837459,87,38,1,32,0.003931999,0,14,0.053369284
4742999,66,105,1,25,0.004116774,1,25,0.03032136
3190328,108,75,1,18,0.002414942,1,18,0.009615183
3177686,52,63,1,30,0.003985167,1,30,0.048553228
5494294,116,46,1,52,0.006812096,0,24,0.271399498
3889048,72,115,1,104,0.015232086,1,70,0.112062693
9458103,43,112,1,5,0.000503302,1,5,0.000724792
8478625,124,127,1,18,0.003987074,0,11,0.014605761
6780416,39,40,1,32,0.003980398,0,22,0.059099913
1945761,36,84,1,13,0.00136137,1,13,0.005903244
7936727,68,59,1,56,0.008849382,0,15,0.061869144
9462808,90,61,1,40,0.005075693,1,40,0.131136894
9108552,67,70,1,47,0.008120537,0,28,0.068114996
9491723,51,111,1,89,0.011954546,0,54,1.499880552
7023444,87,37,1,17,0.002311707,1,15,0.010177612
9832201,80,98,1,82,0.013982058,1,58,0.187181234
3100946,81,41,1,45,0.005032778,0,42,0.191699028
8875638,44,92,1,42,0.005492449,0,7,0.01062417
5075801,114,97,1,34,0.007027864,1,34,0.075955153
9324779,124,80,1,57,0.010929823,1,55,0.323428631
5448527,61,52,1,33,0.00432992,1,35,0.10161972
6911564,120,121,1,47,0.011141777,0,30,0.270856619
5848015,125,35,1,27,0.002856731,1,27,0.058083534
1784277,120,87,1,173,0.027189493,0,2,0.048816204
6802859,121,122,1,78,0.017618895,0,16,0.155399561
6476984,39,123,1,40,0.005221128,0,23,0.097812653
3476640,69,117,0,64,0.042332172,1,62,1.161170721
1831365,96,124,1,97,0.017557859,0,27,0.393154144
9411060,117,114,1,136,0.031864882,0,13,1.53991127
5171547,44,42,1,59,0.007760525,0,1,0.003099918
2999219,118,100,1,29,0.005687475,0,1,0.002098799
3475410,125,128,1,66,0.01474905,0,47,0.338849068
3359596,99,119,1,156,0.037335396,1,66,0.753432512
6113297,110,106,1,79,0.014364243,1,75,1.073210001
8174576,111,76,1,61,0.010295391,0,28,0.154277802
1107876,34,98,1,32,0.003205538,1,32,0.043831348
6861905,107,45,1,24,0.002449036,1,24,0.024225712
4421449,81,116,1,45,0.006662607,1,41,0.10530138
6617639,87,72,0,26,0.004709482,0,22,0.021996975
4211903,71,84,1,117,0.016706228,0,29,0.281332731
1228378,34,44,1,16,0.002135038,1,16,0.006909847
2602386,63,58,1,17,0.002561569,1,17,0.009218454
1064604,114,71,1,125,0.018779278,0,4,0.077481985
8090359,52,35,1,22,0.002299786,1,22,0.030509233
5694959,79,38,1,41,0.004443884,1,39,0.103612423
3335967,39,45,1,18,0.002387285,0,10,0.006972551
4292274,86,88,1,111,0.019692421,0,10,0.551959753
550506,118,38,1,28,0.003130913,1,28,0.03858304
1442871,64,65,0,61,0.01005125,0,24,0.433256626
9641198,100,123,1,30,0.005372286,1,30,0.038121223
4976922,108,120,1,121,0.031819582,0,26,0.541578531
9388557,112,62,1,30,0.003741026,1,30,0.081886292
529228,71,43,1,22,0.002856016,1,22,0.021774292
8574113,77,118,1,27,0.004542112,1,27,0.062971354
5858192,122,67,1,42,0.006347418,0,9,0.008876562
5272710,65,102,1,61,0.007205963,1,64,0.508372784
1718185,33,48,1,13,0.001468658,1,13,0.006714821
8683312,103,90,1,19,0.003597975,0,6,0.010514736
5069896,64,78,1,28,0.004631758,0,7,0.012161732
5261109,125,59,1,68,0.009205341,1,46,0.10200572
9536591,75,104,1,55,0.008709908,1,53,0.178787947
9453222,69,48,1,24,0.003238678,1,24,0.033252954
3946080,123,108,1,35,0.007958174,1,34,0.082270861
2527032,74,38,1,8,0.000785351,1,8,0.002065182
4009094,32,63,1,7,0.000710964,1,7,0.001801968
2670733,35,74,1,14,0.001721621,1,14,0.010669231
1688962,107,120,1,65,0.013156414,1,65,0.268230677
5718521,55,79,1,44,0.006187677,0,20,0.044050217
7030,79,80,1,34,0.005749702,1,32,0.031366587
3759458,76,115,0,29,0.005222321,0,13,0.084114313
7160475,73,108,1,32,0.005366087,1,33,0.074938059
6075613,114,91,1,89,0.016096115,1,89,1.192804098
8661227,97,42,1,9,0.001209736,1,9,0.003377199
3229392,76,113,1,68,0.013121128,1,28,0.053910494
3027402,94,55,1,37,0.005126715,1,40,0.118317366
460925,68,92,1,28,0.003577232,1,28,0.054103136
8950580,32,57,1,33,0.003677368,1,30,0.05239892
4110545,47,48,1,29,0.003298521,1,29,0.022513628
7211277,57,120,1,81,0.010650635,1,81,0.221586943
3326043,70,50,1,18,0.002309799,1,18,0.007327318
1711590,84,123,1,19,0.003021479,1,19,0.013771057
6765072,116,47,1,23,0.002617121,1,23,0.031538486
6443079,38,92,1,35,0.004408121,1,35,0.057765484
3971894,90,111,0,300,0.052101135,0,27,0.269720078
9600776,119,118,1,213,0.04976058,0,49,2.863130808
2122518,40,59,1,42,0.005276918,0,12,0.020960808
5438508,47,78,1,52,0.006190777,1,47,0.125282526
3717037,121,94,1,65,0.009309292,1,65,0.795329332
8086146,95,52,1,47,0.005354643,1,47,0.18298912
8737080,72,115,1,88,0.012193441,0,28,1.255835533
1084067,50,85,1,28,0.00388217,0,12,0.029789209
2223499,120,78,1,15,0.002737761,1,15,0.006273985
6386364,122,55,1,51,0.006658554,1,51,0.194313765
5156307,51,65,1,15,0.002272844,1,15,0.012243748
4981252,75,91,1,19,0.003799438,1,14,0.007936001
7014659,127,127,1,22,0.005317211,1,22,0.029599905
4916729,76,127,1,26,0.003495693,1,33,0.066257238
2962536,68,109,1,30,0.003759384,1,30,0.02097106
5346822,110,118,0,0,0,0,0,1.19E-06
3438656,94,128,1,80,0.014797926,1,72,0.71423912
1235592,117,86,1,73,0.012285471,1,73,0.786020517
9279116,122,35,1,41,0.004280806,1,41,0.102781773
703963,115,83,1,30,0.004772663,1,26,0.03152442
7745992,54,127,1,172,0.020615339,0,76,1.734110594
940379,91,36,1,76,0.008452892,1,64,0.694192886
5841026,41,49,1,23,0.002886772,1,30,0.049025059
8639373,125,61,0,26,0.003736019,1,37,0.060168743
664529,75,90,1,100,0.01739645,0,15,0.262631655
7718545,81,126,1,80,0.014582634,0,1,0.018100023
5101648,48,83,1,142,0.016818523,1,20,0.011995316
4559426,77,74,0,84,0.012275457,0,1,0.029151917
7874699,66,50,1,63,0.007668495,0,48,0.16016531
8223290,32,33,1,18,0.002232313,1,14,0.003850222
9980233,121,39,1,44,0.004840136,1,44,0.112929821
679925,55,103,1,47,0.006664753,0,12,0.150474072
9218742,105,51,1,42,0.005355835,1,32,0.085799932
3896102,39,120,1,37,0.003702164,1,37,0.112819433
1958183,69,63,0,67,0.010685682,1,67,0.312928677
6903400,116,103,0,300,0.070309639,0,21,0.358695507
1201167,84,121,1,59,0.00882864,0,17,0.178046465
4033346,122,121,1,70,0.019431114,1,41,0.147620678
4258644,87,61,1,12,0.001839876,1,12,0.006868839
425262,59,98,1,88,0.010412455,0,7,0.357605457
7508177,87,72,1,62,0.010124683,0,39,0.253234148
4186814,124,56,1,36,0.004964113,0,21,0.09623313
7051400,91,72,1,29,0.005173445,0,19,0.03234911
2354889,37,58,1,27,0.003578663,1,25,0.021089077
1368988,64,42,1,6,0.000966072,1,6,0.001137733
9980698,60,102,0,73,0.011636019,0,15,0.11255455
2644338,112,74,1,222,0.037523746,1,94,2.242329359
3908336,83,79,0,30,0.005525589,1,34,0.088117361
6049098,122,71,1,55,0.00903368,0,25,0.385472536
1464898,74,105,1,56,0.0093503,0,22,0.086010695
5998045,55,81,1,271,0.027470112,1,59,0.128030777
2075835,127,88,0,95,0.01750803,1,77,0.466228724
6569144,37,108,1,56,0.005931139,1,56,0.424084425
4205801,119,60,1,68,0.009353876,0,68,0.918292522
1576164,128,105,1,67,0.013500214,0,24,0.300593853
1346672,119,121,1,44,0.008131266,1,44,0.248753071
4822561,66,60,1,56,0.00865531,0,39,0.156479359
32741,101,37,1,22,0.002330303,1,22,0.016491652
2053783,92,61,1,48,0.007022619,1,47,0.180769444
6720837,115,126,1,100,0.027077913,1,93,1.676703453
2887382,114,44,1,45,0.005127668,1,41,0.166913271
4061978,89,69,0,55,0.008825064,0,35,0.307713032
9379872,58,46,1,25,0.002940893,1,25,0.013884544
3946299,105,43,1,30,0.004229784,0,25,0.03286171
9454837,88,34,1,59,0.006057024,1,59,0.516568184
3519057,48,104,1,14,0.001865864,1,14,0.009856462
6679185,35,52,0,34,0.004724503,1,32,0.026558161
2578522,62,45,1,45,0.004913807,1,39,0.095105886
2608223,38,63,1,28,0.003268719,1,28,0.045319796
9963348,98,116,1,49,0.008937597,1,47,0.175494671
8422533,67,53,1,65,0.009027481,0,30,0.607099056
6238776,37,63,1,23,0.002643108,1,23,0.020812511
3865884,68,70,1,32,0.005233049,1,30,0.017938137
4093103,84,39,1,35,0.003671885,1,35,0.055554628
2724580,44,76,1,25,0.002888918,1,19,0.012187004
7154871,77,82,0,6,0.001067877,0,5,0.00280714
2437225,71,116,1,66,0.009730816,1,73,0.574909687
710057,82,127,1,70,0.009397984,1,70,0.567079544
1368156,51,106,1,59,0.006870747,1,59,0.205360889
3800001,40,121,0,1,0.00014782,0,2,0.000554085
6862860,37,108,1,22,0.002554655,1,22,0.031792402
9070267,37,76,1,19,0.001955509,1,19,0.017730474
8643387,128,116,1,59,0.015628338,1,23,0.025177717
6609255,90,79,1,121,0.018447161,0,3,0.037366629
8441301,104,34,1,29,0.003172398,1,20,0.027766228
7531630,123,50,1,25,0.002939701,1,25,0.023286581
8019003,34,102,1,23,0.002330542,1,23,0.028425455
4801914,71,58,1,52,0.008065939,0,3,0.027928114
1001163,82,113,1,82,0.013942957,0,19,0.342811108
2446590,71,61,1,24,0.002953291,1,24,0.030133724
2060948,67,97,1,22,0.003624678,1,25,0.038004875
9181957,54,111,1,39,0.004412413,1,39,0.102033854
8875031,39,86,1,18,0.001817465,1,18,0.010921478
9314315,89,95,1,64,0.011745214,0,23,0.120802879
9218775,123,108,1,62,0.013437271,0,12,0.162246704
8033500,99,61,1,36,0.004480362,1,36,0.106528521
2418703,122,54,1,15,0.002001524,1,15,0.009631872
6910892,50,90,1,66,0.007666111,0,1,0.00619483
8619823,49,55,1,41,0.006191254,1,40,0.065253496
2559869,77,69,1,76,0.013728142,0,7,0.098062992
7232823,127,103,1,260,0.062883139,0,2,0.192698479
5959507,52,122,1,45,0.005505085,1,37,0.074880123
8174725,126,62,1,32,0.003917933,1,32,0.108392715
9714857,126,39,1,43,0.005091667,1,35,0.092126369
6084145,108,71,1,67,0.011535645,0,12,0.105597496
616724,112,99,1,70,0.013245344,1,52,0.135708094
6732508,101,91,1,64,0.011914492,0,30,0.113440275
7441730,108,32,1,29,0.003138542,1,29,0.058008194
7793570,34,51,1,8,0.000880241,1,8,0.002126932
6217976,69,77,1,41,0.005954504,1,41,0.193422794
8562589,115,106,1,15,0.003012896,1,15,0.009703398
469134,78,92,1,46,0.009072304,1,27,0.038198233
9551713,126,122,1,60,0.015620232,1,58,0.402117014
2833403,41,58,1,8,0.000949383,1,8,0.001359701
7230668,73,112,1,40,0.007571459,1,48,0.185723543
5867026,33,35,0,4,0.00060606,1,11,0.004629135
459776,41,74,1,41,0.004691601,1,33,0.061905861
9755735,47,52,0,15,0.002105474,1,21,0.024416208
1270057,52,58,0,29,0.003977537,1,32,0.046344757
8129128,43,51,1,41,0.005351067,0,13,0.049078703
3616944,59,50,1,34,0.004740477,0,3,0.029450655
146052,116,104,1,55,0.011931896,0,14,0.098083735
2351893,122,56,1,10,0.001156569,1,10,0.002628803
9040482,73,98,1,43,0.007282734,1,49,0.091165304
9427249,47,32,1,13,0.001712084,1,9,0.003094673
6063590,121,107,0,75,0.0401752,0,38,0.64736104
2157254,42,120,1,62,0.006505966,1,62,0.118995428
1755774,115,63,1,80,0.009563923,1,80,1.27093792
3988808,67,38,1,16,0.002133131,1,16,0.005904913
5328681,39,84,1,16,0.001700163,1,16,0.010658026
2245181,45,84,1,18,0.002090454,1,18,0.008044481
8744479,64,119,1,27,0.003837347,1,27,0.036119223
3396020,100,115,1,86,0.014275312,1,72,0.607833862
9106781,43,38,1,31,0.003427744,1,26,0.024690866
6940808,121,104,1,44,0.007875443,1,44,0.163870573
2796317,113,126,1,13,0.003491402,1,13,0.003715754
7750457,58,122,1,55,0.007031918,1,57,0.325435162
6821395,124,64,1,55,0.008833647,1,51,0.325930357
2798663,106,36,1,8,0.000891209,1,8,0.002053976
194198,76,61,1,35,0.005722523,1,23,0.019725323
6462349,105,46,1,8,0.000913143,1,8,0.001406431
3088783,114,47,1,31,0.003272057,1,31,0.099434376
5087655,50,38,1,8,0.00099349,1,8,0.00254488
3423716,39,126,1,34,0.003651619,1,34,0.073940277
6105444,99,93,1,29,0.004612923,1,29,0.075652122
2884693,76,46,1,112,0.011995077,0,31,0.487076759
1030265,95,86,1,68,0.012196541,0,9,0.102203369
9047739,115,69,1,115,0.018733025,0,62,0.141446829
5893065,83,48,1,17,0.002217054,0,12,0.010933876
627243,48,122,0,19,0.00227356,0,17,0.020095348
7087091,55,83,1,50,0.005731821,1,44,0.09543705
4459620,87,39,1,48,0.004984617,1,48,0.322063923
7599709,69,39,1,23,0.002343655,1,23,0.011672497
3804100,84,78,1,129,0.023952007,0,19,0.711438179
5415347,55,118,1,62,0.00759697,0,5,0.132635832
4238838,102,106,1,205,0.04176259,1,119,2.344787598
5916582,119,86,1,24,0.003850698,1,24,0.010550737
1530381,119,99,1,50,0.013063908,1,53,0.304921389
1835641,119,62,1,115,0.015852451,0,61,2.5374825
7910258,107,89,1,51,0.009970903,1,51,0.065764904
2747347,46,53,1,30,0.003790617,1,30,0.057335615
1348552,59,78,1,24,0.003774643,0,17,0.021714687
53697,113,45,1,28,0.003345966,1,28,0.035410404
9460097,103,86,1,97,0.020345211,0,30,0.072689056
669166,115,59,1,10,0.001397371,1,10,0.00418663
6190509,90,67,1,37,0.005222559,1,37,0.038532019
4322199,62,99,1,74,0.012145996,0,18,0.463079929
4509751,40,79,1,23,0.002536297,1,23,0.034235239
4035256,45,90,1,28,0.003704548,0,24,0.069896221
9401274,60,57,1,97,0.01569581,0,20,0.188284636
2592146,101,113,1,137,0.021003246,0,21,1.646986961
1072094,109,113,1,20,0.004102707,1,20,0.02682972
1616749,80,38,1,38,0.004347324,1,34,0.052658796
4873546,81,65,1,3,0.000416994,1,3,0.000288963
8634031,48,115,1,48,0.007354736,0,33,0.099579573
6395253,60,35,1,14,0.001598597,1,14,0.007344246
909420,124,112,0,0,9.54E-07,0,0,0
3006110,47,61,1,42,0.004585743,1,42,0.15649128
6593716,118,127,0,230,0.067086458,0,62,1.64353776
1589122,94,79,1,58,0.009386063,1,56,0.308307886
90650,125,115,1,183,0.046988726,1,79,0.859458923
5867932,88,64,0,24,0.007178545,0,21,0.033137083
6270928,102,77,1,27,0.00488925,0,21,0.042856216
7042384,90,90,1,58,0.009071112,1,54,0.223630667
649469,93,105,1,44,0.008398533,0,12,0.085043192
3842369,60,74,1,55,0.007012367,1,56,0.384536505
9884039,115,97,1,23,0.003902197,1,23,0.014432192
4471248,53,108,1,4,0.000580072,1,4,0.000456095
1607140,72,62,1,28,0.004236698,1,28,0.024600267
17602,122,98,1,202,0.037697554,0,17,0.502873898
3272182,43,43,1,19,0.002398491,0,5,0.00457716
5749810,94,95,1,82,0.012490273,0,34,1.052690744
768864,66,71,1,23,0.003289223,1,14,0.008404255
368411,62,89,1,64,0.007926226,0,31,0.19841814
54971,40,118,1,27,0.003149033,1,27,0.013214588
5952200,107,42,1,39,0.004146338,1,40,0.120962858
259645,48,78,1,15,0.001758337,1,15,0.010951519
2513082,52,99,1,23,0.002851486,1,23,0.018677235
2531668,47,70,1,87,0.011481762,0,7,0.039275646
7195706,124,63,1,28,0.004012823,1,26,0.02808857
7814995,84,75,1,67,0.011073112,0,39,0.231805325
3320703,78,54,1,5,0.000576258,1,5,0.000665188
5227359,73,71,1,36,0.004528046,1,34,0.110245228
8585027,58,57,1,9,0.001295567,1,9,0.002806902
5155399,115,109,0,0,9.54E-07,0,0,0
6791027,62,74,1,36,0.005203962,1,36,0.105102301
1139460,82,95,0,50,0.008924246,0,57,0.37709713
1631829,91,34,1,67,0.007512331,0,18,0.162481785
6863361,61,81,1,57,0.00814724,1,56,0.174940348
2038010,46,123,1,30,0.003601789,1,30,0.03677392
2674583,32,62,0,24,0.002497435,0,18,0.021348715
8920993,83,73,1,81,0.011532545,0,22,0.106499434
4662368,105,123,1,136,0.02478385,0,48,0.520296335
3385739,95,55,1,32,0.004571915,1,32,0.05246973
4029344,92,123,1,62,0.010792494,0,12,0.290472031
9159491,128,33,1,58,0.006147146,1,58,0.146807909
9235604,87,104,1,44,0.007752657,1,32,0.045990229
5976181,112,40,1,71,0.008926153,1,42,0.094442606
4857558,81,108,1,36,0.00485301,1,36,0.096803188
5511907,109,117,1,52,0.01161623,1,44,0.046976566
7287644,53,75,1,39,0.005034447,1,37,0.059312344
9440309,80,99,1,84,0.014931679,1,70,0.512292385
2093879,128,81,1,50,0.009772539,0,44,0.452112913
2146080,45,60,1,36,0.00436759,1,36,0.084953547
3109305,40,76,1,5,0.000562429,1,5,0.000789165
4815627,41,77,1,34,0.004306078,1,34,0.106849432
3313995,76,52,1,69,0.009731293,1,58,0.236654997
6158690,34,84,1,24,0.002685785,1,24,0.034930706
7188243,41,122,1,60,0.006085873,0,25,0.271696091
6133508,81,109,1,49,0.009430647,1,47,0.150776863
2052932,64,94,1,32,0.004196167,0,13,0.043254137
3686036,34,119,1,57,0.005755901,1,57,0.33147788
8922510,88,87,1,87,0.016860723,0,17,0.436110973
3451486,114,54,1,31,0.004090071,1,31,0.087270498
650602,113,67,1,59,0.007852554,1,45,0.187900543
4539241,46,95,1,25,0.002866745,1,25,0.032719612
1393784,70,39,1,25,0.002639532,1,25,0.045033455
2830062,83,32,1,14,0.001672506,0,10,0.004670382
5158746,126,90,1,46,0.008567095,0,28,0.093757153
6426955,51,42,1,10,0.00150609,1,10,0.003142118
3913437,39,93,1,40,0.004797697,1,34,0.077338219
9168057,48,95,0,13,0.001958847,1,15,0.012294769
4788212,54,119,1,114,0.016941786,1,111,3.805523396
5557403,119,38,1,7,0.000794411,1,7,0.00148797
7564552,76,56,1,85,0.011959314,1,59,0.539926767
3742184,127,39,1,15,0.001775742,1,15,0.007095337
1000236,103,62,1,32,0.004599094,1,32,0.033516645
3344142,52,78,1,14,0.001950979,1,6,0.001069307
4878552,86,55,0,35,0.00493598,0,27,0.062857628
2067691,74,123,1,54,0.008106232,1,54,0.36704421
1316039,59,56,1,27,0.003757,1,28,0.036263943
1985111,53,124,1,24,0.003525972,1,25,0.03605938
1179076,82,62,1,87,0.012408733,1,54,0.380848408
6569132,75,70,1,31,0.005028248,0,16,0.018882275
3726347,103,88,1,29,0.004946947,1,25,0.023520947
7976671,92,124,1,83,0.014983416,0,6,0.10263586
643465,65,88,1,65,0.010220766,1,51,0.118996382
630187,89,42,1,16,0.00206995,1,16,0.0076406
6790212,32,81,1,27,0.002706051,1,27,0.013084173
2525167,109,45,1,23,0.003235817,1,23,0.02509594
9100923,53,114,1,29,0.004061937,1,29,0.078720093
1893151,103,39,1,63,0.006977558,0,4,0.040646791
7098371,124,114,1,27,0.006935596,0,14,0.023200512
9509232,57,125,1,34,0.005034447,1,34,0.034789324
4327448,113,120,1,67,0.013892889,1,30,0.048134565
4828739,97,80,1,75,0.012619495,0,24,0.460200071
2133617,63,108,1,25,0.00398612,1,13,0.008562326
4195496,123,60,1,9,0.001394749,1,9,0.002141953
9087293,107,40,1,11,0.001283169,1,11,0.004375219
510920,116,83,1,51,0.007327557,0,36,0.159594774
5227250,72,88,1,54,0.007800102,0,22,0.220405102
934434,43,124,1,41,0.005008459,1,41,0.073102236
1574772,46,95,1,63,0.007136822,1,63,0.729432583
5579599,75,123,1,39,0.005383253,1,37,0.10935998
5614104,114,98,1,96,0.022147655,0,5,0.081945896
238762,116,125,0,300,0.062777758,0,50,0.512286186
3311336,37,47,1,39,0.004248142,0,7,0.011680365
6042091,90,34,1,16,0.001822948,1,17,0.01187849
4668516,91,95,1,10,0.001403332,1,10,0.004160166
2141638,60,59,1,54,0.007150173,0,9,0.056754827
9143216,66,51,1,41,0.005176783,1,41,0.096777916
7321851,87,123,1,147,0.027697325,0,21,0.754672289
9362382,39,127,1,120,0.014018297,0,40,1.860808134
6464926,87,123,1,47,0.008783102,0,40,0.208346844
465265,35,108,1,73,0.007155418,0,30,0.929515839
4925774,78,99,1,69,0.009756327,1,54,0.325629234
235331,73,73,1,43,0.006611347,1,28,0.025185347
3333477,94,101,1,30,0.00631547,1,34,0.102347374
285889,54,42,1,40,0.004598379,1,34,0.066355944
7792430,46,85,1,31,0.003638983,1,28,0.046140909
8716491,55,85,1,47,0.005805492,1,47,0.063607216
8572699,126,79,1,80,0.012007713,0,56,0.173038244
1774242,97,109,1,84,0.01776123,0,16,0.12555933
1777131,61,76,1,42,0.005376577,0,18,0.159388065
1967848,33,72,1,23,0.002701998,1,21,0.011334419
862141,116,42,1,17,0.002211332,0,10,0.015350819
2752581,93,77,1,65,0.008946419,0,37,0.402027369
4596189,46,113,1,11,0.001413584,1,10,0.002206802
4072022,103,78,1,105,0.015623569,0,49,0.233503103
3769925,42,84,1,6,0.000673532,1,6,0.001043081
8131538,119,100,1,22,0.004152775,1,22,0.033127546
6634388,44,73,1,21,0.003697157,1,21,0.01756382
9794300,98,106,1,128,0.029194117,0,74,1.950974226
4602324,78,108,1,121,0.023280621,1,75,0.578037024
4290657,106,50,1,57,0.007061481,1,29,0.035262585
4640812,70,42,1,46,0.005586624,1,34,0.066731453
2272504,124,81,1,37,0.006712914,1,31,0.037724733
1989009,94,55,1,111,0.015615463,1,48,0.176894665
3034896,65,74,1,35,0.004518032,1,26,0.045710802
2693482,42,97,1,31,0.003868341,1,31,0.047902584
9034438,35,45,1,35,0.003814697,1,33,0.059606552
7268671,45,117,1,12,0.001467228,1,12,0.003893137
696019,125,98,0,20,0.004088879,0,12,1.041355848
3218716,65,79,0,300,0.032731533,1,27,0.034763813
8880503,68,34,1,42,0.004171848,1,39,0.156306267
4148289,48,57,1,10,0.001621246,1,7,0.001488209
6486481,72,32,1,36,0.004015684,1,36,0.048869133
6920234,125,93,1,144,0.028908014,0,10,0.529963493
5748768,39,57,1,11,0.001334906,1,11,0.003671885
5383311,105,64,1,32,0.004446983,1,28,0.065157652
9872241,37,120,1,10,0.001311064,1,10,0.004254103
2601039,61,122,1,68,0.009006739,0,40,0.814348221
366977,34,99,1,52,0.005612135,1,52,0.101166964
5706539,68,128,0,42,0.007508516,0,31,0.128032446
8420513,69,88,1,14,0.002017021,1,14,0.005207539
9763980,111,92,0,50,0.011646748,0,6,0.009331942
9960397,76,88,1,45,0.007050991,0,23,0.077557564
8243897,112,94,1,40,0.007689714,0,7,0.0705235
5299600,57,34,1,23,0.002660751,1,23,0.019076824
537234,73,33,1,36,0.004029512,1,36,0.075997591
499499,59,68,1,29,0.003998041,0,19,0.042541265
824499,91,62,1,152,0.021474838,1,19,0.014366388
2770973,111,79,1,58,0.008397818,1,40,0.190310478
2959982,69,68,1,25,0.00440073,0,10,0.017640829
1250705,119,94,1,26,0.005801678,1,26,0.046386242
7685027,118,84,1,42,0.0077281,1,38,0.058328867
4122225,85,60,1,36,0.005674124,1,34,0.046779871
7095329,116,45,1,71,0.009091616,1,63,0.31184411
9755627,86,60,1,22,0.003367186,1,19,0.006680727
8708318,52,72,1,6,0.000834942,1,6,0.001060486
6494100,126,100,1,144,0.032232523,0,20,1.558729887
8447606,62,42,1,27,0.003089428,0,11,0.034327745
4681595,61,37,1,5,0.00052619,1,5,0.000740767
3386736,57,115,1,30,0.004199266,1,22,0.027271748
9458161,92,111,1,178,0.038102388,0,63,1.130370855
7965581,114,71,1,51,0.0067873,1,45,0.063495874
9398620,57,120,1,43,0.005365133,1,43,0.0558815
6672300,108,118,1,44,0.011912107,1,44,0.197462559
1614090,36,110,1,9,0.001044035,1,9,0.003533602
7747552,116,108,0,167,0.037242413,0,2,0.0413239
9348596,54,66,1,43,0.005642414,0,2,0.00972414
571925,112,114,1,43,0.010248184,0,6,0.051995277
1973582,86,66,1,26,0.00369072,1,22,0.018782616
2071438,97,82,1,36,0.004951239,0,9,0.029275179
7500507,100,105,1,19,0.004160643,1,19,0.018419266
2572887,126,104,1,63,0.011894464,1,60,0.511567593
3585237,47,67,1,49,0.005894661,0,9,0.05202198
4800187,67,106,1,20,0.002951622,1,20,0.025924444
3172649,50,43,1,14,0.001684904,1,12,0.003941774
6087777,93,95,1,12,0.002008915,1,7,0.001784086
8988712,110,65,1,37,0.005268097,1,29,0.03490901
6683292,114,54,1,116,0.014436245,0,35,2.365012646
8125723,120,104,1,57,0.011804581,1,57,0.169886827
3073892,100,70,1,84,0.011965513,1,68,0.368639231
4519314,117,38,1,19,0.002105713,1,19,0.015433073
3661807,88,128,0,47,0.009286642,0,38,0.133999586
3926138,128,43,1,20,0.002099276,1,20,0.024759293
6310017,72,111,1,26,0.003395557,1,26,0.053218842
5310433,105,49,1,60,0.00820446,0,11,0.055603504
5497403,108,81,1,47,0.006186485,1,47,0.150457621
7602454,120,101,1,57,0.009256124,0,1,0.012795687
1996834,71,124,1,95,0.014617443,0,4,0.168622494
7553525,85,102,1,146,0.025260448,0,18,0.666513205
7336710,101,68,1,42,0.00620079,1,42,0.217162609
5830304,128,44,1,289,0.027303934,1,53,0.125746489
2759645,113,39,1,26,0.00304985,0,17,0.041269064
2004776,128,127,1,38,0.010263443,1,38,0.104052782
1366550,39,62,1,18,0.001971483,1,18,0.011429071
6470788,108,96,0,0,0,0,0,0
9480601,93,91,1,17,0.003667116,1,17,0.01746583
8572976,77,104,1,73,0.011443853,0,48,0.733618975
2891451,112,82,1,57,0.009387732,1,57,0.265333652
730912,35,125,1,84,0.008661747,0,20,0.179172993
514183,36,45,1,13,0.001299381,1,13,0.004606962
9455343,108,41,1,94,0.009024858,0,3,0.119988918
1069590,89,128,1,30,0.005480051,1,24,0.026326895
7822699,115,126,1,66,0.011968136,1,66,0.611989975
1442161,78,45,1,12,0.001796722,1,12,0.004737377
9456283,72,71,0,300,0.045298338,0,8,0.300671816
5390425,109,47,1,45,0.005937338,0,28,0.109410524
1399057,127,113,1,149,0.026523352,0,23,0.961909056
6505510,112,82,1,35,0.005669594,1,35,0.056264639
8383402,103,125,1,105,0.023918152,0,62,0.755586863
6508025,103,93,1,27,0.005533457,1,22,0.027580976
2325653,59,54,1,28,0.004233122,1,28,0.032974005
2928452,80,128,1,40,0.005757809,1,40,0.068603039
5787027,68,126,1,69,0.011998415,0,41,0.105479717
4075621,56,99,1,16,0.002149343,0,1,0.001924753
9642986,89,39,1,29,0.003505707,1,29,0.033975601
4523277,77,72,0,10,0.002145052,1,13,0.005120993
7957612,117,58,1,28,0.003740788,1,28,0.048683882
3317208,96,52,1,60,0.008982897,0,1,0.005310059
3513068,49,59,1,10,0.001235485,1,10,0.003704309
2880727,118,60,1,66,0.008878708,1,70,0.779993773
5676592,81,99,1,41,0.008738995,0,15,0.029700994
2520750,84,109,1,6,0.000956535,1,6,0.001072407
9554842,68,67,1,60,0.008782387,0,21,0.118834019
3411706,51,110,1,57,0.006611586,0,10,0.028555632
332156,114,47,1,61,0.007533312,1,39,0.105441809
9333420,47,126,1,39,0.005023956,1,35,0.0454216
6145303,120,85,1,78,0.014383793,0,43,0.167206049
5598132,97,46,1,86,0.009048939,1,84,0.53293395
9776581,96,70,1,17,0.002889633,1,16,0.012829542
839046,120,66,1,57,0.007614136,1,30,0.072919846
699518,110,68,1,17,0.002765656,1,17,0.009582758
48640,88,85,1,137,0.026412487,0,15,0.146470785
4017702,124,48,1,53,0.006456614,0,20,0.10517025
9539377,75,127,0,36,0.006199121,0,15,0.072813272
6564304,76,82,1,100,0.01707983,0,51,0.216063261
6426313,39,88,1,40,0.004435539,0,3,0.003559351
6597561,114,127,0,300,0.077393293,0,80,1.167672634
2937737,38,82,0,0,1.19E-06,0,0,0
9739930,66,86,1,69,0.010035753,1,59,0.329546213
355373,99,92,1,64,0.013125181,0,17,0.168610811
7777777,50,100,1,58,0.008163929,0,4,0.018666029
1316257,88,107,1,111,0.017644644,0,21,0.394697905
3695884,112,125,1,119,0.024817944,0,3,0.194314241
5652270,112,55,1,34,0.005054951,1,39,0.085941315
5231195,34,34,1,28,0.003279686,1,29,0.060358763
3930209,111,111,1,11,0.001952887,1,11,0.004897118
5090360,98,51,1,36,0.004129171,0,19,0.030124664
6634523,39,75,1,33,0.004046917,1,33,0.032513857
9896076,92,43,1,8,0.00087595,1,8,0.001783609
5464369,55,57,1,64,0.009732962,0,5,0.049474955
1429770,70,116,1,23,0.003216982,1,23,0.015523195
7838358,72,95,1,3,0.000534296,1,3,0.000279188
4482955,40,67,1,27,0.003071785,0,18,0.063147306
9728919,46,34,0,17,0.002080917,0,17,0.023296356
2273940,48,74,1,34,0.004863262,0,27,0.076664686
7598304,35,100,1,12,0.001164198,1,12,0.005499125
4940601,124,119,0,8,0.057008982,1,12,0.010028362
5155703,44,75,1,18,0.002368212,1,18,0.011296988
3684961,41,67,1,35,0.00416708,1,30,0.057302475
8188234,68,65,1,51,0.00640583,0,37,0.350347281
9166005,63,91,1,147,0.021604776,0,4,0.279545307
9870828,123,110,0,300,0.056970596,0,20,0.270810127
6795794,63,84,0,2,0.00033617,0,2,0.000658274
9541812,94,127,1,114,0.020417929,0,52,1.105304718
3866840,66,45,1,29,0.003957987,0,23,0.065390825
9173165,127,105,1,46,0.010550022,1,55,0.347827911
2686556,80,127,1,109,0.016649008,0,88,3.221633434
4721033,106,126,1,86,0.019003391,1,26,0.056490183
6977618,95,77,1,73,0.011318684,0,44,0.869666815
5678121,70,96,1,51,0.008651018,1,51,0.147064447
1578257,112,48,1,24,0.002607584,1,24,0.010528088
3245856,70,88,1,28,0.004251719,1,28,0.056360006
4326890,53,48,1,57,0.008150816,0,11,0.006882429
2849475,57,58,1,22,0.003112555,1,22,0.020983458
8745634,108,49,1,11,0.001520395,0,3,0.001479149
146739,125,38,1,18,0.00220108,1,18,0.019919157
9316564,60,90,1,10,0.001358986,1,10,0.00356102
5107381,58,50,1,12,0.001763105,1,13,0.006574392
3653968,112,55,1,7,0.000880003,1,7,0.001728058
8928282,95,68,1,99,0.016021967,1,59,0.441448212
8850649,50,35,1,42,0.004788399,1,42,0.153929472
4184651,93,109,1,69,0.010070324,1,49,0.320990562
5426266,109,70,1,17,0.002854109,1,17,0.00752306
2465011,57,34,1,40,0.004228354,0,24,0.083440304
9844997,102,38,1,77,0.008568525,0,12,0.116734028
619304,103,82,0,24,0.00490737,0,17,0.036982775
5354664,112,52,1,75,0.008816004,0,5,0.123055458
5568393,71,74,1,44,0.006268501,1,28,0.060764074
2620521,52,82,1,47,0.006238222,0,43,0.23647213
5820666,35,45,1,34,0.00444603,1,4,0.000568867
9050545,97,122,1,15,0.002716064,1,15,0.009736061
930247,49,54,1,43,0.005034447,0,1,0.006502867
30972,33,48,1,33,0.003946066,1,30,0.055012226
7853504,89,80,1,32,0.005135775,1,32,0.042643785
4080718,85,44,1,6,0.000739574,1,6,0.00091815
45235,116,105,1,64,0.014051914,0,2,0.011126757
4332683,50,96,1,6,0.000757217,1,6,0.00098896
4998760,65,53,0,36,0.004655838,1,42,0.112843752
9976655,49,92,1,21,0.002892256,1,21,0.008305788
6045959,118,40,1,55,0.006256342,0,29,0.390785694
5960496,128,42,1,47,0.00509882,1,37,0.06957984
2426005,89,40,1,58,0.006260395,1,58,0.148899317
8795844,49,38,1,3,0.000320435,1,3,0.000314951
3861071,90,123,1,57,0.008798361,1,51,0.329182863
5034761,102,113,1,18,0.003291845,1,18,0.011980057
9727465,41,116,0,56,0.005714655,0,14,0.209008932
4533538,36,33,1,31,0.003635406,0,13,0.075170279
5455293,90,76,1,69,0.010058641,1,69,0.498994589
5643003,79,91,1,103,0.015489101,0,21,0.235158443
8164976,91,119,1,35,0.005706549,1,35,0.028179169
2608039,82,81,1,5,0.000905752,1,5,0.000860214
5476829,52,40,0,0,0,0,0,0
6146049,59,79,1,51,0.006885529,0,25,0.24022603
9110157,60,125,0,139,0.037321806,1,55,0.271079063
4348359,63,41,1,46,0.004854679,1,46,0.213743687
1308437,96,97,1,89,0.022218704,0,34,0.11691761
6914704,82,114,1,46,0.006936073,0,9,0.012106657
4078875,68,32,1,33,0.003607273,1,33,0.054426193
7458388,77,71,1,9,0.001437426,1,9,0.003133059
4470372,45,38,1,20,0.00267148,1,15,0.012190819
2156746,70,97,1,39,0.005540609,1,39,0.085335732
6800192,109,87,1,35,0.006752491,1,44,0.204918385
3621909,117,73,1,35,0.005006552,1,35,0.072629929
9348926,122,127,0,300,0.056940556,0,15,0.700766563
5000369,128,119,1,15,0.003618956,1,15,0.007020712
910388,71,61,1,14,0.002107143,1,14,0.00962162
8273655,38,109,1,65,0.007211447,1,65,0.390305519
7865274,121,40,1,12,0.001432419,1,12,0.006556273
3868417,115,90,0,44,0.00609827,1,43,0.229050636
3451151,74,67,1,28,0.003839016,1,32,0.047944307
8562205,34,47,0,0,9.54E-07,0,0,0
9407683,60,84,1,17,0.002380848,1,17,0.007643938
5105940,111,39,1,32,0.003186703,1,32,0.05477643
7729839,63,125,1,119,0.019187927,0,20,0.904798269
2417600,83,90,1,80,0.012768745,1,37,0.089108944
2636155,113,108,1,56,0.011293888,0,25,0.118008614
8928735,126,46,1,48,0.006008148,1,43,0.074252844
2028729,125,112,1,15,0.004096031,1,15,0.009475231
803613,102,32,1,16,0.001656532,1,16,0.008315325
7286763,75,98,1,23,0.003520489,1,23,0.027088165
5124660,44,114,1,31,0.003788948,1,31,0.053716898
1252397,84,65,1,30,0.004401684,1,30,0.040660143
9343428,62,36,1,33,0.004083872,1,30,0.026348591
8481730,58,128,1,100,0.012884378,1,98,0.553500891
4754455,76,114,0,0,0,0,0,0
1552000,73,63,1,26,0.004117966,1,26,0.037701845
4377798,118,84,1,15,0.003080845,1,15,0.007293224
614626,90,117,1,35,0.006532907,1,35,0.03935957
9552130,103,95,1,130,0.022473335,0,15,0.121724129
246570,63,54,1,21,0.003425837,1,21,0.016597271
7098387,32,76,1,14,0.001512766,1,11,0.004295111
8373448,98,110,1,58,0.009781361,0,25,0.315634012
3422072,122,85,1,106,0.018439531,0,33,0.49701333
1362391,99,121,1,46,0.008555889,0,9,0.021728277
3998291,105,63,1,62,0.008216143,0,52,0.241111755
3728788,54,94,1,47,0.006717205,0,11,0.093748331
6775082,38,76,1,20,0.002527714,0,11,0.012726307
3315827,89,70,1,8,0.00104785,1,8,0.002248764
3585600,56,39,1,11,0.001354933,1,11,0.003354549
4999716,111,35,1,16,0.001680374,1,16,0.009287357
509398,50,82,1,29,0.004160404,1,25,0.037230253
4084980,32,104,0,27,0.003232956,0,1,0.003360987
5555922,115,83,1,20,0.003613949,0,5,0.011452913
6811468,102,79,1,17,0.002819061,1,17,0.014331341
2359307,64,41,1,21,0.002627373,1,21,0.01376009
7460183,43,101,1,30,0.003226757,1,30,0.075366497
9545294,96,58,1,74,0.010599375,1,74,0.366139889
7925918,36,101,1,17,0.002340317,1,17,0.017805576
5143699,120,81,1,69,0.010565042,0,6,0.12312746
8788036,61,86,1,25,0.003774643,1,25,0.011426926
8754859,52,76,0,93,0.012950897,0,43,0.475209951
1486601,56,125,1,59,0.008871078,1,59,0.256906986
6568689,66,42,1,3,0.000400782,1,3,0.000279665
835153,54,71,1,19,0.002937317,1,19,0.015248299
4982283,48,111,1,50,0.006041765,1,44,0.137184381
8415302,37,39,1,18,0.002138376,1,18,0.020357847
9533891,86,95,1,71,0.01158452,1,59,0.19334054
9180806,126,101,1,44,0.009641647,1,41,0.07570219
8379499,121,40,1,35,0.003624916,1,35,0.030442953
7697226,33,125,1,14,0.00167942,1,14,0.008980036
3248927,96,87,1,44,0.00765419,1,40,0.081966877
5897883,90,44,1,33,0.003887177,1,31,0.046356916
5315195,104,55,1,20,0.003081083,1,22,0.021747112
2619281,47,72,1,32,0.003720045,1,32,0.024171352
2479630,89,62,1,39,0.005289555,1,47,0.139601231
125069,49,35,1,6,0.000721693,1,2,0.000154972
1027242,99,66,1,47,0.006338358,1,47,0.275027514
3423856,116,75,1,88,0.012201071,1,91,1.952836037
9076830,61,63,0,284,0.034937859,0,3,0.059746742
3098157,38,113,1,52,0.006346226,1,48,0.308444262
1400801,103,124,0,87,0.017000198,1,67,0.633098602
461081,34,124,1,46,0.005526781,0,13,0.07625246
3127405,68,58,1,90,0.010931253,0,24,0.318346262
9807480,42,83,1,15,0.001811504,1,15,0.007619143
3610140,50,58,1,10,0.001418829,1,8,0.001462936
6368057,63,38,1,14,0.00164628,1,14,0.008300543
485518,127,119,1,103,0.023460627,1,100,1.531073093
938864,117,34,1,116,0.012101412,1,48,0.24362278
3191636,64,102,1,3,0.000449896,1,3,0.000311136
6285870,60,71,1,11,0.001621962,1,11,0.003831148
2089494,114,98,1,110,0.021390438,0,18,0.043864965
7094342,63,65,1,32,0.005220175,1,32,0.048678875
6183489,89,93,1,54,0.011348963,1,54,0.235205889
9845397,116,63,1,30,0.004442453,1,30,0.077324152
1257827,82,112,1,131,0.017823935,0,48,1.076092005
1715735,115,111,1,185,0.044966936,1,89,1.317647696
8201467,118,108,1,145,0.031240702,0,27,0.674644947
3418842,55,33,1,20,0.002235413,1,20,0.016375542
5931745,89,38,1,53,0.005728006,1,53,0.049111843
9927629,56,71,1,16,0.002294064,0,3,0.002986193
173052,57,119,1,36,0.004234791,1,36,0.053702593
3577757,117,95,1,17,0.004073858,1,17,0.006223917
8089087,59,108,1,12,0.001620293,1,12,0.003111362
7396976,78,78,1,15,0.002884626,1,11,0.005077362
1572562,44,110,1,36,0.004105091,1,34,0.103499651
3450898,124,34,1,17,0.002155066,1,16,0.008901596
482546,62,65,1,9,0.001348019,1,9,0.002029181
1336040,101,113,1,32,0.005939245,1,32,0.05157876
9867083,69,77,1,57,0.009177685,0,12,0.088417292
8018004,94,40,1,51,0.005934238,0,30,0.160068512
3897623,98,37,1,45,0.005079031,0,35,0.178676844
4001859,107,98,0,56,0.014050245,0,5,0.152525425
3615069,81,103,1,205,0.035303593,1,89,0.69883728
2104298,38,86,1,25,0.002906561,1,23,0.033363342
983925,60,101,1,59,0.008942127,0,30,0.096040726
4065223,37,51,1,75,0.009116411,1,47,0.078493118
9124004,76,53,1,62,0.007970095,1,48,0.199990511
2606734,71,32,1,18,0.002225876,1,14,0.007801294
6968939,36,115,1,13,0.001544714,1,13,0.005528927
3928885,61,104,1,110,0.015002012,0,66,1.345069885
5330965,106,34,1,82,0.008731365,1,76,0.273960114
9338007,55,62,1,29,0.003885984,1,29,0.047023535
1040413,122,78,1,74,0.012337208,0,22,0.656113625
5043392,93,127,1,63,0.010122538,0,23,0.128566742
838649,125,71,1,62,0.008846998,0,4,0.110454559
5204557,95,60,1,75,0.009685993,1,63,0.700082779
1542649,87,90,1,104,0.019243956,0,36,0.965909719
8006271,119,83,1,55,0.008247137,0,27,0.113259315
4076777,90,112,1,88,0.013494253,1,79,1.115330458
3947749,33,115,1,83,0.009589434,1,79,0.97149086
1974115,71,49,1,67,0.008502007,0,55,0.228519678
5212858,117,47,1,40,0.004781723,1,42,0.076859474
8471789,113,69,1,33,0.004996061,1,33,0.073275328
2492781,42,61,1,23,0.003063917,1,23,0.018021822
6147115,78,104,1,42,0.006732702,1,40,0.131292105
6706732,93,43,1,25,0.002674103,1,25,0.016720057
2910812,80,33,1,175,0.018523693,1,21,0.026992798
726011,89,109,1,17,0.003937244,1,17,0.016177654
9535046,42,121,1,24,0.002835274,1,24,0.044417143
3718178,43,45,1,9,0.000903606,1,9,0.003197193
7357534,37,113,1,55,0.005512238,1,55,0.317949295
3141250,92,73,1,30,0.004170656,1,30,0.042918682
2926058,56,101,1,27,0.003795385,0,20,0.020509243
1090528,89,119,1,19,0.003394365,1,17,0.013964891
6120584,43,64,1,35,0.003885508,0,23,0.051259756
7401032,100,117,1,91,0.016860008,0,27,0.212279558
564246,57,120,1,90,0.011544466,0,18,0.285729647
903882,113,107,1,88,0.020038128,0,45,1.489682913
2248028,73,110,1,21,0.003572702,1,21,0.02918911
4233764,46,46,1,32,0.003586531,0,10,0.024812698
9550532,109,77,1,23,0.004270554,1,17,0.013885736
4407565,57,43,1,35,0.004457474,0,24,0.047660112
2345579,46,115,0,10,0.001150608,0,6,0.005729437
7224834,39,105,1,44,0.00479126,1,22,0.017805815
4460746,114,44,1,17,0.002009153,1,17,0.010567665
2059444,84,93,1,63,0.010751963,0,27,0.087546825
6789460,114,40,1,6,0.000648737,1,6,0.001098871
5599551,62,111,0,43,0.006891966,0,17,0.132445812
7440311,105,105,1,140,0.025193453,1,69,0.393273592
1266984,108,51,1,12,0.001553535,1,7,0.001611948
7245617,86,57,1,36,0.005074501,1,37,0.079116344
3811324,55,47,1,21,0.002929926,1,21,0.016563416
5598744,126,32,1,43,0.004312992,1,35,0.035358429
123792,121,59,1,8,0.00103116,1,8,0.001921415
9787532,98,41,1,63,0.008133888,0,43,0.081309795
2868946,80,109,1,25,0.00442338,1,25,0.03003788
173104,65,60,1,10,0.001511812,1,10,0.002689123
4081670,104,92,1,37,0.007246017,1,28,0.017692566
8047797,118,44,1,109,0.011283398,0,9,0.771918535
3516993,65,38,1,42,0.0051651,1,36,0.07393074
8198678,60,105,1,19,0.002750158,1,19,0.006691694
1218797,77,66,1,19,0.005743504,1,17,0.01388669
1877578,43,45,1,13,0.002022505,1,13,0.007956266
4656258,92,116,1,18,0.00339222,1,18,0.011314392
773994,55,70,1,102,0.013184547,0,48,0.144925117
2870174,98,60,1,48,0.007575274,0,23,0.153074503
7298020,37,60,1,24,0.002911329,1,21,0.024750471
9710220,90,107,1,69,0.013486385,1,51,0.345706463
7886348,98,101,1,33,0.006304979,1,33,0.083825827
100857,68,56,1,5,0.000709772,1,5,0.000743151
3476150,56,64,0,25,0.00366497,0,9,0.008639336
969300,105,124,1,119,0.025543213,0,34,0.449201584
6318494,94,38,1,165,0.01688695,1,63,0.725621462
9000285,57,64,1,52,0.00649333,0,5,0.049955606
1620438,44,41,1,33,0.004226685,1,32,0.055312634
8069961,92,109,1,50,0.008952618,0,31,0.063481569
4131042,80,82,1,35,0.006469488,0,6,0.016823769
1678154,92,123,1,45,0.006953001,1,45,0.101772547
86691,128,42,0,300,0.029491901,0,61,0.368715763
3995128,45,97,1,17,0.00219655,1,17,0.011394262
8914874,108,36,1,11,0.00124383,1,11,0.004270554
6861,45,55,1,12,0.001399994,1,12,0.006335497
675696,126,57,1,81,0.010761023,0,76,1.656228781
5446107,42,111,1,43,0.005329609,0,19,0.095353842
1393284,89,127,1,83,0.014508009,1,53,0.289117336
7139293,35,59,1,4,0.000385046,1,4,0.000476837
3312672,40,86,1,62,0.007800579,0,57,0.361447096
2234981,105,86,1,42,0.007909536,1,42,0.105401754
4736237,74,52,1,27,0.003732681,1,27,0.030291796
4902369,47,51,1,23,0.003123045,0,2,0.001235723
7019870,84,53,1,24,0.003026962,1,20,0.023411989
2490896,60,117,1,123,0.016172409,1,81,1.567732573
7943770,105,48,1,35,0.003923655,1,35,0.088941336
3452848,80,121,1,18,0.00373745,1,11,0.003680706
4328520,37,111,1,8,0.0008564,1,8,0.002102613
30021,114,76,1,31,0.004620075,1,31,0.038978815
9060717,33,97,1,46,0.004873991,1,46,0.064121246
3972750,37,117,1,17,0.001653671,1,17,0.013946056
1607756,106,54,1,59,0.007131577,1,59,0.358235359
9678471,68,104,1,55,0.008374929,0,1,0.019874096
5250474,55,32,1,2,0.000300884,1,2,0.000159979
4632097,88,70,0,92,0.015277624,0,10,0.207777262
156645,67,41,1,16,0.002354383,1,16,0.008451223
8202466,92,121,1,19,0.00367713,1,19,0.018809319
9823557,85,55,1,31,0.019163132,1,27,0.047269344
3377612,89,64,1,96,0.01508069,0,43,0.245125055
385339,60,55,1,13,0.002009153,1,4,0.000484467
6173327,57,42,1,37,0.005051136,0,24,0.035676956
6439941,70,69,1,63,0.010661125,0,16,0.307033777
1550902,81,79,1,3,0.000478029,1,3,0.000255108
6591039,123,98,0,233,0.052798033,0,20,1.915257454
7777404,73,84,1,21,0.003762245,1,21,0.030620575
7443854,52,81,1,35,0.005244255,1,25,0.019807816
7888211,35,33,1,18,0.001922607,1,18,0.018726349
719957,102,76,1,24,0.003349781,1,24,0.023538828
3110379,116,33,1,95,0.010376692,0,36,0.648243189
5141555,122,51,1,23,0.002689123,1,23,0.038419724
8092021,90,74,1,31,0.004505634,1,31,0.046028376
5261676,57,38,1,30,0.003374338,0,3,0.023056269
5307833,37,55,1,25,0.002621651,1,25,0.023006201
2996419,74,125,1,79,0.012844324,0,10,0.141878128
3718106,34,95,1,17,0.001851559,1,17,0.012696028
6082617,93,46,1,36,0.004005909,0,11,0.049073935
6778650,89,125,1,276,0.039076805,0,22,0.390525103
2712209,72,65,1,6,0.000825882,1,6,0.001105785
4562930,33,110,1,90,0.010043621,0,24,0.154973269
7428016,124,66,1,41,0.006091833,1,33,0.070417643
956905,93,115,1,31,0.004321337,1,31,0.095282316
8134743,125,77,1,25,0.004282713,1,25,0.050159216
4364464,109,51,0,300,0.035249472,1,89,1.175313473
7319890,125,111,1,120,0.027544737,0,32,0.275942802
2346957,91,82,0,55,0.012284756,1,58,0.168721199
7014861,48,90,0,15,0.002198458,1,24,0.020638943
4098713,77,45,1,29,0.003291607,0,15,0.014838696
8106192,114,80,0,0,0,0,0,9.54E-07
2996119,84,96,1,45,0.007835388,0,33,0.198105097
9135715,114,79,0,0,9.54E-07,0,0,0
4954961,62,106,1,69,0.009369373,1,31,0.031122923
1973455,98,123,1,82,0.016427994,0,1,0.05524087
2257047,55,95,1,16,0.002111197,1,16,0.009483099
1689840,46,37,1,16,0.002002478,0,13,0.012890577
4992162,58,69,1,47,0.00740099,0,13,0.070083857
3884178,68,64,1,51,0.007536411,1,27,0.052138567
523587,96,118,1,58,0.010136843,0,23,0.328239441
1509902,115,109,0,300,0.056249857,0,10,0.174934149
5758655,120,44,1,27,0.003347874,1,27,0.030939102
317782,46,58,0,300,0.027138948,1,38,0.081728935
8808920,74,106,0,33,0.004775047,1,41,0.037627935
4356256,58,117,1,15,0.001848936,1,15,0.008019924
3011463,105,55,1,49,0.006949186,0,11,0.088172913
3467332,61,32,0,33,0.003634691,1,37,0.10404706
4127413,46,57,1,21,0.002579927,1,21,0.016069651
2954149,59,86,1,47,0.005975008,0,1,0.01714921
5611786,54,125,1,5,0.000655413,1,5,0.000799656
9836195,71,127,1,60,0.009473085,0,31,0.257272243
3321110,44,49,1,26,0.003283739,0,13,0.028049469
1869646,61,67,1,44,0.005946636,0,12,0.097689629
1321955,56,92,1,63,0.009168863,1,63,0.222663164
47196,106,99,1,20,0.004193306,0,6,0.014201403
7496105,100,116,1,90,0.016201735,1,88,0.336162567
3039661,121,74,1,41,0.005425692,0,4,0.049343348
9828138,70,85,1,68,0.011805773,0,13,0.172703505
5247867,44,117,1,5,0.000601053,1,5,0.000744581
3170904,80,61,1,6,0.000881195,1,6,0.001203775
491461,38,50,1,10,0.001433372,0,6,0.002471685
7091807,121,74,1,121,0.023213148,1,63,0.153031111
2312317,115,124,1,107,0.02144289,0,27,0.366014719
1727521,52,75,1,51,0.007159948,1,19,0.008135557
816599,96,69,1,68,0.009057045,1,53,0.214345932
7844016,34,126,1,28,0.002895355,1,26,0.03182435
8073106,79,77,1,49,0.008699656,1,49,0.164612293
309418,69,83,0,35,0.005973816,0,30,0.133446217
9382714,86,54,1,15,0.002181053,0,8,0.006607771
6981872,78,93,1,93,0.0157938,0,11,0.157963753
1452874,52,104,1,55,0.007498741,0,23,0.406122446
3550843,110,87,1,76,0.014039993,0,14,0.044360399
8748787,57,67,1,37,0.005101681,1,35,0.043253899
4548945,58,93,1,22,0.00311017,1,22,0.028139114
4100505,100,83,1,3,0.000578403,1,3,0.000307083
4416442,80,107,1,255,0.040610313,0,28,0.564124346
1237111,83,122,1,86,0.01470542,1,74,0.515569925
2610706,81,50,1,11,0.00124073,1,11,0.003535509
7433817,104,121,1,36,0.006624222,0,11,0.046744108
6154330,65,115,1,94,0.013189554,1,52,0.203209877
9438839,107,122,1,74,0.01287818,0,11,0.065966606
7833605,108,105,1,40,0.009803772,0,1,0.001819849
2425523,47,54,1,13,0.001924276,1,13,0.005115986
9840129,108,118,1,14,0.003170252,1,14,0.006811857
331861,111,61,1,42,0.005270243,0,15,0.082228184
135458,114,33,1,57,0.005413771,0,20,0.080789328
1654395,68,72,1,15,0.002646685,1,8,0.002084732
7539745,61,50,1,18,0.002678156,1,19,0.014540195
3693165,49,33,1,13,0.001457691,1,13,0.005937815
1099164,32,85,1,51,0.005496502,0,15,0.095458269
8343518,64,112,1,16,0.00287652,1,19,0.013186932
1128200,128,77,1,22,0.003570318,1,22,0.012213469
8642231,90,35,1,91,0.009227037,0,20,0.260808945
4970262,59,101,1,42,0.005523443,0,28,0.065761089
9751892,50,84,1,57,0.008238077,0,28,0.064363003
2889108,123,90,0,6,0.001285315,1,46,0.271800995
7159057,86,71,1,65,0.008459568,1,45,0.115773439
1299712,113,93,1,56,0.010327101,0,45,0.248106003
4050724,119,104,1,55,0.012344122,0,44,0.488149881
6031946,33,110,1,44,0.0049119,1,44,0.194606781
141671,91,44,0,132,0.016130447,0,5,0.197949648
9844591,104,124,1,80,0.02001524,1,78,0.641567707
1492824,56,55,1,16,0.002066612,1,12,0.004932404
5522336,75,95,0,38,0.006334782,0,34,0.289162159
4809057,122,32,1,19,0.002214193,1,20,0.016608238
6978014,92,101,1,59,0.011656046,0,46,0.47327137
689490,106,125,1,89,0.017214298,0,54,0.598682404
7188805,74,49,1,74,0.009071589,0,13,0.187134027
9352792,95,99,1,51,0.00774765,0,3,0.032077789
1454297,120,58,1,47,0.006226301,0,26,0.147358418
9653946,104,121,1,37,0.008344412,0,23,0.10452199
4458144,56,36,1,22,0.002813101,0,12,0.012955427
8637958,75,53,1,57,0.006899834,1,57,0.320815563
4462732,95,112,1,17,0.003180504,1,17,0.00973177
5984055,35,59,1,118,0.013213873,0,12,0.033513069
7094294,104,92,1,18,0.003575087,1,18,0.015308142
3948747,56,69,1,56,0.008873701,0,18,0.082300425
3119933,36,80,0,19,0.002432823,0,19,0.035908222
2649743,97,107,1,98,0.020759344,0,2,0.028610706
7763603,80,68,1,15,0.002216101,1,15,0.011063576
2386995,38,78,1,34,0.004145861,1,33,0.080387115
3627982,33,80,1,24,0.002710819,1,22,0.029490471
6548836,109,71,1,72,0.012242079,1,76,0.502098322
701775,116,89,1,41,0.00686121,1,41,0.087478876
5060647,76,70,1,34,0.006240845,0,1,0.001246929
8149435,115,107,0,300,0.07931304,0,75,4.059431076
2232637,72,37,1,34,0.003815889,1,34,0.079713345
8431221,112,112,1,87,0.016729593,0,44,0.058647156
6352125,67,35,1,19,0.002205372,1,19,0.009497166
4563418,82,102,1,105,0.016464949,0,26,0.687440157
6575209,119,126,1,29,0.005321026,1,29,0.043195009
4236561,76,41,1,47,0.004887819,0,12,0.029099226
9327079,52,77,1,26,0.003582954,0,16,0.035421848
5453475,109,71,1,15,0.001810789,1,15,0.009437799
8327060,72,102,1,39,0.005998611,1,39,0.085158587
8573116,128,106,1,94,0.017385721,0,48,1.864369154
6976654,124,125,1,19,0.003680468,1,19,0.023246765
9833143,119,110,1,64,0.013045311,0,4,0.075874805
2763139,61,87,1,17,0.002403498,1,17,0.005483389
5208135,125,114,1,98,0.017199755,0,71,0.697659969
2517686,122,102,1,61,0.011404753,1,59,0.466367722
6061397,111,69,0,81,0.012834787,0,3,0.058903217
5072933,41,37,1,14,0.001652479,1,14,0.009232044
6801963,95,50,1,22,0.002719402,1,22,0.029075146
5798203,102,58,1,66,0.008970976,0,23,0.235496998
9443632,57,112,1,52,0.007635832,1,50,0.29789114
3160686,63,58,1,15,0.002081156,1,15,0.008474827
3995775,127,37,1,8,0.00090003,1,8,0.001537085
210645,86,50,1,32,0.004347801,1,27,0.030412674
898317,117,56,1,32,0.004595041,1,32,0.045741796
8685707,84,46,1,27,0.003894567,1,23,0.032113552
7320330,46,41,1,25,0.003582716,1,26,0.028188229
1314822,43,92,1,22,0.002494812,1,22,0.026857138
6594957,108,117,1,3,0.000588894,1,3,0.00031805
2401704,128,127,1,233,0.058352232,0,3,0.152849913
6592015,71,126,1,66,0.008195162,1,66,0.776097059
5145255,38,94,1,31,0.003079414,1,31,0.078622341
6764766,88,101,1,8,0.001678705,1,8,0.002022982
9687438,45,37,1,1,0.000121117,1,1,5.98E-05
315836,67,82,1,51,0.008341312,1,48,0.252769232
5038216,115,73,1,57,0.008709908,1,59,0.374087572
5120015,96,79,1,11,0.001615286,0,3,0.001121998
9659138,95,113,1,83,0.015117884,0,59,1.035039425
9186443,40,84,1,34,0.0034554,1,34,0.092205763
9920757,98,126,1,217,0.043023109,0,23,0.684439182
747411,105,66,1,29,0.004300356,1,21,0.022834301
8043164,51,115,1,72,0.010310411,1,52,0.237923622
4197624,124,105,1,50,0.009061098,0,35,0.124847412
8639874,110,78,1,59,0.008214951,1,53,0.194806099
6212611,74,110,1,39,0.006814003,1,39,0.085557699
983862,124,81,1,40,0.005838633,0,32,0.095055103
3481374,92,114,1,122,0.024448156,1,48,0.125179052
9854863,79,84,1,26,0.004954338,1,20,0.020554066
613232,113,54,1,125,0.015036821,0,33,0.5171597
7977294,70,41,1,18,0.00211525,1,14,0.009698629
6587650,97,102,1,51,0.008939266,0,40,0.193909168
2595676,64,115,1,74,0.009849548,1,72,1.052305937
7006480,89,32,1,178,0.016795397,0,18,0.340260267
1563306,59,32,1,36,0.004359961,1,34,0.100323915
3435902,105,61,1,109,0.014134645,0,16,0.607363701
7477451,43,36,1,27,0.003444195,0,7,0.004625559
5392948,42,126,1,29,0.003229856,1,29,0.059447289
3032489,106,122,1,39,0.007508278,0,8,0.032343388
624836,98,101,1,12,0.003047705,1,12,0.006191254
4757442,40,76,1,10,0.001077652,1,10,0.004422665
8393705,39,106,1,9,0.001024008,1,9,0.002477407
7882786,108,44,1,10,0.001077175,1,10,0.003293276
2689866,67,90,1,20,0.00283289,1,18,0.012138605
4051936,128,116,0,61,0.013076067,0,50,0.208362341
9878766,90,71,1,66,0.010078192,1,46,0.121181965
343970,128,70,1,55,0.007572651,0,3,0.027291059
6111945,93,36,1,59,0.005816221,1,59,0.368942499
8414784,48,118,1,21,0.002854347,1,21,0.019458294
1384139,54,46,1,17,0.002399206,1,17,0.005413771
1212807,105,45,1,97,0.012779951,0,68,0.837053061
6933715,62,82,1,42,0.005882263,0,29,0.172056437
3290196,113,94,1,23,0.00451231,1,23,0.038592577
1345952,33,89,1,37,0.003869057,1,37,0.059158564
3754333,51,123,1,59,0.007393837,0,17,0.047379732
4920331,76,124,1,71,0.010796785,0,2,0.024661779
3679596,55,82,1,42,0.005387306,0,7,0.042140961
9460644,56,67,1,59,0.007783651,0,41,0.530050278
562876,53,89,1,42,0.004830122,1,42,0.153782129
5837503,49,48,1,29,0.004212379,1,28,0.047565699
5442697,58,70,1,79,0.010371685,0,19,0.108338594
8784835,107,47,1,42,0.005275011,0,1,0.001247168
2223780,68,73,1,79,0.011873722,0,33,0.374962091
5279201,92,55,1,106,0.013522625,1,37,0.093805075
8693321,52,50,1,40,0.006159544,1,30,0.057365894
2033642,54,92,1,23,0.003119707,1,23,0.033047676
3126678,70,76,1,68,0.009619951,1,70,0.802463055
2238999,121,109,1,43,0.008071661,0,9,0.079843044
6942748,71,106,1,39,0.005585909,1,39,0.057266235
1552486,101,103,1,28,0.005356789,1,23,0.037166119
5059927,128,55,1,10,0.001313686,1,10,0.002238274
3963977,35,49,1,13,0.001339197,1,13,0.004888773
1873893,48,32,1,27,0.003294706,1,27,0.028490305
4533185,106,44,1,33,0.003748655,0,11,0.064370871
1231196,86,105,0,300,0.051826239,0,49,1.615009308
2584689,92,47,1,22,0.002658367,1,21,0.017066717
3863733,125,60,1,35,0.005336523,1,29,0.036986351
2401212,87,78,1,8,0.001109123,1,8,0.001481533
3846937,78,69,1,55,0.007659674,0,3,0.021268845
9758403,115,76,1,49,0.008401871,1,55,0.232909441
8900135,86,125,1,80,0.014040232,0,51,0.687654972
1302336,95,102,1,58,0.009572744,0,18,0.128399134
5228601,106,88,1,108,0.021733046,0,39,0.528739691
9426130,88,42,1,22,0.002400637,1,23,0.026523829
7063281,40,86,1,4,0.000431776,1,4,0.000468254
918701,103,91,1,73,0.014331579,1,24,0.031091452
227979,82,58,1,18,0.002546787,1,18,0.009010553
1200320,39,42,1,14,0.001756191,1,14,0.007207155
1807472,60,68,0,29,0.005276918,1,25,0.056435347
1056641,61,125,1,17,0.00209403,1,17,0.012998819
4589385,124,109,1,107,0.019258261,0,106,1.921932459
6342295,97,110,1,75,0.015246868,0,18,0.108555079
5109601,115,34,1,27,0.002702713,1,25,0.013113976
443581,114,120,1,56,0.010598421,1,59,0.233671188
3619663,44,64,1,3,0.000315189,1,3,0.000253201
1528959,79,87,1,21,0.003705263,1,24,0.032438278
3187067,78,76,1,35,0.005957603,1,37,0.105419397
1590338,89,70,1,31,0.00383091,1,32,0.029784203
139229,123,32,1,23,0.002707005,1,17,0.013118505
319717,67,42,1,25,0.003522158,0,5,0.005772591
4306760,102,128,1,86,0.021403313,0,20,0.220351696
7794767,61,101,1,17,0.00203371,1,17,0.013872147
4481163,35,114,1,30,0.003312111,1,30,0.036493301
2929621,61,107,1,74,0.009841204,0,29,0.783328295
8030577,74,86,1,79,0.012626886,1,38,0.129878759
7462000,53,44,1,19,0.002462864,1,11,0.004637003
9881280,75,90,1,50,0.009061575,1,35,0.129445791
9540818,40,58,1,27,0.00372529,1,27,0.027759314
6843683,62,36,1,32,0.003536701,1,29,0.064962864
7515268,115,120,0,300,0.085665703,0,85,4.820229053
2029316,41,112,1,45,0.005002737,1,40,0.098702669
3974846,84,45,1,26,0.003459454,0,14,0.023697615
494346,90,114,0,64,0.011427164,1,56,0.267856836
5433632,49,88,1,32,0.004369259,0,21,0.021610022
622439,105,41,1,22,0.002477407,1,22,0.018357515
1302485,83,83,1,135,0.026909351,0,39,0.577437401
4156897,115,77,1,72,0.010380507,0,33,0.531228304
3811388,77,90,1,202,0.032376051,0,33,0.200788021
8244960,53,105,1,108,0.015065908,1,92,0.896217346
7804173,122,126,1,192,0.051639795,0,81,1.558918238
3562206,84,90,1,24,0.003590107,1,24,0.023358107
7502291,52,90,1,12,0.001399755,1,12,0.00411129
3636090,118,66,1,17,0.002314091,1,17,0.007539749
4601917,102,45,1,7,0.000863075,1,7,0.001187801
1944328,62,48,1,37,0.004529715,1,32,0.068888664
8685206,105,68,1,50,0.008275509,1,48,0.105037451
5837451,65,57,1,22,0.002716541,1,22,0.016120672
9196585,73,74,0,50,0.009359121,0,12,0.018980265
9604752,37,37,1,10,0.001236677,1,10,0.00432682
6577763,94,127,1,34,0.005568981,1,34,0.046861649
5260147,98,67,1,80,0.009947062,1,76,1.102895021
4909972,92,99,1,74,0.013992071,1,70,0.881831884
2224154,63,90,1,56,0.007912397,0,17,0.290500879
6327474,108,34,1,47,0.005030155,1,47,0.172922611
1906767,112,87,1,178,0.028971434,1,100,1.528991461
8213363,92,96,1,36,0.005360365,0,9,0.04112339
9204991,51,64,1,22,0.00310111,1,20,0.02708149
5709606,74,68,1,64,0.00782156,0,11,0.063828945
8480148,111,58,1,12,0.001598835,1,12,0.005907774
243221,115,96,1,257,0.048246861,1,33,0.029212475
26959,63,116,1,40,0.005877018,1,40,0.101653099
9915410,60,66,1,51,0.007254362,0,8,0.062142611
8368,94,34,1,26,0.002491474,1,26,0.053391695
4407479,120,128,1,70,0.020912409,1,80,1.136735201
1936696,40,54,1,2,0.00023222,1,2,0.000158072
1522682,121,63,1,115,0.014913797,1,41,0.146471024
8055523,86,86,1,74,0.011698246,1,32,0.073330641
5072976,123,112,1,140,0.029638529,1,68,0.175045729
4618909,72,45,1,11,0.001437664,1,11,0.003471375
5847119,126,103,1,117,0.022223949,0,53,0.741139174
469243,62,108,1,139,0.020260811,0,41,1.051514387
9806951,36,64,1,8,0.000891447,1,8,0.002341509
1481823,124,56,1,49,0.005686998,1,49,0.297421455
5201678,110,76,1,70,0.010690928,0,9,0.222851276
7087666,65,92,1,41,0.005385876,0,11,0.060841799
4087674,48,51,1,37,0.005565405,1,27,0.03545022
3937680,48,118,1,27,0.003956556,1,23,0.031546116
9232535,45,81,1,38,0.004454851,1,35,0.080173969
2568077,48,35,1,22,0.002341986,1,22,0.033150434
4558893,70,78,1,39,0.005926371,0,6,0.04406786
1179027,76,47,1,4,0.000464201,1,4,0.000463247
1013016,97,36,1,55,0.005586624,1,55,0.390329361
3292667,53,68,0,25,0.00334239,0,15,0.044891119
5309344,52,87,1,37,0.005059481,0,18,0.018737793
4010767,74,59,1,78,0.009778738,0,5,0.092926264
1903161,87,53,1,125,0.015396118,1,71,0.168253899
8431925,47,118,1,49,0.005791664,0,6,0.029953718
6237726,57,116,1,37,0.00485611,1,29,0.052643776
7508936,104,51,1,36,0.004508257,1,36,0.034537315
1752365,102,41,1,89,0.010984182,0,15,0.095318317
5701996,121,96,1,57,0.010364771,1,56,0.322771788
1903213,112,85,1,13,0.002664089,1,13,0.003919125
1996813,54,105,1,47,0.00617075,1,39,0.115218163
4415005,114,87,1,129,0.028416872,0,16,0.207213402
8581377,122,51,1,17,0.002072096,1,17,0.010552883
9631581,109,46,1,82,0.010148764,0,31,0.577212572
8841776,92,101,1,127,0.021489382,0,8,0.383949518
7562187,66,78,1,69,0.01158309,0,2,0.004652023
4308514,118,95,1,65,0.012814999,0,38,0.470176458
4604603,83,127,1,163,0.026386738,1,91,0.687912941
8426501,123,75,1,16,0.002570391,1,16,0.008354425
5394803,125,115,1,124,0.043300629,0,63,1.020246506
829872,60,59,0,20,0.003288269,0,20,0.022814751
6425020,52,115,1,21,0.00267005,1,21,0.007985592
4275875,76,96,1,58,0.00918746,0,5,0.051184177
911951,77,53,1,34,0.004661083,1,34,0.0674088
9476611,61,44,1,32,0.004142046,1,32,0.053213596
2581976,83,110,1,59,0.009344816,0,39,0.414084673
3999497,50,66,1,58,0.006654024,0,9,0.015131712
9866313,113,72,1,84,0.014117002,0,67,1.241661787
456820,86,118,1,60,0.010508299,0,15,0.243261576
3441221,64,112,1,12,0.001973152,1,6,0.000848293
5685410,75,73,1,64,0.008858442,0,12,0.185172796
4542731,99,76,1,11,0.001737595,1,11,0.002030849
2366414,105,43,1,99,0.0113132,1,93,0.431242228
6464663,36,67,1,46,0.004945755,1,44,0.245301485
6842344,81,45,1,41,0.00513339,1,44,0.119531155
3521415,56,115,1,41,0.006180525,1,41,0.190484285
6281877,79,118,1,57,0.010263205,0,6,0.013870239
7512066,69,122,1,24,0.003031731,1,24,0.040399551
4032673,110,52,1,67,0.008771896,1,67,0.732720375
3395874,125,116,1,8,0.001995087,1,8,0.001990318
698338,68,115,1,25,0.003908396,1,25,0.041913509
7285999,101,86,1,128,0.025686026,0,9,0.132427931
9257983,57,52,1,48,0.0060184,0,6,0.07231307
5510890,70,125,1,63,0.009187937,1,64,0.571612597
4813189,118,74,1,44,0.006504297,1,44,0.117014408
5807257,96,48,1,74,0.010013819,0,3,0.082598925
2662462,79,86,1,66,0.011107206,0,27,0.166961432
4365984,119,56,1,31,0.003985643,1,31,0.027585268
1350755,75,94,1,69,0.011469364,0,11,0.25579381
1219048,59,52,1,52,0.007686138,0,25,0.129123926
5849136,100,54,1,26,0.003656626,1,25,0.023244381
4349071,121,108,1,175,0.032827377,0,36,0.84803319
8865006,71,98,1,23,0.003726721,1,18,0.00796628
8873725,48,47,1,30,0.004181862,1,30,0.033592463
4996483,56,66,1,29,0.004118919,1,29,0.036251068
4666606,75,127,1,60,0.009967089,1,49,0.281771898
3225719,33,33,1,7,0.001009703,0,2,0.000859261
1423522,89,123,1,49,0.007081747,1,50,0.354611397
4621484,42,117,1,33,0.004016399,1,33,0.072018623
596844,88,67,1,78,0.010888338,0,31,0.829663992
2954953,92,45,1,16,0.001764297,1,16,0.010285616
7698939,94,61,1,28,0.003760099,1,28,0.026053905
9986861,127,97,0,107,0.019040108,1,44,0.185967922
8980089,123,32,1,20,0.002189636,1,20,0.018710613
68259,125,81,1,11,0.001924038,1,5,0.00083375
8110241,46,89,1,24,0.002572536,1,24,0.046508312
7353654,81,92,1,70,0.01137948,0,18,0.244992733
3351404,57,106,1,15,0.002099276,0,5,0.002764225
4376497,45,97,0,30,0.00393796,0,29,0.030508041
2648680,113,115,1,174,0.044939041,0,6,0.277530193
7080351,83,71,1,45,0.00687623,0,17,0.088524103
1256124,76,95,1,33,0.005017757,0,15,0.044405222
5513607,105,60,1,35,0.004092455,1,35,0.131364346
2954412,122,39,1,30,0.00342536,1,29,0.020935535
7566954,33,36,1,28,0.003288984,0,18,0.031467438
6504319,127,126,1,21,0.004912138,1,21,0.030807018
9338394,125,54,0,300,0.032019615,1,58,0.434729338
5635259,112,68,1,29,0.004090548,0,8,0.018832207
7253255,60,84,1,9,0.001214504,1,9,0.002932787
6090263,68,74,0,48,0.008897781,0,14,0.047503471
1336552,73,76,1,57,0.008839846,1,33,0.06224227
8809332,34,92,1,44,0.005270481,1,44,0.125285625
9368874,74,37,1,64,0.007451773,0,33,0.302876949
5697489,116,99,1,50,0.009230614,0,41,0.105618238
1339863,120,89,1,52,0.009709835,0,30,0.097243309
7181281,118,93,0,52,0.011725426,0,44,0.135672092
6071914,35,64,1,11,0.001126528,1,11,0.004729509
8633757,80,61,1,43,0.006198406,0,39,0.15461731
2797392,89,64,1,108,0.013147831,0,36,0.901183128
2247292,119,56,1,23,0.003123045,1,23,0.030524969
5516265,120,125,1,141,0.033676386,0,27,1.703916788
7808730,52,49,1,54,0.006401539,1,38,0.079081535
4987450,100,88,0,39,0.008948565,0,20,0.270439386
7026435,55,76,1,61,0.007523775,0,6,0.042711258
4229261,113,32,1,14,0.001481533,1,14,0.004263163
4365923,78,115,1,82,0.013624668,0,50,1.103980541
8970766,79,99,1,45,0.007657051,0,33,0.187651157
9366941,83,55,1,43,0.005914688,1,41,0.033733606
3580491,35,123,1,13,0.001558781,1,13,0.006850481
9743041,123,100,1,54,0.010834932,0,6,0.0211339
532053,104,123,1,32,0.006681919,1,32,0.069133759
4752855,83,112,1,30,0.005577326,1,24,0.024435997
2797718,36,110,1,86,0.010354996,0,3,0.104887724
7317708,46,69,1,48,0.005120754,1,40,0.091008186
8067287,38,97,1,62,0.007349014,0,36,0.361213446
798677,46,76,1,56,0.007121325,1,56,0.416349888
4127425,63,98,1,27,0.00335741,1,27,0.030871868
4914779,57,119,1,92,0.012091875,0,39,1.02281332
9786571,51,111,1,71,0.008039713,1,61,0.581192255
7089542,89,67,0,116,0.018502712,0,12,0.108529806
6097158,85,91,1,26,0.004652023,0,7,0.00915432
2806101,117,43,1,20,0.002112865,1,20,0.0229671
7883443,82,46,1,17,0.001837969,1,17,0.016267538
1166361,89,66,1,32,0.004674911,1,22,0.026030064
9254311,44,67,1,8,0.001065254,1,8,0.002162933
1742775,88,70,1,93,0.014546156,0,36,0.239293098
9385580,109,124,1,68,0.014786243,1,55,0.274400711
233058,62,67,1,33,0.005413771,1,29,0.058110237
8239734,76,69,1,24,0.003207922,0,18,0.028724194
6808043,43,81,1,53,0.006299257,1,53,0.110656738
3598411,105,43,1,11,0.001291513,1,11,0.004524231
1569082,49,92,1,7,0.00095439,1,7,0.001755476
7773871,114,117,1,105,0.022510767,0,20,0.29825449
6792406,47,79,1,41,0.004720449,1,36,0.106853247
3341465,92,96,1,27,0.005216599,1,27,0.039742231
6388689,106,55,0,1,0.000120878,0,1,0.039217234
9209560,102,42,1,51,0.005877495,0,9,0.037894726
1299211,81,63,1,45,0.005996704,0,36,0.206677914
3778838,122,107,1,15,0.003341198,1,15,0.009031296
1934286,44,97,1,60,0.007534742,1,60,0.201115847
4367003,37,70,1,10,0.001169682,1,10,0.003058434
3146025,75,114,1,17,0.00281167,1,17,0.010871887
1526676,119,127,0,23,0.007149458,0,19,0.320789337
8742986,59,106,1,16,0.001871347,1,16,0.013748407
961664,89,69,0,4,0.000583887,0,1,0.000510216
4664696,92,88,0,19,0.003554344,0,23,0.166359186
8376261,115,61,1,59,0.007948875,0,2,0.033224106
6131624,64,91,1,34,0.004935741,1,35,0.047492743
7663457,69,41,0,17,0.002300262,1,32,0.035833597
7628237,65,127,1,19,0.002474308,1,19,0.011800528
2063244,49,73,1,11,0.001325846,1,11,0.005354643
2095417,100,61,1,80,0.011432886,0,32,0.252859831
9436149,66,104,1,41,0.006740808,1,41,0.141447783
2766574,80,87,1,72,0.012784481,1,65,0.492202282
270053,105,89,1,58,0.01290226,1,35,0.080271959
7872946,90,73,1,73,0.010122061,0,26,0.22798872
6638127,123,86,1,31,0.006409645,1,32,0.049165964
4520895,71,66,0,21,0.003019094,0,16,0.023745298
3822799,82,43,1,36,0.004631996,0,25,0.071126699
8111746,41,107,1,6,0.000757456,1,6,0.001029253
3513308,65,97,0,28,0.004518747,1,39,0.05883193
6827646,125,96,1,84,0.014627695,0,38,1.460810661
2909474,124,58,1,48,0.006820202,0,21,0.207268238
8163848,122,119,1,112,0.028445244,1,66,0.52408886
9447164,95,60,0,0,9.54E-07,0,0,0
7627345,118,99,1,111,0.019395113,0,24,1.02723527
8345565,62,124,1,23,0.004376173,1,10,0.003557682
8931540,103,71,1,85,0.01231575,1,69,0.288427114
3886751,112,48,1,72,0.009068012,1,68,0.788211346
1300879,50,111,1,40,0.004707336,1,38,0.138472319
984913,59,46,1,20,0.002129555,1,20,0.022830009
3426161,73,79,1,58,0.009938478,0,33,0.103115797
9554806,79,115,1,8,0.001296759,1,8,0.001979113
3430054,114,63,1,96,0.014168978,0,20,0.544671774
1564522,116,39,1,139,0.014360666,1,35,0.064819574
2761266,84,86,1,36,0.005669117,1,36,0.081224203
6634050,65,39,1,20,0.002346039,1,20,0.016435385
9928306,53,119,1,38,0.004918814,0,2,0.02324295
2084010,80,104,1,56,0.009524107,1,54,0.303321362
2252829,47,57,1,41,0.004872561,1,41,0.129317284
461774,92,98,1,20,0.003582716,1,20,0.010347366
7690573,45,126,1,25,0.002671003,1,25,0.015918016
8896399,113,97,1,84,0.020535946,0,27,0.339245796
8165431,119,120,1,96,0.018279552,0,61,0.574943781
447179,107,45,1,58,0.006196022,1,49,0.1274786
500216,89,82,0,77,0.014700651,0,18,0.10106802
8598479,66,45,1,28,0.003304005,1,30,0.04501009
2939201,54,65,1,32,0.00397253,1,32,0.061220407
572005,45,92,1,44,0.005197048,1,44,0.07796073
2106707,40,112,1,63,0.006721973,0,5,0.175773621
2116807,87,46,1,4,0.000514269,1,4,0.000439405
7550310,50,51,1,69,0.010974407,1,25,0.024841309
7580878,54,40,1,22,0.002226353,1,22,0.022523642
4790535,82,119,1,61,0.010906458,1,61,0.254745722
5627898,99,86,1,26,0.004753351,0,8,0.010421753
8808909,78,32,1,34,0.00374198,0,1,0.001003981
796746,126,59,1,127,0.015688181,1,105,2.047896624
7886889,93,39,1,27,0.002934217,1,27,0.024976254
404228,55,32,1,4,0.000534773,1,4,0.000524044
6300623,42,116,0,300,0.029306412,1,49,0.179443598
3218884,83,53,1,6,0.000680685,1,6,0.001059532
191670,124,34,1,18,0.002079487,1,18,0.013242245
665062,41,126,1,73,0.008682728,1,73,1.178033352
3051695,52,100,1,73,0.010186672,1,56,0.510011196
7124912,123,95,1,122,0.018773556,0,41,1.722474337
5148759,58,96,0,31,0.004401922,1,37,0.101529837
2579103,123,58,1,21,0.002640963,1,20,0.011711836
6983524,124,52,1,21,0.002835274,1,19,0.014685631
3619899,112,100,0,195,0.038881779,1,86,1.510704756
2843761,128,44,1,16,0.001966476,1,16,0.009982586
8462195,123,99,1,35,0.005915165,1,35,0.069685459
794935,32,58,0,4,0.000477552,0,2,0.001240969
2765409,124,126,1,45,0.012885571,1,25,0.105447769
8441033,43,54,1,36,0.004494905,0,25,0.075236082
4195918,96,57,0,300,0.038190126,0,54,0.558685064
1984271,96,32,1,48,0.004575729,1,48,0.244040966
6643930,75,65,1,45,0.005742073,1,31,0.068326712
7027728,34,43,1,25,0.002960205,1,25,0.034394503
8695050,110,41,0,300,0.028860569,1,58,0.103504896
1014498,42,40,1,28,0.003491879,0,16,0.016345024
1916132,117,91,1,56,0.009677887,1,63,0.456082821
2155535,122,44,1,21,0.002334118,1,21,0.023705006
9631724,99,62,1,109,0.015601158,0,35,0.05360055
6995104,77,75,1,88,0.016142607,0,44,0.436212778
7994036,102,55,1,22,0.002666712,1,22,0.018153906
4438220,116,124,0,37,0.007634878,0,3,0.028002262
6474220,46,121,1,33,0.004002571,0,14,0.037839651
8594409,79,37,1,6,0.000689745,1,6,0.001185656
6280388,58,65,1,20,0.003181934,0,3,0.002283812
8672311,63,69,1,42,0.006811142,1,44,0.210492849
8421803,114,108,1,40,0.008855104,1,40,0.114923239
199110,46,50,1,27,0.003358364,1,27,0.043963671
5193316,96,95,1,125,0.02042222,1,72,0.61492157
3062894,100,100,1,86,0.020288229,0,5,0.090149641
1801594,101,44,1,19,0.002738476,1,18,0.011671066
9556084,64,68,1,70,0.01078248,0,11,0.146071911
3434709,71,46,1,23,0.002882242,0,14,0.015361547
5441907,113,103,1,60,0.010704041,1,48,0.211761236
1103908,120,53,1,29,0.004057169,1,29,0.025472164
9351392,112,107,1,81,0.019636869,0,5,0.031644106
4860403,63,89,1,46,0.007019997,0,1,0.002136946
2803072,107,38,1,27,0.003479719,1,27,0.060721397
798174,109,80,1,69,0.011729479,1,68,0.270374775
5146577,61,60,1,28,0.00432229,1,28,0.034186125
4140781,125,73,1,13,0.002251148,1,13,0.003996611
8029138,41,56,1,27,0.003389597,1,27,0.019793272
8558720,38,87,1,21,0.002406359,1,21,0.017580986
5151463,87,55,1,62,0.007576466,0,15,0.251583576
9468116,57,70,1,27,0.003438473,0,7,0.018320084
77635,114,59,1,13,0.001564026,1,13,0.007772207
7254054,125,70,1,24,0.003855705,1,21,0.027484894
1961714,120,71,1,76,0.013174295,0,38,0.154469967
9868144,48,103,1,35,0.004683018,0,13,0.007185459
5818998,105,118,1,30,0.005518913,1,34,0.07264924
2483520,101,63,1,73,0.011229277,0,10,0.022239923
9123706,70,35,1,5,0.000600576,1,5,0.000866413
6935989,57,98,0,3,0.000455856,1,13,0.003153801
165102,45,125,1,22,0.003536224,1,19,0.011759758
3448396,93,90,1,98,0.020936251,0,36,0.155732393
6521453,50,117,1,70,0.008974552,0,65,0.930195332
1479114,59,66,1,66,0.008940458,0,24,0.244413853
707569,88,71,1,10,0.00158453,1,10,0.004590034
1923491,70,100,1,65,0.008745432,1,61,0.562519789
4000804,100,46,1,32,0.003509045,1,32,0.01824069
8289311,56,108,1,32,0.004692554,1,32,0.096778393
5744374,88,96,1,25,0.004378557,1,25,0.041125774
5262886,45,90,1,111,0.013701916,1,36,0.047088861
1139355,119,104,1,75,0.014263153,1,15,0.006155729
9367109,69,50,1,31,0.004156113,1,34,0.043823957
1682828,100,100,1,81,0.015272379,0,37,0.907906294
2743388,121,69,0,300,0.0428195,1,61,0.559040785
8901530,60,103,1,127,0.016229391,1,41,0.191013575
2225515,76,127,1,27,0.003787041,1,27,0.025588274
9950232,40,59,1,55,0.006425142,0,10,0.057481527
6650566,42,37,1,3,0.000406265,1,3,0.000283957
7876298,115,103,1,70,0.013435602,1,69,0.407804251
1730000,94,102,1,23,0.004598141,1,24,0.041591406
5953881,66,99,1,21,0.00289464,1,21,0.013672352
2574678,96,51,1,70,0.007869482,0,39,0.123878241
6061212,95,60,1,35,0.005827904,0,24,0.068716288
7236418,76,89,1,29,0.004345655,0,8,0.02134347
4189293,107,112,1,10,0.002049685,1,10,0.003043413
7378337,122,109,1,54,0.013815641,1,54,0.343918324
7476708,68,50,1,18,0.002655268,1,18,0.013825893
9122375,32,116,1,37,0.003642321,1,37,0.028557777
9217472,122,65,1,27,0.003030062,1,27,0.036929369
3852399,44,90,1,15,0.002003193,1,15,0.008012533
5065297,91,103,1,20,0.003505468,1,20,0.017446041
7201390,112,105,1,167,0.040938377,0,62,1.543632984
4549366,56,85,1,36,0.004338264,1,36,0.087673664
3615714,98,126,1,58,0.010741234,0,15,0.107688665
3691893,53,76,1,28,0.00330162,1,30,0.067867041
4092118,41,69,1,44,0.005132198,1,34,0.113934755
5858670,122,87,1,25,0.004107237,1,25,0.024971485
6049848,36,34,1,15,0.001977205,1,17,0.011492252
6900346,123,123,1,30,0.008430243,1,30,0.038387775
1974886,82,76,1,39,0.007276535,1,33,0.044999838
4845085,59,47,1,16,0.002154589,1,16,0.010421276
3268072,33,43,1,4,0.000477552,1,4,0.000435114
9187007,102,95,1,164,0.035379887,0,1,0.038912058
8081281,96,82,1,36,0.006217241,1,36,0.059956074
2170174,57,64,1,52,0.007533073,1,40,0.064143896
8209678,122,128,1,5,0.001215696,1,5,0.00062871
3688239,63,101,1,26,0.003738642,1,26,0.017435789
9557501,103,55,1,34,0.004037857,1,30,0.087857962
8786280,41,36,1,19,0.002283335,1,19,0.020795822
3991902,79,81,1,16,0.002476454,1,13,0.006723881
1373066,79,126,1,48,0.008206367,0,8,0.053000927
9857415,84,74,1,55,0.009886265,1,44,0.12135911
1666245,112,62,1,20,0.002275229,1,20,0.023139477
3958919,127,46,1,6,0.000795841,1,6,0.00110364
9665479,43,32,1,33,0.00368166,1,33,0.111383677
6094350,101,125,1,8,0.001360178,1,8,0.002150059
318609,90,114,1,81,0.018201113,0,29,0.185410261
9878703,105,99,1,56,0.014263153,0,1,0.003272295
4438661,85,35,1,45,0.004720211,1,43,0.105694771
2913855,50,105,1,84,0.009421825,0,30,0.158104897
6858667,84,37,1,21,0.002197742,1,21,0.014733791
4147329,66,101,1,16,0.002372503,1,16,0.009213448
644121,99,42,1,36,0.004578352,1,34,0.055877686
6058075,46,87,1,31,0.003178835,1,31,0.062767506
6095842,125,104,1,39,0.007510185,0,15,0.092515707
7819838,74,116,1,44,0.006456852,0,17,0.050832748
667821,55,99,1,35,0.004921198,1,29,0.076010466
9664229,46,102,1,41,0.005402088,0,30,0.147370577
2400375,99,98,1,26,0.004831791,1,26,0.029345036
6165443,59,42,1,52,0.006359816,0,22,0.142960787
2975059,48,85,1,50,0.006025076,1,50,0.064470053
4599623,115,120,0,37,0.00981307,0,6,0.117916822
7054306,42,126,1,40,0.005007505,1,29,0.029899359
9103089,48,83,1,76,0.009835243,1,56,0.321167469
3186160,60,46,1,16,0.001902342,0,8,0.006384373
3965464,72,59,1,74,0.008693933,1,60,0.323076248
4127119,56,112,1,38,0.005721807,0,29,0.038876057
481642,110,35,1,62,0.007380486,1,54,0.339247704
8233974,82,36,1,25,0.003009558,1,25,0.047281504
3590095,69,88,1,46,0.007752895,0,5,0.004157543
4560629,71,72,1,39,0.006294489,0,4,0.005372047
2681867,103,84,1,67,0.011030674,1,35,0.077593327
4056572,124,101,1,224,0.052789688,0,9,0.738206387
4932534,76,69,1,89,0.013499737,0,21,0.142330885
5975786,106,85,1,61,0.011667728,1,57,0.432647943
141720,65,98,1,30,0.004236221,1,30,0.046895504
4081375,110,72,1,75,0.009958267,1,58,0.195167303
5600665,50,119,1,17,0.002125502,1,17,0.008751392
1843531,52,35,1,6,0.000679016,1,6,0.001061201
5884457,56,92,0,30,0.004407644,1,33,0.05166626
1542421,36,43,1,6,0.000617981,1,6,0.001092196
8600188,75,48,1,13,0.001517773,1,13,0.007415771
3070027,56,101,1,28,0.004056215,0,22,0.066501856
1406612,86,97,1,40,0.006483555,1,34,0.042455435
7060359,76,119,1,44,0.006325006,1,38,0.068947554
7749320,46,85,1,6,0.000723124,1,6,0.001097679
309302,41,53,1,21,0.002411842,1,22,0.029417038
6402783,89,127,1,135,0.024745941,0,19,1.416244268
5888997,61,86,1,20,0.003046274,1,20,0.023267269
2780272,55,60,1,52,0.00728178,0,25,0.158423901
9216786,115,71,1,13,0.002211571,1,13,0.005068779
7555705,76,35,1,71,0.007946968,0,51,0.14626646
9576188,96,85,1,71,0.014622211,0,37,0.0776546
3334380,35,44,1,8,0.000873089,1,8,0.002132177
6508615,115,125,1,42,0.010137558,1,40,0.166678905
7461719,103,78,1,19,0.002687693,1,19,0.011509895
7568692,50,46,1,171,0.022066116,1,16,0.012835979
5687513,100,95,0,181,0.039203405,0,46,0.814590454
8150634,88,89,1,42,0.008254766,1,42,0.153583527
2068308,49,117,1,33,0.004143238,1,34,0.102841854
6108027,44,121,1,31,0.003763437,1,31,0.092249393
774999,79,81,1,39,0.006414652,1,37,0.036133766
4365496,47,55,1,7,0.000915051,1,5,0.000738144
2128382,110,115,1,36,0.006927967,1,36,0.083812952
482969,36,125,1,50,0.005126715,0,16,0.07474041
2583901,110,110,1,97,0.015928268,0,76,2.499578714
3257170,121,39,1,62,0.006309748,1,62,0.592289209
1528854,43,122,1,71,0.008388758,1,64,0.620908499
4419373,87,117,1,114,0.016372919,0,64,0.778881311
9518379,54,110,1,54,0.007077217,1,54,0.103436708
4315226,65,66,1,33,0.004838705,1,31,0.042533875
405197,120,37,0,300,0.030862808,1,81,0.615717649
2720960,81,126,1,92,0.016471863,0,75,0.825321436
369876,122,114,1,32,0.006289244,1,30,0.055173635
2244584,112,60,1,75,0.008901119,1,75,0.737176657
6202725,62,60,1,193,0.025283813,1,41,0.177331448
9486073,72,40,1,38,0.004608631,0,8,0.017081738
8296379,62,70,1,19,0.002847672,1,19,0.01373744
8811846,79,51,1,100,0.011229038,1,62,0.66949296
9930615,62,107,1,35,0.004826784,1,35,0.113969326
2923334,45,38,1,5,0.000539303,1,5,0.000779867
1140953,88,54,1,18,0.002536058,1,18,0.01543951
8238636,118,72,1,33,0.004382849,1,33,0.03215003
4135571,62,118,1,44,0.006767511,1,25,0.032605886
3635784,61,72,1,42,0.00599122,1,43,0.055512667
9501652,121,58,1,151,0.021780968,0,38,0.356824398
1765230,72,64,1,50,0.007127047,1,50,0.147356987
1013742,98,64,1,114,0.016830683,1,59,0.343765259
4015055,55,74,1,23,0.003146648,1,25,0.037014484
5464841,70,118,1,48,0.006780863,0,4,0.030394793
5891977,72,43,1,33,0.004354477,1,33,0.036133766
2985148,104,111,1,4,0.00085783,1,4,0.000483751
7822712,65,103,1,52,0.00658083,0,9,0.16552949
2175269,59,54,1,39,0.004845142,0,2,0.009140968
5021100,128,77,1,118,0.019862413,1,99,2.674340487
4213529,40,83,1,39,0.004451752,0,19,0.043283701
4247363,37,95,0,0,0,0,0,0
4065001,113,87,0,95,0.018301725,1,78,1.080581903
6028354,75,116,1,28,0.005095005,1,28,0.045696735
4677974,98,123,1,93,0.017338753,1,88,0.630145788
743870,117,117,1,15,0.003618479,0,9,0.011270523
9537652,87,97,1,81,0.012499332,0,31,0.194480181
5018145,116,106,1,46,0.007885695,1,46,0.081480742
4054360,36,57,1,132,0.013729572,1,40,0.090789318
6601026,89,55,1,16,0.002083063,1,14,0.028569221
6647633,119,35,1,77,0.008018494,0,3,0.056635857
180663,47,105,1,41,0.004724979,1,41,0.037597895
3010607,122,90,1,46,0.0077281,0,16,0.091565371
7005191,126,38,0,300,0.03208828,1,65,0.828786373
2823177,107,33,1,83,0.009685278,0,44,0.491826534
4794131,67,55,1,35,0.004135609,1,25,0.039395809
5138338,54,102,1,25,0.002908945,1,25,0.023557663
4329674,122,42,1,28,0.002902985,1,28,0.014124155
2951888,117,82,1,80,0.01083684,1,78,0.712393045
201376,41,124,1,100,0.012124777,1,96,0.805483103
3718485,123,83,1,58,0.011721373,0,17,0.114487886
9988569,62,107,1,66,0.007908344,0,2,0.029174089
2096972,36,122,1,29,0.002898216,1,29,0.029669523
1108913,121,95,1,47,0.007476568,0,15,0.17862606
5752880,32,116,1,43,0.004851341,1,41,0.122925758
3193367,44,101,1,70,0.007390738,0,19,0.372857094
4258139,100,118,1,57,0.01425004,0,12,0.036801577
6903497,94,98,1,38,0.008140087,0,12,0.081786156
8888462,113,78,1,27,0.005147219,1,23,0.014800072
2517387,125,37,0,113,0.012998343,0,44,1.508460999
7800284,99,65,1,45,0.005930662,1,45,0.266498566
1002402,43,52,1,40,0.005161047,1,36,0.087565422
1908567,123,111,1,169,0.040814877,0,41,0.571115732
1226688,62,46,1,33,0.004663467,0,1,0.001927853
8400485,66,95,1,38,0.006068468,1,38,0.103154182
1141311,83,85,1,22,0.003209114,1,22,0.017352581
5840583,67,83,0,35,0.005943537,0,33,0.160111666
5620295,80,83,1,102,0.0151124,1,62,0.457126379
7575367,111,127,1,121,0.030056477,0,37,0.51021266
4358794,111,127,1,49,0.012894869,0,30,0.148739338
9469001,57,116,1,21,0.002396822,1,21,0.018148899
1790216,77,92,1,99,0.018418312,0,25,0.046699047
5330934,105,67,1,265,0.040452003,0,4,0.176873684
4562577,100,74,1,27,0.004152775,1,28,0.055953503
3278545,121,43,1,24,0.002692699,1,25,0.021451473
2294482,118,35,1,19,0.002030849,1,19,0.013948679
6844711,63,34,1,49,0.00483036,1,49,0.255451202
51858,112,97,1,40,0.007878542,0,5,0.034855127
1413778,54,120,1,25,0.002775192,1,25,0.022046328
6604687,46,102,1,71,0.008453846,1,65,0.132315636
5417249,108,89,1,7,0.00121665,1,7,0.001476765
8568222,111,43,1,150,0.018662214,0,29,0.221771479
6013563,123,120,1,38,0.009758711,1,26,0.045144558
5676491,33,64,1,20,0.00211668,1,18,0.006566763
3814899,112,88,1,15,0.002852678,1,15,0.008793592
3780921,35,121,1,4,0.000519991,1,4,0.00053668
4785477,106,86,1,78,0.014896631,0,34,0.425487518
1610121,44,71,1,42,0.005305052,0,25,0.07348156
5320729,47,52,1,12,0.00165844,1,12,0.004592657
7546991,68,32,1,41,0.004319668,1,43,0.130881548
2935011,100,124,0,36,0.008515358,0,10,0.107290983
2474249,48,44,1,42,0.004952908,0,13,0.019833565
4827649,126,111,1,61,0.011785507,1,61,0.098813057
1942585,62,92,1,12,0.001595497,1,12,0.006971836
6527160,94,121,1,94,0.016959667,0,43,1.019519091
4920641,36,106,1,16,0.002019644,1,16,0.009180069
225899,36,83,1,23,0.002574682,1,23,0.026097775
3580161,65,54,1,33,0.004673004,0,20,0.024225473
663919,73,35,1,65,0.007584572,0,24,0.06201601
6533927,68,80,1,26,0.00363183,1,26,0.051731348
2757208,85,67,1,39,0.005205631,1,33,0.077759027
7253334,64,106,1,14,0.00210619,1,14,0.008305073
5243914,126,34,1,95,0.009550333,1,95,2.350402832
1316205,81,114,0,29,0.006266832,0,33,0.093627453
453886,91,36,1,29,0.003175974,0,1,0.00074482
3788386,37,93,1,39,0.005120039,1,31,0.041243315
8170497,73,38,1,27,0.002644062,1,27,0.028499842
7204471,33,38,1,3,0.00036788,1,3,0.000283003
8512254,77,122,1,55,0.009190798,1,43,0.160166025
5522232,89,76,1,36,0.00538373,0,9,0.063528061
3430604,61,65,1,47,0.006696224,0,17,0.078773975
895759,105,34,1,109,0.013250828,0,31,0.471414566
4533221,73,47,1,38,0.004594088,1,36,0.043126822
2582379,84,116,1,15,0.002684355,1,15,0.006002188
6736475,62,112,1,31,0.003952742,1,31,0.059696198
8110648,73,94,1,80,0.010365009,1,58,0.428506136
8238044,98,102,0,0,1.19E-06,0,0,0
9408732,124,70,1,94,0.016111374,0,41,0.357838392
7429477,84,112,1,40,0.007485867,1,40,0.067810059
325289,94,124,1,96,0.016055346,0,4,0.265537739
7761208,38,48,0,3,0.000494003,0,3,0.000460386
6574749,63,95,1,64,0.009709835,1,64,0.50609374
6756467,82,71,1,242,0.031104803,0,11,0.191466093
8324458,92,57,1,31,0.003520012,1,31,0.080425262
4437560,53,40,1,48,0.005572081,1,32,0.067463636
3074283,77,128,1,17,0.002673626,1,17,0.017751217
6766693,111,110,1,54,0.01026392,0,3,0.015802383
2150269,58,36,1,55,0.006766796,0,1,0.008721113
3207683,73,64,1,54,0.007948399,1,49,0.228966475
8681289,54,42,1,13,0.001492262,1,13,0.00835228
6418420,124,104,1,11,0.002242804,1,11,0.003765345
3943015,124,91,1,218,0.039026022,1,84,0.567951202
2787295,39,53,1,39,0.005384207,1,37,0.034524441
2892616,58,34,1,26,0.003013372,1,26,0.02398777
407640,37,34,1,9,0.001134396,1,8,0.002009153
1220270,112,48,1,46,0.006548643,1,40,0.132558346
3578199,83,57,1,18,0.002293825,1,18,0.015721321
179187,101,60,1,29,0.004029274,1,29,0.021329641
3552956,43,33,1,12,0.001401186,1,12,0.005493164
3491654,78,54,1,6,0.000971079,1,6,0.001143217
8957210,37,125,1,26,0.002635479,0,10,0.044749498
7553654,95,126,1,96,0.018689871,0,32,0.537107229
9241622,46,95,1,33,0.003971815,1,29,0.042382002
5404719,44,111,1,38,0.004499674,1,29,0.041954279
4403679,62,119,1,24,0.003051758,1,24,0.037765026
4813421,50,88,1,15,0.002182961,1,15,0.007491827
4784748,82,64,1,44,0.006062031,1,44,0.138962269
2858951,89,94,1,52,0.008841038,0,14,0.062417984
4543612,57,36,1,9,0.001179457,1,9,0.00288105
2623485,61,47,1,43,0.005564213,0,4,0.009346724
7518529,43,49,1,39,0.005380154,0,9,0.01554966
8385507,92,72,1,40,0.00630784,0,5,0.029764891
6221433,46,32,1,31,0.003753662,0,13,0.018310785
758903,56,117,1,57,0.007019281,0,20,0.037020922
7210706,56,111,1,31,0.004089117,1,31,0.077175856
6877745,83,33,1,25,0.002404928,1,25,0.029294968
7166797,106,44,1,21,0.002693415,1,21,0.017160892
9540322,73,80,0,90,0.014666796,0,53,0.463159323
2749657,70,32,1,10,0.001296282,1,10,0.002694368
5490695,113,102,1,25,0.005341768,1,23,0.021650791
7254972,101,104,1,62,0.013855219,1,54,0.148423672
9429687,88,58,1,26,0.003124952,1,26,0.040141106
1889326,126,80,1,84,0.014269352,0,23,0.231391191
8515182,88,118,1,32,0.006429911,1,32,0.063834667
6390199,78,105,1,18,0.002762794,1,18,0.016310215
837363,46,43,1,36,0.005252123,1,31,0.049883366
9716915,111,63,1,49,0.006148815,0,10,0.088322639
6969408,102,97,1,73,0.011356115,1,67,0.28546977
121999,63,68,1,32,0.005705595,0,4,0.004179716
6572103,56,59,1,21,0.003677607,0,6,0.016531467
4806643,53,32,0,7,0.028446436,1,12,0.009352922
7426696,51,123,1,28,0.00366044,0,4,0.00966239
8890810,61,43,1,17,0.00178194,1,17,0.016020536
5895726,57,62,1,13,0.001641989,1,13,0.003292322
4620742,103,54,1,29,0.003668785,1,29,0.044219017
8922482,47,33,1,33,0.004544973,0,28,0.093109608
8986140,69,76,1,61,0.009760857,0,2,0.034842014
5463632,88,105,1,55,0.011424065,0,5,0.024698973
4177878,48,67,0,12,0.001714468,0,10,0.006045818
7823031,117,47,1,71,0.007532597,1,69,0.516041756
3062496,118,92,1,102,0.018052578,1,77,0.884234905
3712530,41,33,1,29,0.003562212,0,16,0.029887199
1091860,105,126,1,42,0.008409262,1,39,0.064295292
2759418,91,86,1,41,0.007526398,1,38,0.02917552
5195172,56,83,1,28,0.004087448,1,26,0.052629471
573814,75,89,0,11,0.001910925,0,7,0.030189753
7979292,33,82,1,41,0.004237175,1,41,0.113499165
1521520,40,58,1,9,0.000965357,1,9,0.002994061
4661728,96,64,1,14,0.00235343,1,11,0.003757477
1707842,105,123,1,55,0.010396719,0,45,0.113675833
2366950,119,96,1,104,0.021249533,0,3,0.007916451
8043592,125,33,1,41,0.004220963,1,42,0.17124939
7999136,114,72,1,60,0.010610104,1,53,0.304197788
1611656,65,51,1,22,0.002675056,1,22,0.01236701
3249382,50,42,1,23,0.002845287,0,13,0.034594297
9250025,112,105,1,220,0.052964449,0,4,0.193914652
4051164,78,91,1,22,0.00297308,1,22,0.020349264
1798223,52,105,1,23,0.00292635,1,23,0.02666235
3335968,44,104,1,37,0.005445719,0,24,0.037889957
2938206,46,76,1,57,0.007924557,0,6,0.029227972
1691656,64,75,1,134,0.022586346,0,14,0.163549185
5318082,86,66,1,58,0.009020567,1,47,0.289118767
4620014,57,107,1,13,0.001658916,1,13,0.007950306
1841818,114,44,1,24,0.002533674,1,24,0.03834343
1478430,120,123,1,110,0.029220581,0,56,1.301679611
5291415,98,38,1,33,0.003534079,1,33,0.057090998
9534134,57,119,1,161,0.025205374,0,42,0.72129941
1761186,39,94,1,23,0.002735615,1,22,0.019672632
9917493,110,72,1,19,0.002944708,1,19,0.01824069
7269004,81,77,1,45,0.007366896,0,34,0.065756083
3699547,83,75,1,60,0.010161161,1,52,0.239856958
1611277,46,114,0,88,0.011654377,1,72,0.567652464
914390,123,71,1,120,0.015361547,0,30,0.426237106
6796290,108,99,1,33,0.006079197,1,29,0.04215169
2265182,38,43,1,1,0.000109911,1,1,6.22E-05
2673765,73,45,1,53,0.006621599,1,47,0.209100485
6825681,34,82,1,22,0.002248049,1,22,0.019329071
6226142,73,58,1,40,0.004787683,1,40,0.064287424
3539000,124,76,1,60,0.008416891,1,60,0.29100275
8023925,114,87,1,23,0.00402832,1,23,0.026368856
6068980,95,45,1,48,0.005615234,1,48,0.091418982
9091111,110,47,1,120,0.013316631,1,76,1.2149086
3245711,82,68,1,29,0.003685713,1,28,0.028230429
1863540,37,45,1,14,0.001784563,1,14,0.006335735
6901097,105,59,1,34,0.004319191,0,20,0.056400537
1493775,125,47,1,33,0.00384903,0,17,0.034399033
1964957,58,94,0,92,0.041304588,1,77,0.450358868
6750446,106,35,1,38,0.003994942,0,26,0.070644617
6204552,47,84,1,17,0.002039433,0,5,0.007426977
4180279,99,104,0,0,0,0,0,0
982909,121,97,1,117,0.019884586,1,109,2.173795462
5976241,75,93,1,68,0.009364128,0,67,0.504755974
9284220,91,39,1,7,0.000788212,1,7,0.001561403
2631560,106,94,1,40,0.00747323,1,43,0.13064909
9248827,121,108,0,62,0.015648127,0,7,0.230718374
1794085,37,122,1,38,0.004487276,0,17,0.085771084
8789758,40,114,1,60,0.006224632,0,42,0.316354752
419897,36,55,1,46,0.005521774,1,42,0.138206482
1871630,86,77,1,31,0.004405737,0,3,0.009924889
9042443,62,57,1,32,0.005070686,1,29,0.058086872
8030618,70,124,1,64,0.00847578,0,13,0.300306082
4304806,103,94,0,300,0.065045118,0,39,0.351671696
796725,57,43,1,52,0.006330729,0,20,0.149837732
7842729,89,58,0,0,0,0,0,0
8620300,101,100,1,52,0.011606455,1,23,0.03670907
5913517,115,126,1,108,0.027887344,1,70,0.786042929
6932169,47,124,1,40,0.004060507,1,40,0.039018631
7678466,69,40,1,104,0.013021231,1,37,0.075561523
445620,96,108,1,34,0.007570744,0,20,0.058405638
1770534,62,120,1,30,0.004155397,1,30,0.075273514
6728315,46,96,1,50,0.006144762,1,40,0.073675871
5951167,48,54,1,42,0.004954576,0,16,0.152050734
5863877,96,40,1,23,0.002353907,1,23,0.030462027
8961640,70,87,1,46,0.005941391,0,7,0.047117949
5202541,106,106,1,99,0.021090508,1,71,0.520481825
5275115,125,127,1,143,0.037269592,0,31,1.214883327
7920198,37,52,1,19,0.002103567,1,20,0.0227139
9050831,100,107,1,39,0.008972645,0,12,0.037130833
3465265,126,119,1,85,0.018352985,1,60,0.531763554
9774510,124,90,1,42,0.00864172,0,13,0.056067467
638317,64,82,1,23,0.003093958,0,7,0.013230562
7606420,77,78,1,45,0.007043362,1,45,0.215752602
4919073,61,41,1,32,0.004503012,1,26,0.027596712
8983135,70,125,1,38,0.005913973,1,39,0.162127972
6574678,117,76,1,14,0.002320051,1,13,0.00368762
4873093,36,38,1,2,0.000274897,1,2,0.000158072
5427320,55,87,1,16,0.002174377,1,16,0.004964352
4266588,92,114,1,35,0.006183863,1,35,0.09518528
1449037,76,96,1,136,0.024343729,0,8,0.249904871
339395,66,47,1,42,0.005278349,1,44,0.062915325
3402056,76,90,1,45,0.007277966,1,41,0.141623735
3415082,95,48,1,39,0.004605532,1,39,0.046473026
9469805,119,128,1,51,0.011319399,1,51,0.27614212
7406516,84,96,1,6,0.001077175,1,6,0.000836134
2563626,101,41,1,29,0.002995968,1,29,0.079088449
7217367,35,89,1,9,0.000980616,1,9,0.002943277
977315,83,38,1,23,0.002327919,1,23,0.013637066
2868365,57,37,1,28,0.002709627,0,5,0.027734995
9177003,55,48,1,61,0.007843494,0,1,0.013708115
9710127,72,55,1,33,0.004274368,1,33,0.032680988
5767698,37,117,1,23,0.002661467,1,14,0.008767605
4655437,82,61,1,41,0.005743265,0,19,0.024389029
7742975,106,38,1,4,0.000512123,1,4,0.000570059
2694265,118,125,1,128,0.026067972,1,82,0.846998215
8490453,44,56,0,79,0.027226925,1,39,0.075506687
4350995,43,57,1,9,0.000963211,1,9,0.002619267
8504165,109,69,0,0,0,0,0,0
4330373,95,97,1,4,0.0008111,1,4,0.000463009
7631662,73,96,1,52,0.009478331,0,10,0.067098141
1331991,122,106,1,243,0.042755604,0,57,2.072036743
1209509,113,51,1,15,0.002098322,1,13,0.006613255
1726761,101,123,1,43,0.009105921,1,43,0.169855118
5106970,116,64,1,31,0.004490614,1,36,0.116159201
2223107,41,125,1,68,0.008024693,1,64,0.372797489
4756939,102,74,1,73,0.012722731,0,3,0.012659073
3919144,74,127,1,59,0.010097265,1,38,0.143354177
6064411,85,100,1,17,0.003907681,1,18,0.031428576
9876233,59,32,1,40,0.004192591,0,36,0.072504759
1105344,83,119,1,18,0.003474236,1,18,0.015169144
1135752,84,42,1,24,0.003004551,1,24,0.039371252
1711041,115,94,1,43,0.008888006,1,43,0.110073566
9664404,109,98,1,95,0.020403624,0,14,0.821837664
7428713,38,66,1,36,0.00399518,1,34,0.06640029
3689390,110,47,1,30,0.004023552,0,9,0.019225359
9479509,93,107,1,20,0.004411936,1,20,0.01005578
1846232,78,85,1,34,0.006058455,1,34,0.072780132
7205113,106,110,1,50,0.012762547,1,43,0.196771383
7321165,32,68,1,27,0.00274086,1,27,0.031091452
8493124,118,102,0,169,0.036627054,0,14,0.284217119
1617678,59,81,1,21,0.00295043,1,21,0.015901089
5076955,106,127,1,156,0.074605703,0,22,1.207596779
7971808,80,66,1,53,0.038784981,0,12,0.183826447
7625587,55,45,1,34,0.004695892,0,13,0.040891886
3717875,90,101,1,105,0.024076939,0,10,0.147800684
8907657,100,100,1,288,0.059998274,0,62,0.463797331
6912383,103,71,1,24,0.00445509,0,11,0.018563986
7504106,121,66,1,28,0.004036903,1,28,0.054060698
6348656,46,76,0,20,0.035438776,1,24,0.024912834
7190003,97,54,1,55,0.007672548,1,40,0.110506296
2050375,119,98,1,275,0.055170059,0,25,0.341816664
4750200,124,107,1,25,0.004258394,1,25,0.034178257
6219031,82,106,1,39,0.007519007,1,40,0.097825289
1570867,118,100,1,72,0.01277113,0,17,0.060890913
6449932,92,104,1,86,0.018709898,0,15,0.390514135
7588083,32,41,0,28,0.003362417,0,10,0.054003716
2019978,123,103,1,265,0.059961319,0,13,0.618161917
4865012,55,61,1,3,0.000406981,1,3,0.00028038
50782,124,118,1,34,0.007844448,1,33,0.055995464
6715886,115,42,1,34,0.004460335,1,26,0.050326586
8949770,54,42,1,34,0.004030704,1,34,0.085292578
8068544,64,119,1,23,0.003180265,1,23,0.029007673
5567142,47,91,0,20,0.002524853,0,16,0.013714075
7195320,106,71,1,65,0.008125305,1,51,0.149636984
8795297,86,66,0,76,0.010294199,0,45,0.141637564
4102246,44,89,1,29,0.004064798,1,22,0.027311563
4493920,80,101,1,8,0.001717329,1,8,0.002404451
4298868,103,115,1,39,0.009990931,0,16,0.016026974
5976131,122,94,1,55,0.011655331,0,14,0.035968542
1799085,55,104,1,54,0.005929947,1,52,0.206052065
4296159,118,97,1,45,0.008178234,0,31,0.235447645
1473957,95,84,1,35,0.006014347,0,26,0.09232688
1687667,64,79,1,27,0.003340483,1,27,0.05039382
399506,77,117,1,23,0.003242016,1,13,0.005507469
883434,106,85,1,71,0.01308322,0,8,0.123102665
2130732,126,47,1,73,0.00876832,1,65,0.675951719
3526015,101,106,1,117,0.018845558,0,38,0.210237741
9910697,106,56,1,53,0.005995035,0,21,0.099228859
4504656,42,83,1,23,0.002620697,1,23,0.022810936
8619,81,118,1,98,0.014282703,1,81,1.225232601
7810684,45,64,1,44,0.005050421,1,44,0.168166161
319384,92,108,1,73,0.015501022,0,1,0.015002251
1459204,94,117,0,35,0.008022547,0,31,0.08490181
1383331,96,61,1,17,0.002652407,1,17,0.013474703
5280279,71,81,1,74,0.014174938,0,7,0.027064085
553293,38,125,1,109,0.011109114,1,73,0.489078999
4099933,72,33,1,50,0.005217791,1,50,0.220958233
3666815,66,82,1,21,0.003149509,1,14,0.008694649
4742168,59,116,1,21,0.002779007,1,19,0.012329817
7435885,32,126,1,48,0.005130529,1,46,0.165836096
2990424,36,97,1,24,0.002974749,1,24,0.026939392
1181621,65,62,1,38,0.006009579,1,37,0.122836113
3123444,105,35,1,28,0.003036499,1,28,0.054419279
3488889,113,34,1,21,0.002114534,1,21,0.025252104
2758505,54,118,1,91,0.010449409,0,7,0.123461485
1396518,89,122,1,42,0.005721092,1,32,0.062156677
2926384,63,76,1,44,0.005486727,1,42,0.21138978
1905032,86,58,1,16,0.002468824,1,16,0.008123636
9549150,104,67,0,0,0,0,0,9.54E-07
5734889,52,58,1,15,0.001881361,1,15,0.008504629
7664303,51,87,1,16,0.002339602,1,18,0.017791271
323972,76,41,1,19,0.00203824,1,19,0.006684303
8358048,52,73,1,36,0.004374027,1,31,0.070785284
9842794,49,105,1,19,0.00238061,1,19,0.009674788
4977775,44,48,0,3,0.000530958,0,4,0.000961304
3820796,73,52,1,23,0.003686428,1,23,0.0151124
956809,80,80,1,56,0.008776665,0,16,0.03460598
138027,35,107,1,89,0.009638786,0,33,0.414086819
5787375,32,107,1,22,0.002296209,1,22,0.021232367
5548150,49,56,0,13,0.002028942,1,14,0.009145975
256148,50,62,1,21,0.003290892,0,5,0.008838892
5297666,43,62,1,38,0.004555464,1,40,0.138768673
5046007,89,41,1,3,0.000328064,1,3,0.000279427
8994800,127,119,1,34,0.008522511,0,9,0.046996117
5977715,60,89,1,35,0.005369186,1,35,0.043378353
9417002,93,123,1,156,0.026846647,0,60,0.389513969
8551312,119,111,1,83,0.02188468,0,11,0.384500504
4182489,83,118,1,100,0.016649246,0,50,1.092130661
4360488,72,34,1,59,0.00565958,0,8,0.064715862
5838344,54,69,1,36,0.004687071,1,37,0.122856617
5344516,100,85,1,100,0.017346621,1,87,0.765414238
835946,126,118,0,216,0.058402538,0,78,0.79622674
6984208,66,59,1,13,0.001569033,1,13,0.007244349
5230948,83,80,1,32,0.004546881,1,32,0.051845551
282700,108,51,1,36,0.004692316,1,36,0.062186956
5722550,109,84,1,43,0.007577896,0,26,0.102606773
757949,89,109,1,41,0.006854296,0,17,0.061524153
1155591,86,53,1,66,0.007511139,0,18,0.080601215
2235047,105,107,1,59,0.011310816,0,22,0.339151382
1440974,81,76,1,53,0.009456635,0,3,0.0338099
8779463,83,57,1,73,0.011096954,0,4,0.029349804
9839832,61,77,1,21,0.003200769,1,21,0.008032322
9908399,124,106,1,154,0.026828766,0,2,0.193403959
1216945,37,118,1,54,0.006212234,1,54,0.099918127
3787574,127,55,1,19,0.002322197,1,19,0.016983271
7899662,64,53,1,31,0.004400015,1,31,0.027472019
94347,111,123,1,31,0.00822854,0,25,0.08692956
8537302,84,125,1,50,0.008830547,1,47,0.20579052
9894453,104,64,1,52,0.007918119,1,52,0.207305431
393916,52,41,1,30,0.003773212,0,8,0.015756369
1070599,113,122,1,284,0.073709249,0,27,0.344923258
4498997,108,71,1,49,0.008617401,0,35,0.197283745
2269403,126,84,0,300,0.056165218,0,72,1.963872433
3209224,106,104,0,35,0.010518074,0,4,0.013040066
6141212,57,36,1,17,0.001911402,1,17,0.005512238
5150332,124,60,1,20,0.003218651,0,10,0.023496866
2057983,70,45,1,3,0.000414133,1,3,0.000298023
1563720,115,106,1,126,0.025319815,1,46,0.184682846
7256926,117,80,0,300,0.046323538,0,23,0.550363779
6517514,33,66,1,16,0.001988649,1,16,0.013032436
9397440,123,124,1,39,0.008573294,1,39,0.124400377
6685922,37,94,1,17,0.001784086,1,17,0.017998219
5417385,105,35,1,18,0.0017097,1,18,0.013954878
5143900,41,66,1,23,0.002921104,1,23,0.038541555
8997201,63,66,1,15,0.002583742,1,11,0.003707409
1122417,73,91,1,21,0.00325942,1,19,0.021838665
461780,117,115,1,110,0.030721188,0,75,0.728692293
688172,87,75,1,48,0.007026672,0,17,0.15302968
9227165,124,33,1,5,0.000613213,1,5,0.000759363
2310216,121,33,1,76,0.008029699,1,74,0.712504864
1441101,54,38,1,15,0.001559496,1,15,0.00872612
6064049,72,121,1,56,0.008827686,1,53,0.23093009
93746,96,86,1,137,0.024073839,1,78,0.791023731
8267852,39,48,1,3,0.000384092,1,3,0.000258684
107447,37,101,1,41,0.005278111,1,41,0.060808659
34823,46,73,1,8,0.001018524,1,4,0.000484943
3815729,96,36,1,24,0.002631664,0,12,0.037104368
8952013,59,91,1,42,0.006893873,1,41,0.168277979
4956785,85,74,0,21,0.038829565,1,20,0.010428429
2032758,72,105,1,15,0.001940012,1,15,0.008116961
6809742,80,127,1,24,0.004209042,1,31,0.059185743
68953,52,89,1,30,0.004206657,1,32,0.065785885
5093061,50,115,1,30,0.003355026,1,30,0.073072195
4918538,91,73,1,292,0.046761751,0,25,0.462009668
2178805,123,34,0,70,0.007478714,0,13,0.538197994
3381471,99,89,1,88,0.017052889,0,17,0.603027582
7698930,98,113,1,68,0.014102936,0,13,0.110370159
8449501,102,117,1,51,0.009284496,1,50,0.300257921
622460,57,96,1,54,0.006628275,0,30,0.28930068
9312183,111,76,1,12,0.002016783,1,10,0.002714157
6763647,127,73,1,103,0.016658306,0,55,0.980503798
7890252,71,105,1,103,0.014235973,0,70,0.501652718
6781400,80,113,1,118,0.022249699,1,65,0.253669262
7507102,97,114,1,86,0.020868778,1,43,0.182650805
6850518,58,67,1,58,0.009701729,0,40,0.188681841
7152178,71,40,1,23,0.002787352,1,23,0.03370595
1833819,128,120,1,39,0.010151625,0,12,0.056540489
5637851,100,109,1,5,0.000877142,1,5,0.000890493
1402357,46,84,1,41,0.005059481,0,18,0.081455469
6081660,36,43,1,10,0.000974894,1,10,0.002448797
7308523,46,101,1,104,0.011311293,0,90,1.203859329
4641015,73,40,1,29,0.003534555,0,3,0.003498793
4929413,108,120,1,63,0.016578674,1,58,0.318185806
9298644,112,58,1,8,0.001095533,1,8,0.001343012
1650531,33,100,1,26,0.002592564,1,26,0.052309036
1634730,91,43,1,61,0.00701046,1,61,0.562382936
198450,105,62,1,7,0.000910997,1,7,0.001569271
7593780,108,85,1,66,0.010835409,1,66,0.075003862
3572055,80,95,1,100,0.014987469,1,46,0.149928331
6713527,90,43,1,20,0.002239943,1,20,0.011335611
6610043,120,75,1,101,0.015461445,0,71,1.3644979
8586656,98,83,1,31,0.004801512,1,21,0.025774717
4130228,112,113,1,37,0.006593466,1,37,0.124622107
8222283,82,122,1,134,0.022644758,1,74,0.259884596
7117026,79,96,1,128,0.022476673,0,30,0.68095088
3090458,55,39,1,19,0.002265692,1,19,0.016712189
1720149,85,44,1,40,0.004968882,1,38,0.062752008
4015139,92,35,1,53,0.005750179,0,25,0.125344753
2235916,118,35,1,23,0.00228405,1,23,0.033602476
7926387,73,73,1,18,0.002370358,1,18,0.013864994
5950621,125,82,1,144,0.02757287,0,46,1.241785288
9529982,53,50,1,9,0.001409531,1,9,0.001791239
6708518,107,118,1,91,0.019630909,0,15,0.285316944
4184762,81,115,1,54,0.007496834,1,54,0.12503314
6715997,98,96,0,83,0.014091253,0,63,0.353308678
4098610,80,70,1,20,0.002598763,1,20,0.015779018
5303314,55,112,1,45,0.005220175,1,45,0.04065752
3597127,66,53,1,37,0.00454855,1,35,0.061318636
2360658,88,54,1,40,0.005553007,1,46,0.161664009
4380371,55,35,0,7,0.000797033,1,13,0.004847527
1967960,116,56,1,39,0.004609585,1,39,0.137067556
8237596,50,91,1,30,0.003654718,1,28,0.05577898
297422,54,97,1,11,0.001639843,1,11,0.003856182
7171827,70,110,1,16,0.002315521,1,16,0.015743971
2362035,74,77,1,76,0.012190819,0,45,0.63096261
7671082,107,85,1,27,0.004600763,1,25,0.031511307
7925339,37,120,1,17,0.002048731,1,17,0.017150879
3798391,107,45,0,300,0.032737017,1,60,0.133471489
2614481,76,32,1,12,0.001303434,1,12,0.006608486
3665038,121,32,1,17,0.001610041,1,17,0.012592793
3955388,43,53,1,38,0.00447464,1,36,0.038086176
7589435,115,81,1,31,0.00644207,1,34,0.045436144
7256087,79,101,1,101,0.018211603,0,42,0.785896063
7345177,95,114,1,49,0.007210732,1,60,0.311318874
6810272,121,118,1,124,0.058622837,0,25,0.237288475
6776713,59,127,1,11,0.001318693,0,5,0.001614094
3194156,40,37,1,31,0.003986835,0,26,0.030450344
3319690,100,95,1,19,0.003846645,0,10,0.010560036
4095830,107,112,1,4,0.000702381,1,4,0.000482082
6020645,54,82,1,26,0.003968716,1,28,0.046802521
8142897,56,33,1,16,0.001681566,1,16,0.007189035
7252703,46,128,1,72,0.009178162,1,63,0.313616276
4676904,40,94,1,31,0.003912449,0,20,0.032134295
1476641,59,42,1,7,0.000789165,1,7,0.001564741
275131,67,50,1,26,0.003079176,1,26,0.027281761
4737995,87,114,1,38,0.006628513,1,34,0.036232233
8921206,54,69,1,11,0.001416683,1,11,0.00436759
8473930,105,83,1,13,0.002393484,1,10,0.004540205
3725166,114,36,1,14,0.001753807,1,14,0.00737834
5881960,88,100,1,34,0.006298304,0,12,0.035137653
8394428,53,117,1,41,0.005766869,1,43,0.191821814
5432018,104,124,0,77,0.020958424,0,63,0.871476412
889504,35,110,1,25,0.0028615,1,25,0.032259226
3945046,52,69,1,30,0.004511833,1,31,0.073836327
6516506,60,107,1,67,0.009543657,0,63,0.279859066
5854441,37,88,1,53,0.006311893,0,30,0.384078979
9160923,75,78,1,17,0.002710581,1,14,0.005986214
4441280,46,85,1,58,0.007407904,1,61,0.594338894
7856717,61,57,1,89,0.013251066,0,6,0.069619894
1025334,123,32,0,98,0.011124611,0,88,0.498804331
1946557,96,90,1,120,0.020705938,0,32,0.765458822
7192749,69,90,1,55,0.009014368,0,33,0.061191082
9636057,38,73,1,73,0.0080235,1,56,0.170924902
6379293,87,111,0,300,0.050880194,0,65,2.612204075
7871338,125,104,1,142,0.030261993,0,59,2.620019913
8764316,119,57,1,44,0.005194426,0,22,0.185856819
2689695,67,104,1,78,0.009772539,0,15,0.331603289
7179075,37,85,1,29,0.003484488,1,29,0.049512148
3160615,72,105,1,141,0.023322821,1,67,0.854649067
856016,101,47,1,22,0.00279355,1,22,0.039331436
4274703,98,101,1,62,0.010276794,0,28,0.241256475
5183745,76,48,1,17,0.002337456,0,10,0.006193638
4023513,73,76,1,6,0.000856876,1,7,0.001488686
9627735,121,80,1,54,0.007421255,1,48,0.08997941
601174,37,75,1,15,0.00156045,1,15,0.007592916
9292111,96,100,1,117,0.027035952,1,47,0.181599855
3661083,102,70,1,18,0.002582312,1,18,0.012341022
4764219,85,54,1,77,0.008470535,1,77,0.527251005
5102018,54,71,1,41,0.005355358,1,40,0.156589746
7112131,87,43,1,9,0.001268387,1,9,0.003379822
5123347,85,40,1,38,0.005044222,0,18,0.025638819
8894315,120,107,1,107,0.022353172,1,77,0.791799784
3185408,82,54,1,38,0.005176544,1,35,0.058306217
868840,57,62,0,13,0.002658129,0,10,0.034168243
3956821,90,56,1,65,0.008968592,0,40,0.154818535
7693721,36,90,0,88,0.009877682,1,30,0.058122873
8530332,38,94,1,75,0.008193016,0,26,0.575486422
3435772,124,123,1,151,0.04060173,0,21,0.879739285
4662665,68,62,1,22,0.004226446,0,17,0.010111094
1174384,104,35,0,8,0.001060247,1,14,0.009316921
6950609,81,101,1,65,0.010076284,1,65,0.439262867
3654464,71,121,1,14,0.001877308,1,14,0.006081104
5599083,97,113,1,30,0.006580353,0,10,0.028134346
8898634,42,115,1,76,0.008324862,1,72,0.554954767
9320349,86,107,1,121,0.019874811,1,49,0.29877305
1542023,70,55,1,24,0.002553463,1,24,0.029174328
7176523,46,55,1,54,0.006690264,0,19,0.154421568
4703916,38,32,0,15,0.002431631,1,17,0.007599354
2634821,112,108,1,164,0.034383774,0,47,1.065860271
6336280,71,79,1,35,0.004799366,1,35,0.069065332
6360676,111,108,0,19,0.004193544,1,22,0.034193993
7839886,115,111,1,9,0.002153873,1,9,0.002654791
4294614,75,115,1,68,0.012531281,1,60,0.299748898
7718494,46,57,1,38,0.004055738,1,38,0.073087692
723722,40,57,1,22,0.002448082,1,22,0.0298841
8127109,127,103,1,105,0.019110203,0,42,1.084946871
8417471,41,78,1,10,0.001051426,1,10,0.004051685
6304314,39,33,0,3,0.01264739,1,9,0.002332926
867645,107,116,1,36,0.007141113,0,6,0.036569595
9051432,87,73,1,70,0.009490967,0,40,0.140348434
7889367,93,116,1,80,0.018589973,0,2,0.043514252
6577878,84,59,0,66,0.010615349,1,54,0.087407589
3589569,51,69,0,144,0.014980316,1,40,0.08148098
9538491,36,78,1,16,0.001857519,1,16,0.009832382
9904746,59,57,1,42,0.005755663,1,40,0.098156214
5633064,86,83,1,63,0.011120081,1,70,0.77436924
6502306,126,42,1,80,0.009998798,1,41,0.116001129
9165504,78,33,0,22,0.0028162,0,22,0.016510487
979094,125,34,1,19,0.001838923,1,19,0.015503407
6110292,109,108,1,83,0.017606258,0,30,0.262091398
9530968,87,39,1,31,0.003490448,1,31,0.052488327
8370807,51,113,1,69,0.008706093,0,35,0.245494127
746432,73,112,1,26,0.005064964,1,28,0.043083191
6757880,95,86,1,80,0.020232916,0,23,0.35974741
4758791,66,67,0,35,0.006024599,0,32,0.133444309
6993637,77,116,1,60,0.010980844,1,54,0.385222435
6509071,33,80,1,25,0.002542257,1,25,0.040637493
5216576,102,98,1,15,0.002984524,1,11,0.004837036
9017982,71,41,1,11,0.001449108,1,12,0.005099535
4522826,87,105,1,128,0.021600008,0,11,0.732870579
9201198,55,104,1,41,0.006365776,1,39,0.097650051
3753265,76,99,1,30,0.003900051,1,30,0.045204401
7319480,69,97,1,99,0.012777328,1,79,0.411302328
3170577,67,116,1,18,0.002472162,1,18,0.019245863
9606905,101,57,1,119,0.015363455,0,10,0.275607109
4443162,88,119,0,0,0,0,0,1.19E-06
3060986,120,33,1,57,0.006578445,0,38,0.175474882
4974141,113,98,1,38,0.008297205,0,19,0.06430769
2615491,59,103,1,3,0.000429153,1,3,0.000264645
9954665,105,95,1,72,0.010992765,1,70,0.644864559
590757,89,40,1,19,0.001883984,1,19,0.017283201
1112546,71,97,1,98,0.014842987,0,14,0.947939396
1455493,61,64,1,41,0.005925417,0,27,0.123809814
6118802,65,95,0,70,0.019367456,0,24,0.461625576
1968010,62,74,0,0,0.000159979,0,1,0.000943184
7258175,63,98,1,51,0.007733583,1,47,0.215656996
642977,112,87,1,49,0.009323835,0,23,0.154837608
5756120,109,127,1,129,0.033865929,0,4,0.162134171
6901650,105,117,1,97,0.020694017,1,81,0.554433823
630559,118,126,1,76,0.018634319,1,76,393.5753553
1518735,83,67,1,4,0.000647068,1,4,0.000498295
3315188,77,104,1,48,0.009031296,0,17,0.068127394
7166309,83,112,1,99,0.01510644,0,69,0.63532114
745540,48,58,1,146,0.016091108,1,40,0.088721037
8217561,119,112,1,50,0.009198189,0,27,0.156148672
4482848,84,104,1,50,0.008597612,1,50,0.178867102
2895430,80,99,1,18,0.003065348,1,8,0.001972675
8517021,93,84,1,92,0.014046907,0,27,0.141210556
306367,60,92,1,4,0.000475168,1,4,0.000427485
3449700,100,119,1,57,0.010265827,0,41,0.285271645
508435,73,87,1,77,0.012112141,1,53,0.329243183
7316630,80,93,1,58,0.01091361,1,56,0.180528879
8714576,64,67,1,30,0.003641605,0,4,0.028401852
2112247,106,51,1,83,0.008871078,0,18,0.145646572
168976,74,85,1,93,0.01709199,0,27,0.395859003
4922199,114,47,1,21,0.002170563,1,20,0.025017023
622698,54,123,1,101,0.0145123,0,78,1.075940132
9404217,40,48,1,37,0.004369974,1,33,0.036953211
2337174,110,52,1,98,0.011301756,1,82,1.683857679
8711789,115,35,1,9,0.001169443,1,9,0.002549648
800893,104,62,1,36,0.004739761,1,40,0.090735197
9299527,106,51,1,9,0.00109148,1,3,0.000285149
9141675,115,115,1,53,0.011481524,1,52,0.306843758
185405,127,127,0,63,0.018824816,0,17,0.308882475
1726433,127,122,1,173,0.043497562,0,22,0.616172791
2555629,46,106,1,27,0.003287315,1,27,0.029482841
5597004,58,90,1,7,0.001045227,1,7,0.001548529
4324810,80,111,0,78,0.016519547,1,51,0.272561789
2655801,78,47,1,36,0.004293919,1,36,0.075646639
5058110,116,54,1,52,0.00652194,0,3,0.008907318
8988653,117,55,1,51,0.007215023,1,45,0.275700092
6535947,69,96,1,47,0.006569624,1,33,0.096601725
2741708,51,83,1,15,0.00178194,1,15,0.007686138
9546485,46,54,1,14,0.001946449,1,14,0.005316734
7875282,102,91,1,7,0.00110817,1,7,0.001509666
2359671,82,35,1,7,0.000724316,1,7,0.001151323
4450543,90,108,1,44,0.008560419,0,32,0.097619295
442258,52,88,1,15,0.002280474,1,15,0.009324312
7257771,78,57,1,89,0.013556719,1,40,0.117391586
6063448,71,74,0,37,0.006134272,0,37,0.069167376
4324755,113,74,1,25,0.004653692,1,21,0.018810511
2029498,117,33,1,109,0.012634039,0,52,1.782142639
4655264,63,95,1,98,0.016374826,0,1,0.030851126
8333199,82,98,1,37,0.005172968,0,1,0.006766081
79437,50,89,1,65,0.008015871,0,10,0.336249828
6055870,85,122,1,77,0.012067795,0,8,0.307787418
8144487,83,36,1,35,0.003751755,0,17,0.047592402
6567007,101,72,1,26,0.004539967,1,22,0.024097681
2576689,70,117,0,111,0.017555237,1,83,0.453281641
4143719,73,125,1,153,0.020069838,0,14,0.24299264
4041660,107,42,1,78,0.009835482,1,70,0.800881386
6328099,58,38,1,4,0.000460386,1,4,0.00043273
4210066,74,72,1,25,0.003369808,1,24,0.025938034
9353651,99,97,0,78,0.016839743,1,67,0.617626905
5289629,122,104,1,48,0.011176348,1,48,0.208927155
1138784,69,125,1,38,0.004785776,1,38,0.116417408
5915037,97,37,1,105,0.011553526,1,25,0.030183315
2235795,122,119,0,80,0.020073652,0,1,0.064381123
4667247,46,64,1,41,0.005125284,1,41,0.052480221
3304082,75,124,1,24,0.003288984,1,24,0.037955761
3729422,97,37,1,20,0.00214529,1,20,0.025910854
3325626,64,96,1,78,0.012146711,0,27,0.336020708
5683918,83,78,1,44,0.006250381,0,14,0.088408709
9954264,70,88,1,61,0.008223057,1,55,0.166884661
4999987,59,125,1,55,0.007249355,1,55,0.097383261
5406526,68,64,1,18,0.002007484,0,3,0.006304979
6607259,114,36,1,39,0.004131079,1,36,0.074007273
6082639,50,97,1,56,0.006990671,0,26,0.221464634
6778505,69,117,1,59,0.009349108,0,49,0.132470846
5112635,121,46,0,300,0.031084538,1,55,0.132095337
725393,39,61,1,34,0.003940344,1,32,0.068058491
9591443,40,115,1,31,0.003424168,1,31,0.039135695
7313831,124,91,1,44,0.007629395,0,36,0.146450758
3399764,43,97,1,23,0.002958298,1,23,0.020926237
9804691,88,64,0,10,0.001921177,0,8,0.026870012
4905665,125,33,1,50,0.004770517,1,50,0.086413622
5546862,82,47,1,8,0.00080657,1,8,0.001369953
7954787,57,125,1,250,0.029715776,1,68,0.437427282
5208061,85,63,1,35,0.004157305,0,2,0.003844976
8970858,71,68,1,81,0.012841702,0,13,0.137064457
3896842,51,71,1,8,0.001059771,1,4,0.000569105
2078998,109,94,0,61,0.013028622,1,54,0.311234951
5871588,110,42,1,35,0.004712582,0,3,0.019933939
1961464,77,94,1,56,0.010074377,0,1,0.011693001
6310839,62,56,1,47,0.006360531,0,2,0.014410973
9070705,60,65,1,21,0.002904177,0,8,0.004492044
8585804,51,78,1,2,0.000240564,1,2,0.00018692
3476495,67,55,1,57,0.00658536,1,57,0.384450436
6494903,60,84,1,21,0.003228664,1,19,0.012487888
6285081,115,80,1,132,0.021586418,0,5,0.289094448
2311472,69,91,1,94,0.015996695,1,63,0.470183134
612066,92,61,1,81,0.009679794,0,65,0.251206636
926583,37,60,0,11,0.001264811,0,11,0.005721807
6245703,36,99,1,31,0.00297451,1,31,0.0360291
1054703,115,44,1,2,0.000231266,1,2,0.000155687
8409087,128,66,1,82,0.012242079,0,56,1.704598427
8125362,91,36,1,33,0.003666878,1,33,0.052861452
8514128,113,85,1,39,0.006937265,0,11,0.094673157
6893907,112,124,0,29,0.006927729,1,39,0.089891672
439984,76,105,1,66,0.01101613,1,77,0.784435511
6174462,33,58,1,17,0.001832962,1,16,0.012085199
8587202,111,124,1,10,0.001686573,1,10,0.003758192
1021550,82,113,1,66,0.012212753,0,22,0.500878096
718565,79,74,0,91,0.016851187,0,30,0.600769281
8083714,117,126,1,134,0.02643466,0,17,0.228724957
3710532,86,72,1,37,0.005538225,1,37,0.023860455
6833088,81,68,1,16,0.00219059,0,5,0.009207964
8150542,79,102,1,21,0.002985477,0,8,0.008242369
6579323,102,100,1,74,0.018933535,0,28,0.128851414
4328297,35,103,1,27,0.002936602,0,10,0.0197227
9274813,67,124,1,106,0.013897657,1,94,0.78366518
5662445,72,68,1,73,0.011223555,1,55,0.317172766
6772005,42,123,1,27,0.003405571,1,27,0.029702425
9986582,74,124,1,118,0.016304255,1,76,0.495972157
9906105,126,44,0,300,0.03080368,0,12,0.097934484
1990822,107,99,0,0,0,0,0,9.54E-07
7649929,66,36,1,23,0.002745867,1,23,0.026307344
7708725,41,48,1,33,0.003288269,1,33,0.107433081
216824,76,94,1,76,0.011006832,0,8,0.109001875
5557409,100,94,1,90,0.016549587,0,35,0.941605568
9480428,116,71,1,63,0.009864092,0,3,0.021575928
1372356,107,84,0,49,0.00921917,0,52,0.358712435
4442825,34,65,1,23,0.002549887,1,23,0.033586025
4766559,101,67,1,13,0.001933098,1,13,0.005894184
1844556,120,95,1,93,0.014701128,1,98,2.08037281
7344326,115,77,1,27,0.00359273,1,17,0.006455898
1058967,45,107,1,31,0.004143953,1,21,0.017912626
6891544,89,125,1,33,0.007083654,0,20,0.021449089
8381619,119,118,1,139,0.034913778,0,43,0.253838539
7038482,118,99,1,72,0.014958858,1,72,0.67051959
4763261,73,128,1,30,0.004439831,1,30,0.022570372
1811059,111,49,1,48,0.006452322,1,48,0.231515646
5873980,59,124,1,37,0.004163027,1,37,0.036669016
4736867,45,75,1,10,0.00118947,1,10,0.002485514
5198295,78,67,1,70,0.011475086,0,17,0.090890884
5308973,104,117,0,120,0.028100014,1,96,1.877020359
1414130,84,35,1,54,0.005568266,1,54,0.38505578
3118737,103,122,1,88,0.018172503,0,23,0.372386694
5748701,110,34,1,105,0.011613369,1,98,0.484213352
2674917,101,102,1,54,0.01282239,0,8,0.146537066
5234212,50,91,1,61,0.007335901,1,41,0.097388268
2050535,51,106,1,46,0.005914688,1,36,0.054732323
3959173,67,71,1,19,0.002711058,1,19,0.012068033
4483116,104,49,1,61,0.006939173,0,24,0.18532896
5265665,99,97,1,164,0.033212423,1,94,0.873501778
1926239,108,56,1,87,0.012079239,0,36,0.444720507
4997677,35,74,1,43,0.004912615,1,37,0.096016407
6578087,33,88,1,35,0.004161835,1,35,0.114409208
2108073,105,64,0,65,0.011516333,0,31,0.282907724
5888010,74,97,1,148,0.021125555,0,2,0.054432154
7704097,107,94,1,34,0.006623745,1,41,0.148506641
5836497,87,50,1,74,0.009232044,0,15,0.547873974
5625880,32,109,1,10,0.001150846,1,10,0.003678799
1815299,100,87,1,56,0.009184837,0,4,0.022492886
8917319,111,74,1,47,0.00944972,0,18,0.090288877
106206,36,81,1,22,0.002411366,1,22,0.022769451
1659503,61,56,1,40,0.005618095,0,16,0.103368282
6979291,114,66,1,30,0.004750013,1,30,0.042361021
6401619,59,71,1,82,0.011176586,0,14,0.075470209
7883438,55,37,1,18,0.002090216,1,18,0.019152403
2107397,106,59,1,57,0.008199692,1,57,0.210611582
1514653,49,95,1,9,0.000960588,1,9,0.002905607
9608065,55,95,1,57,0.007814407,0,21,0.069807291
7786971,48,38,1,12,0.001489639,1,12,0.002146959
4975545,74,70,1,70,0.012404203,1,40,0.114385366
4080911,54,64,1,40,0.004878044,1,36,0.0829494
7199178,107,105,1,89,0.019758224,0,5,0.043602228
4046784,98,94,1,33,0.006559849,1,32,0.065771341
5711680,46,73,1,10,0.001431942,1,10,0.003259897
4912895,80,37,1,30,0.003261805,0,9,0.043093443
8544425,109,116,1,63,0.017484188,0,17,0.141709805
9297612,51,98,1,48,0.005551815,1,48,0.257377148
6217025,128,114,1,106,0.020562649,1,100,2.409471035
4913669,67,37,1,19,0.002420425,1,19,0.017404079
4052974,59,46,1,36,0.004312754,1,29,0.05579257
1283813,97,95,1,60,0.009569645,1,58,0.342365026
7648606,33,52,1,26,0.003215551,1,26,0.029580832
4861388,117,91,1,102,0.017703295,1,88,0.748062849
2382914,125,91,1,83,0.014230967,0,15,0.644022226
2650234,42,41,1,9,0.001190901,1,9,0.003098011
5897752,57,125,0,256,0.031675577,0,17,0.037773132
3157262,94,61,1,59,0.007408857,1,59,0.124224663
8768247,119,40,0,300,0.034817934,0,23,175.0237513
8292330,44,92,1,21,0.002480984,1,21,0.015845299
4716122,95,116,1,5,0.001051903,1,5,0.00113368
4346149,108,65,1,49,0.010998964,1,47,0.368895769
2590982,105,48,1,11,0.001661539,1,11,0.004128218
4479110,43,95,1,22,0.002707958,1,22,0.032510757
2487378,111,106,1,36,0.010296106,1,28,0.056393623
1555916,101,81,1,259,0.03729248,0,36,0.504664183
9168289,51,52,1,61,0.007721663,0,5,0.024941444
3573155,105,98,1,72,0.014202833,0,11,0.198010683
1549478,56,50,1,57,0.008143425,0,7,0.048432112
1105180,91,95,1,1,0.000200987,1,1,6.39E-05
7688370,124,117,1,101,0.018602371,0,7,0.124783278
3795156,87,121,1,25,0.003926516,0,16,0.013290167
5829017,49,33,1,12,0.001378059,1,12,0.005675077
916729,104,91,1,27,0.005853891,0,4,0.014014006
8863676,114,110,1,49,0.008765697,1,49,0.342735767
7572379,113,61,1,28,0.004308462,1,29,0.05198431
3147981,46,48,0,17,0.002054214,0,18,0.025650263
7208759,123,101,1,40,0.00905633,0,35,0.186675549
7646751,83,84,1,17,0.003346682,1,17,0.010698795
2065463,46,35,1,21,0.00225687,1,21,0.007887125
417480,98,36,1,26,0.002825499,1,26,0.059583187
5614815,47,103,1,43,0.005071402,1,40,0.170561314
449099,38,42,1,21,0.002287865,0,5,0.0084517
1561866,100,122,1,157,0.040733099,1,104,2.162780523
3112175,95,56,0,32,0.006375551,0,33,0.085176706
4666082,123,52,1,21,0.003523588,1,21,0.019879341
5862304,112,63,1,24,0.004805088,1,24,0.026508331
3771632,110,60,1,36,0.005201817,1,36,0.078142405
8372212,75,32,1,37,0.005012035,1,32,0.057816744
8976119,117,65,1,43,0.006717443,1,35,0.059826612
8266692,98,82,1,63,0.013681889,0,32,0.127727985
9772341,66,44,1,53,0.006780863,0,29,0.127002239
9103346,68,66,1,78,0.014555454,1,54,0.099868059
6066784,32,33,1,5,0.000508547,1,5,0.00092721
561205,107,81,1,56,0.010353565,1,52,0.262593269
9057385,81,122,1,64,0.010868549,1,62,0.238936663
6404736,115,40,1,6,0.000792503,1,6,0.001303196
4291789,41,85,1,93,0.010984182,1,65,0.506490946
5708872,69,107,1,29,0.004744053,1,29,0.048769951
536257,126,51,1,26,0.003877163,0,10,0.016050339
6061548,98,85,1,61,0.009534597,1,39,0.099894285
3815051,120,108,0,19,0.005059958,0,4,0.2260499
3140788,116,114,0,0,0,0,0,0
3296836,52,103,1,19,0.002408266,1,19,0.012834311
9363529,107,41,1,19,0.002103329,1,19,0.022036076
8230400,39,45,1,8,0.001122236,1,8,0.002022266
8590004,99,121,1,18,0.004325628,1,18,0.01901269
8200866,38,40,1,21,0.002278328,1,21,0.024510622
3707566,118,87,1,188,0.038640738,0,7,0.230793476
1609631,62,34,1,32,0.003927469,1,32,0.07226181
6398954,126,106,1,35,0.00631237,1,33,0.088927746
7235751,109,88,1,39,0.008340359,1,28,0.05570817
7719519,51,50,1,42,0.005766392,1,42,0.102785349
5802705,63,93,1,19,0.002369404,1,19,0.019411325
5748819,113,119,1,28,0.006439924,0,12,0.013061285
4205251,126,70,1,34,0.004886866,1,33,0.105028629
3934776,88,39,1,25,0.003901243,1,19,0.021764994
7522505,112,55,1,94,0.013137817,1,94,2.635691643
2702681,77,50,1,14,0.001802444,1,14,0.009006739
9588245,56,109,1,28,0.004085779,1,29,0.03947258
5784998,93,89,1,150,0.023220301,1,38,0.089250088
9341094,53,114,1,25,0.00349617,1,25,0.029737234
2057701,71,33,1,13,0.001357794,1,13,0.00437355
4452441,114,50,1,102,0.013694286,0,55,0.857694626
4388326,90,103,1,7,0.001548052,1,7,0.001486301
3202973,115,69,1,59,0.009296417,0,46,0.531197786
7762957,39,56,1,43,0.005251646,1,42,0.173169613
648017,72,99,0,48,0.008651257,1,49,0.298276424
1227896,70,63,1,57,0.007174969,0,43,0.324693918
3324524,79,126,1,19,0.002908468,1,22,0.029502153
7140624,43,76,1,50,0.006313086,1,36,0.075333357
224235,113,124,1,104,0.027860641,0,21,0.070059776
4727542,91,125,1,79,0.014909506,0,44,0.423517227
2940001,110,60,1,18,0.002494335,1,18,0.019209385
5811153,52,90,1,170,0.020118475,1,34,0.097195148
6878163,96,36,1,13,0.001424313,1,13,0.005799294
828202,91,128,1,153,0.034312963,0,50,1.546156168
1215286,66,56,1,11,0.002922058,0,1,0.000812054
8261499,66,94,0,34,0.035318375,1,43,0.080448866
9111670,96,85,1,2,0.000302553,1,2,0.00019002
967889,105,61,1,37,0.004620075,1,37,0.039717913
6054047,34,115,1,65,0.006920099,0,44,0.646146297
9528197,117,52,1,14,0.001556158,1,14,0.005682468
7389062,86,122,1,39,0.005739927,1,39,0.099042177
9173117,79,32,1,5,0.000628471,1,5,0.000761509
9378388,78,109,1,62,0.00868845,1,62,0.153787613
5414242,115,116,1,160,0.028301716,1,68,0.417328358
4360771,101,56,1,20,0.002881527,1,20,0.016334534
6534021,116,56,0,8,0.001251936,0,27,0.139293194
7406464,55,43,1,16,0.002239466,1,14,0.005498171
6400066,55,33,1,25,0.002962828,1,25,0.02407527
8304773,41,41,1,15,0.002163649,1,15,0.007306814
5006692,100,70,1,41,0.006348372,0,14,0.020929337
5368400,118,109,1,2,0.000361919,1,2,0.000159979
4960513,36,40,1,15,0.001553774,1,15,0.009202719
9747500,61,43,1,23,0.002524614,1,23,0.034073353
6265949,78,39,1,34,0.004124403,1,24,0.013179302
2357572,125,41,1,86,0.009125233,1,86,0.885720253
298319,69,89,1,7,0.001290083,1,7,0.00135088
267476,83,56,1,52,0.007523298,0,47,0.111750841
6469501,69,100,1,75,0.010751724,1,57,0.222842932
6598224,70,51,1,19,0.002624989,0,20,0.025499344
9004948,41,113,1,19,0.002077103,1,17,0.015086651
2000031,59,120,0,0,0,0,0,0
2111600,113,42,1,32,0.003943682,1,32,0.042837381
8734227,44,118,1,43,0.005249977,1,43,0.140944481
3076618,55,64,1,29,0.004270315,1,29,0.047436476
8590766,63,68,1,71,0.008543015,1,50,0.251935244
8282339,57,102,1,31,0.004161358,1,31,0.08404851
5084166,70,85,1,51,0.006454945,1,51,0.054730177
1965469,74,116,1,16,0.002064466,1,16,0.008535624
9045533,54,102,1,89,0.011103153,1,50,0.361725092
9927296,38,97,1,15,0.001771927,1,15,0.010621309
4760468,102,121,1,53,0.011584282,1,53,0.098998547
7672831,77,66,0,0,1.19E-06,0,0,0
7026063,78,57,1,33,0.005218029,1,26,0.038683891
6791140,85,80,1,65,0.011437178,0,37,0.123838902
6923084,118,87,1,20,0.0033288,1,20,0.018436909
5758641,87,109,1,31,0.00628686,1,25,0.035821915
9662204,124,84,1,43,0.006685495,0,28,0.089176178
8326850,45,44,1,20,0.002636909,1,17,0.009088755
3523529,106,35,1,15,0.001848459,1,15,0.012300491
882811,62,110,1,22,0.00364852,1,22,0.02464962
7355959,42,109,1,16,0.001767159,1,16,0.004872799
6002170,34,97,1,25,0.002786875,1,17,0.01521039
6133579,46,41,1,25,0.003456354,1,9,0.001793861
6258837,116,65,1,36,0.005349398,1,36,0.056755304
3257116,120,45,0,21,0.030685186,1,28,0.05204463
4669010,71,47,0,0,0.000122309,0,1,0.000317812
5898873,112,82,1,36,0.006831884,0,9,0.014493465
46906,106,83,1,82,0.016552687,0,17,0.223204851
4284343,112,41,0,36,0.003721237,0,36,0.109552622
2418648,63,33,1,57,0.005800962,0,37,0.129476786
8209842,110,88,1,59,0.012197495,0,6,0.130373001
7636211,44,106,1,39,0.004184246,0,9,0.036848783
1029521,79,108,1,31,0.004075527,1,31,0.060757875
2204961,49,119,1,21,0.002408028,1,21,0.022544622
7790868,91,64,1,39,0.004782677,1,33,0.08638835
4217074,108,63,1,48,0.006227255,1,48,0.058283091
2223345,56,95,1,26,0.003022671,0,6,0.010196686
9453172,100,35,1,12,0.00124836,1,12,0.004396439
8280079,67,82,1,16,0.002474308,1,16,0.014548779
3085304,48,50,1,55,0.006198168,1,31,0.041426659
9135567,41,124,1,6,0.000679493,1,6,0.001195908
8160630,126,78,1,31,0.003968,1,31,0.055345058
8752010,68,71,0,41,0.006512403,1,42,0.086091042
7390016,42,75,1,61,0.007954836,1,54,0.217739105
2271803,120,81,1,36,0.006315231,1,43,0.122034788
327838,98,89,1,131,0.023127556,1,64,0.462238073
4180883,95,68,1,61,0.008521795,0,62,0.534801245
2335529,113,71,1,72,0.011095762,0,31,0.298958778
6674941,84,98,1,112,0.017278433,0,6,0.255217314
2710760,103,88,1,87,0.014654875,1,42,0.106899738
5641799,96,42,1,55,0.006773233,0,34,0.054941177
6307996,121,97,1,47,0.011282206,1,47,0.211505175
2296420,110,44,1,74,0.00766468,1,72,0.40546608
5118126,36,60,1,19,0.002294302,1,19,0.017703533
4388430,86,85,1,100,0.01973629,0,29,0.909439564
8568402,70,103,1,167,0.028424978,1,123,2.672559977
9303319,65,49,1,16,0.002458096,0,12,0.00928998
5786168,87,115,1,49,0.008067608,1,49,0.254779339
462209,78,103,0,76,0.013217211,0,37,1.493908405
7218369,119,49,1,41,0.004406452,1,41,0.19149971
8813442,118,109,1,22,0.005640984,1,19,0.013039351
1926589,61,123,1,20,0.003351212,1,20,0.019277811
3104203,60,97,1,19,0.006803274,1,18,0.016397238
7917110,106,107,1,52,0.009914637,0,26,0.294834137
3715126,94,44,1,89,0.012709379,1,83,1.606382847
968555,111,113,1,101,0.018102884,0,17,1.062498331
4058715,64,102,1,26,0.004036188,1,26,0.049947262
5874117,92,111,0,115,0.024885654,0,38,0.613971233
1545684,61,39,1,30,0.003208637,0,15,0.049933672
3908877,85,105,1,105,0.016590595,0,3,0.02216506
4995296,38,81,1,26,0.002816677,1,26,0.037083864
9810133,110,55,1,17,0.002706289,1,17,0.009706497
8708379,50,72,1,69,0.009400606,0,35,0.122149467
7713893,85,48,0,0,0,0,0,9.54E-07
3433823,105,64,1,19,0.002900839,1,14,0.006047726
826982,52,53,1,21,0.002727032,1,19,0.018378735
4555624,43,112,1,130,0.014204979,1,104,1.595031261
9626520,62,128,1,45,0.005660772,1,43,0.18825388
1556883,92,81,1,55,0.009459734,1,51,0.259521246
3066709,66,101,1,46,0.007657528,1,47,0.076735735
4299366,47,113,1,57,0.00761199,1,53,0.211093187
3706606,32,77,1,35,0.003993988,1,35,0.062086344
4483364,110,75,0,10,0.001755714,0,5,0.077788115
2457191,126,84,1,157,0.033342838,0,11,0.403827906
8204209,51,37,1,28,0.003046274,1,29,0.02832365
1070872,90,117,1,17,0.002987862,1,17,0.009387493
9231417,59,57,1,47,0.00662899,1,38,0.052175999
8744494,110,52,1,10,0.001196623,1,10,0.003876686
4158216,100,119,1,100,0.018124819,0,14,0.187074661
3908587,117,56,1,39,0.005066395,1,45,0.179332256
855337,67,57,1,26,0.004210711,1,26,0.030970335
669039,110,73,1,59,0.007905245,1,51,0.259136677
4308400,73,44,1,19,0.002333879,1,19,0.018520355
5974992,63,109,1,25,0.00394392,1,26,0.023801565
2860707,111,66,1,59,0.007982492,0,30,0.450986624
1680899,48,49,1,29,0.004340887,1,22,0.029862165
2855161,116,40,1,32,0.00364399,1,32,0.052700758
2295812,88,122,1,225,0.041502714,0,56,0.272917986
2276444,97,38,1,9,0.000977278,1,9,0.002469301
8425088,63,82,1,41,0.005478144,1,41,0.029822826
1135323,100,39,1,11,0.001203537,1,11,0.003176928
7544427,77,106,1,53,0.008053541,0,12,0.105832577
4781511,118,67,1,55,0.007250071,0,27,0.368808031
9607898,122,100,1,87,0.014807463,1,64,0.458380699
1696954,118,103,1,83,0.016964436,0,32,0.242309332
755322,50,120,1,66,0.007369518,1,60,0.516198874
1918300,91,45,1,19,0.002296686,1,19,0.014385223
5469565,37,44,1,42,0.004955769,0,1,0.010288239
9800389,82,47,1,34,0.004045486,0,25,0.034977198
7002382,34,82,0,0,9.54E-07,0,0,0
8835105,67,120,1,75,0.010099411,1,69,0.732048512
5235118,51,46,1,44,0.005334139,1,44,0.05971241
5030977,86,106,0,60,0.012332678,0,6,0.127311945
4749870,53,96,1,6,0.000662804,1,6,0.000984669
4966530,103,57,1,37,0.004304171,1,37,0.147240162
3714365,38,47,1,35,0.004892588,1,35,0.060331821
8740246,45,76,1,30,0.003875494,1,30,0.058077335
1753254,44,33,1,37,0.003935099,0,18,0.0824821
1738316,88,58,1,15,0.001819849,1,15,0.00854063
7118602,77,83,1,82,0.012618065,0,5,0.098066807
7413763,84,114,1,20,0.004356623,0,1,0.001526117
464723,117,59,1,54,0.00658536,1,56,0.311307907
7509267,69,62,1,58,0.008479357,0,21,0.293742895
2164930,110,80,1,64,0.010418892,1,44,0.140023947
1262564,45,107,1,77,0.008532524,0,5,0.188327312
8935830,88,61,1,27,0.003240347,1,27,0.061528206
2790524,108,37,1,75,0.008783817,1,44,0.091893911
8463262,66,32,1,20,0.002235174,1,18,0.0106287
9718918,127,43,1,82,0.00971961,0,7,0.083321333
3952984,105,70,1,47,0.008215904,1,36,0.070140839
8490969,38,49,1,31,0.003619671,1,31,0.03316021
5145926,84,77,1,31,0.006088495,0,16,0.040275574
6722027,68,81,0,41,0.007907867,0,30,0.245644331
874135,76,120,1,32,0.004842997,1,32,0.05615592
5020066,39,69,1,46,0.006045818,1,26,0.028640747
4384706,60,117,1,26,0.004523993,1,26,0.026588917
4611451,116,33,1,48,0.004771233,1,48,0.248890162
6330709,77,107,1,109,0.017405987,0,6,0.112308979
9022258,114,63,0,68,0.009687662,0,35,0.195326805
9137365,85,83,1,43,0.010206938,0,32,0.138327599
8548995,48,40,1,32,0.00427556,1,23,0.018211365
9860497,114,128,1,213,0.046969175,0,91,1.733293533
333408,50,106,1,78,0.009546995,1,78,0.427621603
760586,94,110,1,27,0.006376505,1,21,0.022403955
1841211,76,61,1,3,0.000448227,1,3,0.000288486
2204777,54,54,0,12,0.001420975,0,3,0.008008242
4755350,81,72,1,16,0.002697945,1,16,0.01095438
8913972,99,43,1,11,0.001449585,1,11,0.003811836
4201846,111,97,1,133,0.026130676,0,25,0.531098127
4778669,102,58,1,62,0.007326365,1,62,0.585409164
9730509,107,90,1,16,0.003282309,1,16,0.00732255
391375,63,90,1,43,0.006235838,0,2,0.01885581
8141533,115,87,1,91,0.016820431,0,19,0.214677572
7345806,61,46,0,29,0.003657818,0,10,0.068377733
7726573,74,118,1,42,0.006500244,0,32,0.077480316
8901444,116,121,1,96,0.025263548,0,31,0.674910545
9852432,67,58,1,6,0.000878334,1,6,0.001128435
8544770,62,53,1,29,0.004276991,1,23,0.044094563
9006041,69,76,1,25,0.003877401,1,25,0.016881704
36845,76,74,1,22,0.003926039,1,22,0.022743702
4040300,44,58,0,300,0.033788681,0,11,0.078115225
1343405,70,39,1,24,0.002840757,1,23,0.018134594
5333274,55,124,1,44,0.006124258,1,39,0.080255508
7908552,69,85,1,22,0.003172398,1,21,0.023780107
3020044,110,79,1,75,0.012281179,0,4,0.04105711
685654,105,114,1,88,0.01701498,0,1,0.009471893
6261856,115,73,1,24,0.003964901,1,24,0.027306795
5720849,65,54,1,42,0.005506516,1,38,0.050447941
3196193,108,62,1,40,0.005549908,1,39,0.047755003
2985146,125,128,1,20,0.005235672,1,18,0.006736279
3822811,121,85,1,81,0.016255617,1,61,0.361898661
5532276,111,55,1,40,0.005000114,0,11,0.023622274
7157842,127,103,1,19,0.003359556,1,19,0.012601137
5888877,128,118,1,84,0.016189098,0,43,0.476190805
4588898,35,52,1,37,0.004431009,1,34,0.103921652
4803138,73,101,1,81,0.013151646,1,75,0.271861315
9594806,102,112,0,14,0.003246546,0,2,0.022225857
3238713,49,98,1,19,0.002580404,0,3,0.007863998
4598707,49,113,1,14,0.00161767,1,14,0.008389473
9926432,37,56,1,15,0.001675367,1,14,0.00597477
5786024,63,116,1,107,0.015775442,0,36,1.331138134
7305164,115,41,1,9,0.001023293,1,9,0.002657413
1047370,55,93,1,17,0.00548768,1,17,0.015425682
2950301,111,57,1,168,0.025979996,1,27,0.043476105
7307300,69,60,1,33,0.004523516,1,34,0.036291838
4096741,105,128,1,35,0.008811951,1,29,0.029654741
4112935,93,125,1,105,0.016491652,0,15,0.442285061
176239,48,86,1,29,0.00366044,1,32,0.075291872
1188868,47,55,1,46,0.006479502,0,18,0.036986589
3883967,37,82,0,36,0.004129887,0,34,0.080222845
2970890,98,64,1,51,0.006882429,0,7,0.032411098
8837920,38,49,1,6,0.000622511,1,6,0.00105381
3354075,56,54,1,29,0.00395155,1,25,0.016171932
2275271,66,114,1,49,0.00609374,1,51,0.085430861
4993270,118,118,1,52,0.015107155,0,9,0.057021379
1252384,44,109,0,33,0.004343271,1,33,0.103349447
9513032,125,126,0,67,0.020842314,1,58,0.440298319
4403512,99,45,1,18,0.002235174,1,16,0.008683443
8092505,113,107,0,74,0.015083313,1,57,0.525125265
4074952,83,108,1,100,0.017466307,0,38,0.891994238
2215822,89,79,1,34,0.004940033,1,34,0.056586504
4808817,103,35,1,25,0.002477646,1,25,0.031939983
5160608,104,107,1,31,0.006704092,1,29,0.061000586
9787886,41,49,1,15,0.002097368,1,9,0.00205636
5783539,41,105,1,54,0.006622076,1,50,0.328711271
8890690,35,107,1,112,0.011875868,0,11,0.370817661
8359599,35,104,1,24,0.002593756,1,22,0.029388189
1476020,117,105,1,16,0.004264355,1,16,0.011102915
1419171,123,68,1,30,0.004749775,0,16,0.034186363
7605688,62,54,1,25,0.003038883,1,24,0.024076223
282280,68,59,1,34,0.004074335,1,32,0.042455435
8495363,73,117,1,13,0.002231359,1,13,0.006904364
1575136,125,52,1,95,0.012893677,0,27,0.289086342
4147245,42,51,1,47,0.005831957,0,33,0.257331848
540962,119,101,0,300,0.06471324,0,36,2.82337451
8226973,80,85,1,49,0.008358479,1,41,0.182715178
776479,36,85,1,62,0.00687623,1,62,0.486696959
5069141,53,76,0,0,7.15E-07,0,0,0
8827207,33,117,1,10,0.000993013,1,10,0.002495766
9898906,120,124,1,72,0.016221046,0,30,0.249670506
9692436,116,51,1,107,0.013354778,1,81,0.825815678
7430610,47,59,1,1,0.000118971,1,1,5.01E-05
5479625,37,56,1,26,0.002818584,1,26,0.013729811
3704217,85,96,1,20,0.003637314,1,20,0.015126228
1106806,48,32,1,5,0.000582457,1,5,0.000731707
8461485,46,123,1,37,0.004842043,1,35,0.038052082
4932807,98,81,1,80,0.011044025,0,25,0.682943344
3149318,57,108,1,57,0.006271362,0,14,0.269073248
491600,63,89,1,39,0.004887104,1,39,0.082963467
7199157,45,118,1,24,0.002814054,1,24,0.028753996
8256094,68,77,0,99,0.013064861,0,30,0.099807024
5070660,58,94,0,25,0.003525257,0,26,0.027921677
2231388,79,113,0,47,0.008509874,0,30,0.269508362
7121180,47,123,1,34,0.004244089,1,34,0.072606087
3729671,32,40,0,21,0.002785444,1,23,0.028793335
9789029,37,111,1,17,0.00188899,1,17,0.009036541
4595899,107,112,1,38,0.006364822,1,34,0.088191271
1851059,48,96,1,36,0.004484892,0,18,0.071059465
4588466,113,127,1,81,0.019753695,1,65,0.312788725
9106126,104,67,1,79,0.009989023,1,61,0.599457026
8344620,86,93,1,30,0.00582552,0,10,0.008267164
6459625,74,87,1,117,0.017495394,0,41,0.440581322
415535,93,90,1,58,0.011538744,1,56,0.488032341
4277022,115,128,0,73,0.014862299,0,50,0.725982904
1554138,60,96,1,22,0.002986431,1,22,0.021507502
6005747,42,84,1,16,0.002146482,1,16,0.009826183
2958156,36,82,1,21,0.002446651,1,21,0.016200781
9881564,107,127,0,126,0.032838106,0,13,0.267119408
5869818,72,49,1,21,0.003056765,1,21,0.021892309
2367942,37,55,1,11,0.001456261,1,11,0.004395723
8777614,83,45,1,18,0.002035141,1,18,0.010993958
4878632,122,36,1,25,0.002753258,1,23,0.019022703
1942885,33,62,1,11,0.001392126,1,12,0.004215002
5465478,107,89,1,100,0.039060354,1,87,1.015668154
3465218,98,69,1,53,0.006618738,1,53,0.34168148
9251679,114,56,1,9,0.001110315,1,9,0.001673937
8234222,36,90,1,17,0.001986504,1,16,0.009904385
7068006,85,66,1,31,0.005306482,0,18,0.087772608
428127,99,36,1,85,0.009541273,1,71,0.231649399
3846889,37,115,1,54,0.005563498,0,1,0.006100893
9261664,107,35,1,71,0.00762105,0,44,0.144911528
1820797,94,124,1,137,0.029506683,0,27,2.083743811
8983103,57,78,1,75,0.010840893,1,43,0.168442726
9074948,33,68,1,28,0.003577709,1,28,0.055540085
1825221,72,106,1,46,0.006322622,0,12,0.092938662
6431887,61,62,1,49,0.006698847,0,32,0.065412045
841707,64,117,1,58,0.009110928,1,65,0.467184305
7424002,74,108,1,45,0.008158445,0,11,0.024619102
2031853,89,49,1,87,0.010912418,1,51,0.308397532
5039872,96,51,1,42,0.004693985,1,42,0.103553534
1972196,82,106,1,62,0.009505749,0,4,0.028326273
9743385,126,116,0,58,0.071323395,0,33,0.260881901
7092936,42,73,1,18,0.002193213,1,14,0.005195379
9131869,66,52,0,25,0.003838778,1,31,0.060153961
6020464,65,79,1,46,0.007119894,1,44,0.206076145
4321494,79,36,0,43,0.004771948,0,39,0.06553936
9628553,86,111,1,154,0.023263454,0,6,0.660821199
344540,76,64,1,35,0.005271196,0,16,0.055486441
9734512,65,60,1,47,0.005894423,0,25,0.147992134
3619144,106,94,1,58,0.010915518,1,58,0.067510128
8945640,81,108,1,21,0.00473547,1,14,0.004983187
2946644,78,113,1,192,0.030533552,0,9,0.104484797
1463979,114,106,1,90,0.020219803,1,56,0.207189083
5182662,44,54,1,49,0.006454945,1,45,0.182557106
8144374,117,73,1,8,0.001174212,1,6,0.000844717
5263067,74,123,1,51,0.007270336,1,51,0.313880682
4870668,81,66,1,47,0.007664919,0,41,0.195698261
9938665,48,44,1,23,0.003255129,1,23,0.036075354
2241526,127,74,1,23,0.003695726,1,23,0.01987505
8676505,91,49,1,57,0.007828712,1,46,0.210370302
3836212,95,45,1,28,0.003012896,1,28,0.049649
3236739,125,96,1,229,0.046141624,0,22,1.410865068
4168913,46,111,1,69,0.008586645,1,29,0.026638508
780143,61,68,1,35,0.005270243,1,34,0.082786083
2920952,85,75,1,51,0.008608103,1,51,0.068078756
3969558,73,92,1,29,0.00426507,1,29,0.047757626
8713048,119,66,1,187,0.022698879,0,40,1.24784708
3546664,100,43,1,14,0.00189352,1,14,0.00566268
4135421,84,126,1,29,0.005377531,1,29,0.014928341
7646255,49,109,1,9,0.001209021,1,8,0.002152681
8805085,58,72,1,24,0.002891302,1,24,0.019954681
9820654,36,95,1,86,0.009993553,1,82,0.426788568
6753242,57,100,1,22,0.003023624,1,22,0.033169746
3294595,94,96,1,272,0.054536581,0,1,0.033658028
1480551,94,80,1,32,0.005490541,0,15,0.072617531
6010224,117,46,1,22,0.002621889,1,20,0.022847176
4141219,89,112,1,36,0.005567551,0,4,0.022684097
4034410,71,58,0,233,0.027463675,1,14,0.004900217
8541507,43,49,1,49,0.005927563,1,39,0.053902149
3068849,90,119,1,51,0.008533478,0,7,0.061547756
9732520,69,127,1,19,0.00266099,1,19,0.023184061
4571141,34,80,1,48,0.005417347,0,11,0.029340029
7617093,61,36,1,52,0.005330324,0,39,0.258541107
6990298,59,80,1,99,0.011325836,0,21,0.535616159
868929,84,71,1,69,0.008600235,0,11,0.415470123
3004526,43,101,1,27,0.003200769,1,24,0.034583569
5723912,121,39,0,300,0.033077002,1,83,0.273205042
573647,49,72,1,10,0.001103401,1,10,0.004131079
4055084,70,118,1,39,0.005314827,1,39,0.166815042
5965405,75,63,1,64,0.010350943,0,13,0.132174492
6260007,36,127,1,100,0.012486935,0,55,0.320179462
2462208,67,117,1,96,0.013050079,0,67,0.480559587
6918056,92,68,1,60,0.009046793,0,33,0.21206665
6678550,32,44,1,21,0.002241373,0,17,0.024229765
5204894,99,123,1,60,0.009943008,1,60,0.518225908
1378468,109,40,1,19,0.002159834,1,19,0.012897015
850900,106,120,1,3,0.000517607,1,3,0.000314236
8511415,50,110,1,51,0.007107019,1,37,0.058744907
4343476,54,128,1,53,0.006955862,1,51,0.394571543
4420995,102,116,1,23,0.004317045,1,28,0.041951418
7215152,81,103,1,11,0.001853943,1,11,0.004346132
7009741,37,96,1,27,0.003009796,0,15,0.051426888
5246407,41,102,1,46,0.005604982,1,31,0.065663815
742783,50,91,1,49,0.006071091,1,49,0.192115307
2134725,47,86,1,42,0.004930496,0,27,0.116884708
8941418,81,36,1,66,0.00790596,1,62,0.217480183
5180035,40,121,1,62,0.006818056,1,47,0.253132343
3824459,46,121,1,15,0.001572132,1,15,0.007727385
4532114,69,44,0,46,0.006201744,0,34,0.16149807
4688829,104,43,1,103,0.011524439,0,37,0.891866922
9372731,114,105,1,58,0.014595985,1,56,0.246675014
7250877,121,80,0,0,9.54E-07,0,0,0
7535640,74,57,1,2,0.000306845,1,2,0.00019455
8043353,106,83,1,57,0.009744883,0,14,0.234400272
2630131,104,77,1,70,0.011389256,0,9,0.331015348
35966,67,42,1,49,0.005946636,0,17,0.044774532
2528400,82,77,1,22,0.003730774,1,19,0.006625891
7671323,110,94,1,85,0.014346123,0,36,0.664048195
4613354,55,39,1,14,0.001713753,1,14,0.005469561
3726256,116,128,1,95,0.017948151,0,31,0.31655407
7738883,107,47,1,25,0.003211021,1,25,0.023631096
1069202,32,65,0,46,0.005439043,0,53,0.49437499
8611680,89,124,1,34,0.006567478,0,30,0.043046236
6927900,74,48,0,18,0.002830505,1,16,0.009811878
9469917,39,43,1,18,0.002312899,1,11,0.00347352
1440448,36,51,0,23,0.002791166,1,29,0.044280291
1376798,61,72,1,53,0.00814414,0,12,0.055691719
3978716,71,42,1,21,0.002445459,1,19,0.013056278
5561915,57,60,1,46,0.005989552,1,43,0.130651712
8650281,93,60,1,4,0.000535011,1,4,0.000458002
6265050,99,61,0,51,0.008141518,0,39,0.265281439
9136854,93,87,1,45,0.006801844,1,37,0.057871103
1217357,123,51,1,27,0.003752947,0,18,0.049009562
661475,121,84,1,300,0.046907663,1,42,0.042425394
4775520,91,113,1,58,0.010082483,1,56,0.438919783
2348509,45,84,0,109,0.015077829,0,15,0.315330505
3336757,57,90,1,73,0.009438276,1,62,0.527987242
507036,118,125,1,17,0.004556656,0,3,0.001827478
484045,89,96,1,40,0.006212473,0,1,0.004974365
7408510,88,43,1,64,0.007657528,1,61,0.124170303
1873998,112,84,1,68,0.010061026,0,32,0.824506521
3703081,114,117,1,176,0.04174304,0,51,0.565368891
5648067,127,44,1,29,0.003232479,1,29,0.022090912
1478129,78,87,1,23,0.004566431,1,9,0.002446175
5510236,97,79,1,46,0.007740974,0,17,0.063206911
8213812,89,116,1,96,0.01889801,0,47,1.624285698
6791970,53,102,1,7,0.001006842,1,7,0.001642704
6655363,121,80,1,12,0.001701593,1,12,0.007272243
1310189,86,61,1,64,0.009371042,1,64,0.198946476
180442,127,64,1,15,0.002058506,1,15,0.004728317
2089611,62,100,1,15,0.002456903,0,8,0.008084297
5633747,51,120,1,43,0.005478859,1,43,0.093945742
6702921,55,116,1,47,0.005311012,1,47,0.218939543
2425573,59,122,1,40,0.005549669,0,18,0.088591099
3203288,105,82,1,79,0.01475358,1,75,1.074873686
1922704,93,114,1,14,0.002532482,1,14,0.005030394
97707,50,41,0,18,0.012371063,1,27,0.029374838
8253307,113,118,1,101,0.027293205,0,33,0.589066029
1735309,110,39,0,0,0,0,0,9.54E-07
2168075,125,37,1,18,0.001789093,1,18,0.013370037
3679212,78,43,1,92,0.009455204,0,9,0.126925707
8668530,45,115,1,55,0.00683713,1,54,0.395187855
4133506,37,58,1,17,0.002003193,0,6,0.00746727
2049323,120,65,1,33,0.004915953,0,12,0.037816525
3818588,58,71,1,34,0.004365921,0,5,0.009135723
7087766,95,115,1,107,0.023543119,0,21,0.253986835
2239793,57,70,1,60,0.008527994,0,28,0.206359148
1052184,112,41,1,32,0.00328517,1,32,0.057948112
9014570,114,74,1,28,0.003612757,1,28,0.042038679
418945,45,69,1,59,0.006267071,1,59,0.488100052
9014420,107,123,1,48,0.055655956,0,30,0.116486073
2362521,71,104,0,119,0.015335321,0,20,0.878461599
864754,114,49,1,21,0.002621174,1,21,0.023450375
2970383,46,116,1,96,0.012040854,1,96,0.770605803
2656327,91,93,1,45,0.007931471,0,8,0.019822359
2308597,76,67,1,34,0.005956888,0,13,0.058678389
6900718,50,76,1,116,0.016976118,1,73,0.873537064
3369222,37,90,1,10,0.001160622,1,10,0.003549337
2612637,83,67,1,51,0.007383585,1,49,0.155811548
2312598,123,46,1,21,0.002487183,1,21,0.024702311
207442,124,58,1,44,0.00639534,1,43,0.124890804
6743712,33,97,1,26,0.002768755,1,26,0.043972969
5461978,53,75,1,43,0.005431652,0,9,0.066781759
3761228,33,60,1,14,0.001701355,0,3,0.004361868
1986522,122,99,1,30,0.006473064,0,7,0.01944685
8243043,111,94,1,80,0.014574289,0,35,0.156401634
7533603,44,79,1,18,0.002421141,0,14,0.010689259
384562,94,66,1,49,0.007857323,0,3,0.021367788
6332237,62,58,1,26,0.003345966,1,26,0.038299799
548996,87,73,0,0,0,0,0,9.54E-07
6078840,115,83,0,1,0.000210047,0,2,0.014936924
9477802,43,80,1,24,0.002933502,1,24,0.023803949
9981511,47,33,1,43,0.005025864,0,4,0.033509493
5044650,80,51,1,25,0.003125429,1,23,0.039772511
6521435,70,41,1,12,0.005115986,1,11,0.007399559
2917506,105,71,1,12,0.001796246,1,12,0.005055904
791335,125,101,0,300,0.059121847,0,37,1.248880148
7894524,36,57,1,5,0.000627995,1,5,0.000796556
5360922,45,69,0,3,0.000435829,0,1,0.00797677
6719147,109,74,1,39,0.005361795,1,42,0.17571497
2040312,126,52,1,6,0.000780106,1,6,0.000902414
5669038,38,50,1,27,0.002926588,1,27,0.03885293
3349746,79,42,1,44,0.00489974,0,6,0.078524113
8305123,110,99,1,67,0.012444019,0,17,0.311360836
1204485,117,70,1,61,0.008528948,0,5,0.126006365
4015774,51,51,1,18,0.002727032,1,18,0.012176514
6238605,52,44,1,47,0.005344629,0,12,0.060958624
3196999,117,77,1,56,0.009848356,1,62,0.280824423
4746280,40,86,1,27,0.002704859,1,27,0.02252984
5355722,41,33,1,9,0.001068115,1,10,0.004119873
7240139,114,33,1,71,0.007288456,1,71,0.459596634
9047569,43,108,1,46,0.004671097,1,44,0.126906633
6862779,109,128,1,68,0.012895107,1,68,0.288808584
307169,108,62,1,8,0.001196384,1,7,0.001619577
2710651,51,100,1,232,0.025814056,1,28,0.068163157
3466302,43,127,1,101,0.011751413,0,78,0.534699917
6492399,71,86,1,207,0.026818037,1,53,0.294957876
8722088,57,126,1,42,0.006173372,1,42,0.168070078
8677646,57,115,1,57,0.008202553,0,19,0.102441549
1035532,124,98,1,176,0.03976965,0,75,2.057986975
5903975,80,51,1,25,0.003617048,1,23,0.024102449
5078557,41,68,1,34,0.00351119,1,34,0.034497499
4255869,104,122,1,138,0.028095722,0,13,0.986730099
9239686,73,38,1,34,0.003928423,0,4,0.033865213
3595997,111,38,1,33,0.003469467,1,32,0.03451848
2443650,60,101,0,61,0.020356178,0,12,0.119472504
7200440,112,106,0,300,0.065606356,0,52,1.050162315
6268647,64,114,1,40,0.005978584,1,41,0.138697624
7160736,119,99,1,122,0.019145966,1,97,1.192975998
7338175,81,114,1,162,0.030355215,1,50,0.15802598
682818,104,124,1,148,0.030619621,0,28,1.511860847
3935006,94,35,1,81,0.008767128,0,50,0.85772109
803864,98,35,1,26,0.002572536,1,26,0.01224184
9977291,87,35,1,2,0.000191212,1,2,0.000146866
6957432,60,125,1,107,0.015559912,0,28,0.461769342
8763554,106,89,1,33,0.006439686,0,1,0.004085779
9486239,98,43,1,62,0.0078969,0,32,0.501271725
1803941,114,120,1,88,0.019903421,0,13,0.163417101
551829,65,82,1,14,0.002307653,1,9,0.002755642
4746022,37,121,1,88,0.009139299,1,84,0.227782726
9537551,81,99,0,0,0,0,0,0
8364429,117,78,1,75,0.010627031,0,15,0.132817268
1923669,105,72,1,23,0.003985643,1,21,0.026019812
7915968,122,67,1,43,0.007375956,0,41,0.082126856
8258624,66,38,1,29,0.003702402,0,10,0.030450344
6581204,49,60,1,38,0.00551796,1,31,0.084791183
1627131,92,34,1,13,0.001469612,1,13,0.006000757
9027041,79,95,1,115,0.017729282,0,24,0.420937777
7111765,42,80,1,90,0.010178804,0,4,0.027551413
6851576,66,59,1,14,0.001831532,0,4,0.005850077
8830670,78,50,1,7,0.000852823,1,7,0.001438141
9685590,119,122,1,155,0.039911985,0,17,0.464549541
9870613,62,91,1,37,0.004793406,1,37,0.036142826
4056767,81,83,1,16,0.002286434,1,16,0.011307716
5678477,57,83,1,28,0.003622293,1,28,0.048363209
4551202,70,104,1,55,0.007258415,1,44,0.064415693
5635128,126,109,1,43,0.010612726,1,41,0.111019611
6817207,86,50,0,35,0.004211426,0,14,0.081055164
4270307,103,92,0,66,0.012673378,0,46,0.328950882
5865958,40,37,1,13,0.00167346,1,13,0.005673409
8852103,42,48,1,47,0.00552249,0,30,0.201378107
5927576,100,115,1,48,0.00808835,1,36,0.031407595
1022448,73,60,1,19,0.00274992,1,19,0.00663805
4671154,72,33,1,46,0.005125999,0,8,0.057362318
7672002,64,42,1,190,0.019158363,1,21,0.032114267
6745609,104,37,1,47,0.005009413,1,47,0.155814171
2389895,106,51,1,48,0.005531788,1,40,0.105349064
7979920,124,112,1,120,0.023104191,0,20,0.553728104
8652092,53,90,1,39,0.00534749,1,38,0.089473963
7589531,64,59,1,18,0.00235939,1,18,0.017531633
392636,83,73,1,10,0.001692057,0,8,0.003370523
1303223,97,92,1,127,0.02859211,0,2,0.013174534
3324162,43,120,1,21,0.002548218,1,21,0.015250921
9006479,64,78,1,47,0.005975962,0,4,0.042387962
855758,61,82,1,46,0.006643534,0,10,0.099536419
1982753,125,88,1,54,0.010325193,0,24,0.04531312
9773546,67,127,1,69,0.010047674,1,69,0.42096591
3622850,75,63,1,42,0.005804062,0,17,0.105704546
5214864,103,80,1,44,0.008048773,0,32,0.192662716
864457,101,97,1,63,0.013143778,0,4,0.032771826
6917169,69,86,1,38,0.005342722,0,17,0.084650517
6932489,104,73,1,42,0.00744462,0,10,0.051953793
5062770,61,58,1,50,0.007754087,0,15,0.035656452
2294748,39,60,1,11,0.001287699,1,11,0.003690243
7452895,84,34,0,0,9.54E-07,0,0,0
4850327,43,63,1,6,0.000817537,1,6,0.001335621
3006444,33,35,1,9,0.001294374,1,9,0.002598763
5277706,100,38,1,80,0.009001493,1,79,0.842183352
2595446,42,54,0,5,0.000742912,0,3,0.004386663
3681512,58,112,0,7,0.000966072,0,5,0.038934469
3545758,64,53,0,3,0.00044179,0,3,0.000864983
347353,108,95,1,52,0.00769043,1,58,0.268079042
3546871,72,32,1,11,0.001109838,1,11,0.004454136
9311495,104,127,1,28,0.006114244,1,28,0.051337957
3991671,86,39,1,17,0.001807451,1,17,0.011185169
757129,36,114,1,29,0.003449202,1,29,0.076621056
7944626,115,72,1,57,0.008042097,1,55,0.28650403
3774841,59,115,1,60,0.009421349,1,60,0.241621971
4581444,99,115,1,93,0.019249678,0,42,0.633014917
9567995,91,74,1,67,0.008955479,1,62,0.611101151
6661992,114,33,1,34,0.003620148,1,34,0.063581944
1997801,85,101,1,77,0.011990547,1,73,0.750996113
338292,37,84,1,5,0.000607967,1,5,0.00080657
9279048,34,53,1,20,0.002070189,1,20,0.025991678
9287864,126,97,1,19,0.003223658,1,15,0.006255627
7747623,108,46,1,54,0.006376743,1,52,0.372807503
5773901,84,33,1,14,0.00182724,1,14,0.008022308
7753090,47,103,1,41,0.005271912,0,12,0.02767539
5252866,97,91,1,14,0.002613783,1,14,0.006162167
958066,84,77,1,6,0.000862122,1,6,0.000961304
8052142,34,95,1,45,0.005064964,1,31,0.063401699
5152975,32,102,1,24,0.003099442,1,27,0.025840282
3677568,105,123,1,23,0.004487514,1,15,0.008028507
3251106,49,88,1,44,0.005534172,1,44,0.184995651
9584702,122,86,1,20,0.004060745,1,15,0.009673119
7316136,71,51,1,48,0.005645514,1,48,0.213124037
5631210,70,41,1,5,0.000509501,1,5,0.000778198
3285393,71,48,1,8,0.001084566,1,8,0.002139568
2807383,127,80,1,35,0.005651712,0,22,0.065611124
2703279,102,118,1,14,0.002630949,1,14,0.005402803
1404577,67,96,1,89,0.012285948,0,4,0.18145299
7868753,75,89,1,89,0.012546062,0,62,1.735579014
2574832,125,96,1,30,0.004828691,1,30,0.067904472
5662702,35,99,1,35,0.003639936,1,35,0.070134401
6725540,71,106,0,20,0.003096342,0,3,0.073135138
756394,46,127,1,117,0.012311459,0,54,0.488420963
347594,81,115,1,45,0.008749485,1,38,0.085625887
2765264,86,108,1,62,0.013828993,1,20,0.022279501
3773302,46,128,1,65,0.008458376,1,49,0.205729246
5113032,79,36,1,6,0.000670195,1,6,0.001186848
2072853,88,51,1,29,0.003369093,1,29,0.079162359
9909255,43,107,1,93,0.010343313,1,84,1.273032188
2521802,46,51,1,17,0.002438068,0,6,0.004581451
5849091,67,90,1,28,0.003678083,1,28,0.035614014
3761577,127,57,1,66,0.009101868,1,62,0.465259075
3506984,36,96,1,23,0.002432585,1,15,0.009896278
2082189,97,62,1,10,0.001371384,1,9,0.002439976
1114630,55,104,0,31,0.004630327,1,30,0.046820641
9531334,55,40,1,170,0.018444777,0,8,0.03075695
3597650,96,105,1,106,0.019227982,0,17,0.156292915
2527759,73,87,1,17,0.002929688,1,17,0.013981581
3351248,99,112,1,138,0.033326387,0,23,0.120704889
9603493,55,87,1,13,0.001954794,1,13,0.003299952
6294790,73,108,1,69,0.009718895,0,20,0.154181242
2901852,38,74,1,8,0.001066446,1,2,0.000132799
4443493,36,102,1,12,0.001250029,1,12,0.002939463
3958602,42,34,1,33,0.003957987,1,27,0.032750607
2592783,122,53,1,11,0.001304865,1,11,0.004966497
595521,47,84,1,21,0.002171516,1,21,0.02477026
8744660,86,72,1,75,0.013575077,1,55,0.244805813
5644000,87,83,1,112,0.018800497,1,13,0.008159637
9951999,35,56,1,58,0.006556273,1,41,0.178408384
4286895,111,53,1,45,0.006099463,0,12,0.032860756
1373591,92,95,1,36,0.00537014,1,36,0.043416977
8156318,118,61,1,148,0.020451546,0,52,2.942673683
8441505,124,47,1,28,0.004197598,1,23,0.025553226
3065984,33,118,1,5,0.000594139,1,5,0.000659466
8284448,36,85,1,28,0.002961397,1,23,0.021079779
6940728,42,50,1,68,0.008748531,0,17,0.019100904
9697255,124,87,1,87,0.015269279,0,37,0.676766872
5210167,40,87,1,34,0.003524303,1,34,0.055179358
5499803,48,82,0,19,0.002505779,0,18,0.031561136
1281619,109,57,1,40,0.005218506,1,40,0.113917112
3512135,39,111,1,14,0.001682043,0,2,0.003498793
2606128,34,35,1,12,0.001525402,1,12,0.004642963
674171,86,91,1,32,0.006453753,1,30,0.078892231
5294650,113,38,1,16,0.001796007,1,16,0.012616873
7637412,87,73,1,45,0.006715298,1,37,0.05481267
7262974,107,116,1,78,0.01651144,0,44,0.690700531
7308680,87,122,1,81,0.012716293,0,36,0.741128922
5946362,107,122,1,18,0.004748344,1,18,0.013326406
6624359,56,68,1,20,0.002822876,1,20,0.016635656
7662474,109,124,0,13,0.002891064,0,6,0.016259909
5936822,44,53,1,10,0.001390934,1,10,0.002688646
4681819,51,64,1,94,0.012624502,0,2,0.04046154
8076823,58,91,1,36,0.00459671,1,30,0.0596416
3111417,124,127,1,60,0.012672186,0,36,0.150377274
895134,55,51,1,19,0.002157927,1,19,0.015379667
8300337,72,68,1,20,0.002704859,1,20,0.020388603
461632,122,117,1,119,0.03119874,0,33,0.239121914
4915957,88,101,1,86,0.017491341,0,45,0.901936531
423472,111,44,1,85,0.010313988,1,85,0.414196014
7057160,81,79,1,25,0.004073858,1,23,0.032906055
7161162,36,62,1,8,0.000846148,1,8,0.002116919
9553795,67,80,1,110,0.014809132,1,62,0.565425634
5812229,68,57,1,26,0.00415659,1,26,0.011979103
6471569,59,57,1,40,0.006004095,0,1,0.007660866
7131377,72,122,1,48,0.00746417,1,48,0.098431587
8961906,50,41,1,12,0.001513481,1,12,0.004038811
4331373,42,127,1,69,0.008626223,0,8,0.132355928
6047681,81,102,1,44,0.0095222,1,44,0.14490056
5038269,89,75,1,48,0.007213116,1,46,0.154364824
4540105,105,56,1,31,0.003516436,1,31,0.088063955
4453248,117,32,1,65,0.006365299,0,26,0.228951216
2336129,91,79,1,115,0.021016359,0,46,1.151543617
7952889,33,66,1,22,0.002728462,1,20,0.010968447
7372638,42,71,1,21,0.003027201,1,19,0.012743235
3305760,35,59,0,28,0.003448725,0,2,0.005612135
3524245,57,52,1,108,0.01420188,1,47,0.186194897
1083403,53,120,1,42,0.005717516,0,10,0.088809967
2880173,122,58,1,19,0.00301528,1,17,0.005484343
9844439,120,96,0,87,0.01581645,0,6,0.225123167
1884749,102,83,1,68,0.012570143,1,61,0.549805641
2263238,55,60,0,20,0.00293541,1,22,0.018939495
5083765,38,113,1,35,0.003922224,1,35,0.111756086
550671,116,107,1,81,0.015063763,0,15,0.176807165
4608061,95,117,1,43,0.007590532,1,43,0.198035717
2271763,41,101,1,83,0.008661032,1,37,0.147965431
741432,67,110,1,86,0.013886929,0,29,0.406480551
8170536,91,72,1,63,0.00886178,1,47,0.220885038
7663986,128,65,1,45,0.005972385,0,36,0.211634636
3677097,43,94,1,86,0.010495901,0,19,0.12317872
2667658,119,107,1,286,0.057800531,0,11,0.293379545
5074994,96,91,1,25,0.003781796,1,19,0.017619848
6884445,128,53,1,47,0.005413532,1,48,0.286334753
9576834,74,60,1,33,0.004171848,1,33,0.051370621
3034397,96,44,1,14,0.001647949,1,14,0.004919529
9053492,125,93,1,19,0.002886534,1,19,0.007524252
3472201,62,110,1,32,0.00403285,1,32,0.057029724
8903185,47,45,0,25,0.003889084,1,38,0.033145189
9329101,85,57,1,65,0.008667231,0,12,0.066167355
4450755,50,41,1,10,0.001244783,1,10,0.003723621
2621307,125,113,1,60,0.013684273,0,12,0.038931608
2343417,103,73,1,32,0.00412035,1,30,0.03800559
1290273,115,63,1,48,0.006325245,0,14,0.132543087
4256699,59,34,1,23,0.002454996,1,23,0.02194953
1366470,104,127,1,228,0.038998365,1,52,0.241352558
9961838,57,92,1,26,0.003794432,0,11,0.011207104
2577106,89,54,1,29,0.003855228,1,29,0.041812897
3258276,44,67,1,12,0.00172472,1,12,0.00679636
6091104,71,73,1,53,0.007362604,0,19,0.066307068
1199925,71,70,1,79,0.011557341,0,9,0.11051321
3012731,112,116,1,116,0.029438734,0,3,0.110700369
3366026,37,93,0,300,0.028585434,1,61,0.134226799
1380425,71,80,1,22,0.004615545,1,14,0.005315781
5972851,47,43,1,13,0.001610756,1,13,0.003675699
1827555,92,63,0,8,0.001146078,0,9,0.005195856
9520428,48,90,1,40,0.005452394,1,43,0.161370277
6493724,67,88,1,142,0.023380041,1,68,0.728400469
9491440,39,71,1,47,0.005367517,1,29,0.075200558
1364483,57,36,1,37,0.004297972,1,6,0.00090909
7275480,116,119,1,122,0.027510405,0,84,1.535613537
6666997,39,73,0,12,0.001608849,0,13,0.011559248
3208998,56,63,1,61,0.007537127,0,12,0.030972958
2319147,40,63,0,5,0.000572681,1,11,0.004266739
7400426,36,74,1,27,0.003342628,0,19,0.031547785
7050768,111,126,0,230,0.051523685,0,17,1.280132294
197470,49,103,1,17,0.001950264,1,17,0.012134552
6186865,53,88,1,26,0.003018618,1,26,0.039377213
2421434,42,70,1,8,0.000911713,1,8,0.001975536
9469782,68,57,1,3,0.000427485,1,3,0.000291586
1626474,76,114,1,92,0.015065908,0,12,0.101593018
9652484,123,48,1,49,0.005443096,1,49,0.125388622
1395178,103,118,0,19,0.003442287,0,17,0.03184557
8312386,73,116,1,49,0.007685661,1,48,0.255393028
9376989,66,122,1,31,0.004255533,1,35,0.056440592
628791,52,71,1,32,0.00399828,0,19,0.075600624
5335932,53,37,1,27,0.003648758,0,19,0.017794371
1504007,88,62,1,27,0.004293919,1,27,0.052667379
2349509,121,81,1,34,0.006505966,1,14,0.007470131
4723616,65,108,1,45,0.005744934,0,7,0.034384251
593577,71,65,1,57,0.008913755,0,2,0.008311272
165625,59,65,1,26,0.003903866,1,26,0.044232368
1664316,75,34,1,44,0.004607677,1,45,0.082189798
2086836,128,67,1,91,0.013016224,1,79,0.950288296
7628838,71,40,1,73,0.007871389,0,23,0.220513821
3110808,38,100,1,9,0.000887156,1,9,0.003030777
847939,38,75,1,19,0.002640009,1,16,0.007751226
8193731,104,64,1,53,0.006887436,0,2,0.015337229
9612902,117,37,1,56,0.005822182,0,27,0.144404888
2766790,114,125,1,45,0.013060808,1,38,0.069003105
6135495,55,32,0,21,0.002431393,1,28,0.034767151
7794669,97,108,0,299,0.055196762,1,65,0.799195766
2157177,79,90,1,5,0.000777245,1,5,0.000658274
3269859,86,79,1,77,0.01371479,0,49,0.489723921
2614031,52,36,1,19,0.002136946,1,19,0.010005236
6256533,107,48,1,18,0.002407551,1,18,0.008228779
8215983,40,102,1,44,0.005129337,1,36,0.120239019
7090161,102,118,1,62,0.014721632,0,24,0.029824972
6826391,99,41,1,6,0.000643969,1,6,0.001123905
5697381,35,64,1,40,0.004149437,1,40,0.106671333
6113847,100,65,1,295,0.03782177,1,31,0.070061922
1302166,109,89,1,19,0.003954887,1,19,0.012340784
362537,33,74,1,56,0.006170273,1,56,0.109967709
1509787,61,61,1,51,0.008215189,0,4,0.012803078
8748818,105,73,1,74,0.012457132,0,2,0.028209448
8791071,110,116,0,16,0.003343821,0,16,0.019338369
5263278,98,69,1,57,0.008949995,0,4,0.031356812
5604615,44,98,1,24,0.00239253,1,24,0.027733326
3042231,96,52,1,49,0.005931139,0,15,0.026310921
6078169,123,33,1,14,0.00145483,1,14,0.008873224
5743859,120,37,1,43,0.004782677,1,43,0.136034489
4530100,120,101,1,229,0.033049345,1,73,0.966251135
6520095,127,64,1,12,0.001921415,1,12,0.005273104
8765158,86,54,1,45,0.005280733,1,46,0.061240673
8816507,62,88,1,43,0.005549431,0,2,0.011057854
3017638,32,93,1,36,0.004194975,0,21,0.095498562
9996577,68,62,0,11,0.001898527,0,2,0.049553871
6059032,99,126,1,91,0.020748377,1,97,2.286684513
2643319,106,67,1,75,0.010510206,0,67,1.212435722
9745961,124,115,1,23,0.005194902,1,23,0.01402688
3432444,67,79,1,7,0.001027584,1,7,0.001390696
48945,36,52,1,11,0.001391888,1,11,0.003272295
8568278,77,68,1,28,0.004973412,1,26,0.034254789
1860158,61,37,1,27,0.00279665,1,19,0.014458418
7940164,86,72,1,42,0.005737305,1,42,0.057970285
619281,124,77,1,89,0.01391077,1,87,1.30981636
2213547,97,97,1,80,0.018408775,0,3,0.02397871
2641173,115,69,1,27,0.004173279,1,27,0.029004812
6548130,119,40,1,21,0.00261116,1,21,0.028027058
7451472,98,62,1,159,0.024602413,0,31,0.257904291
313046,44,63,1,13,0.001502991,1,13,0.006385803
564459,107,34,1,29,0.003144979,1,29,0.035647631
7236636,85,70,1,23,0.003148079,1,23,0.020865202
3877741,124,51,1,63,0.007183075,1,66,0.753748655
1217846,85,37,1,267,0.027971268,1,75,0.196598291
7545824,39,64,1,47,0.005087376,1,37,0.064972401
8021681,32,96,1,17,0.001924276,1,18,0.016363382
6116573,52,58,1,54,0.005951166,1,48,0.219581366
4264373,48,82,1,14,0.001835108,0,1,0.001022339
3761188,84,65,1,86,0.011622906,0,1,0.018508911
2789849,45,103,1,106,0.012904406,0,10,0.254145861
854394,77,60,0,55,0.008239746,1,51,0.149052143
6451672,67,66,1,58,0.010601759,1,52,0.258569717
4984830,125,108,0,105,0.027257919,0,17,0.201780081
2841654,93,34,1,18,0.002497196,1,18,0.011626482
8072949,88,126,1,39,0.007762432,1,19,0.012854576
7415255,112,56,1,35,0.004828215,1,31,0.068332672
731360,61,115,1,95,0.013229609,0,17,0.185951471
2098013,84,116,1,5,0.001045704,1,5,0.000827551
4956741,92,74,0,57,0.008358002,0,19,0.119615316
7070562,33,88,1,22,0.002266884,1,22,0.012997389
1917340,122,99,0,0,0,0,0,0
1725059,85,97,1,58,0.009344578,1,53,0.304487467
4863869,74,112,1,114,0.019531488,0,4,0.04171586
6533053,71,86,1,33,0.004276037,1,33,0.082801342
3859295,94,79,1,92,0.012629032,0,6,0.054243565
4195157,107,125,1,24,0.005383015,1,11,0.004479885
7037173,108,128,0,0,9.54E-07,0,0,0
428881,98,53,1,14,0.00154376,1,14,0.006975412
8498420,110,125,1,12,0.002894163,1,12,0.00690937
1355133,35,45,1,28,0.003213167,1,25,0.026490688
7490195,68,65,1,15,0.002315521,1,15,0.012907028
7869715,55,68,1,37,0.005036592,1,33,0.065200567
8041268,103,121,1,43,0.009851694,1,43,0.213350534
9627454,41,58,1,28,0.003762245,1,28,0.015753508
4427460,50,118,1,36,0.004563332,0,11,0.027879715
5017946,104,86,1,66,0.011949062,0,47,0.145209551
9376530,56,74,1,58,0.007125616,0,50,0.144731522
7097117,113,116,1,96,0.017722607,0,3,0.067855835
2896831,108,104,1,68,0.017809868,0,22,0.026345968
6015022,100,89,0,0,0,0,0,1.19E-06
5027761,121,124,1,77,0.024614096,0,7,0.18350482
9954593,74,106,0,75,0.014579535,1,50,0.336466074
4900560,88,46,1,28,0.003475189,0,7,0.026497126
6134748,114,71,1,51,0.008856058,1,47,0.161308765
6869050,84,32,1,27,0.003034592,1,27,0.039539814
5593438,51,121,1,27,0.003652096,1,27,0.061304331
4551946,34,55,1,23,0.003010511,1,13,0.006703138
5648997,105,54,1,38,0.004461765,1,44,0.111890078
836873,93,107,1,85,0.014074802,0,22,0.958470583
6678083,94,42,1,79,0.009090185,1,20,0.012735605
1077090,126,104,1,45,0.008278847,1,23,0.017739534
3953630,52,87,1,76,0.010060072,0,21,0.601384878
1128025,91,97,1,81,0.016298294,0,18,0.157263041
3089028,60,109,1,66,0.010073662,1,53,0.288190126
1956615,108,122,1,43,0.010536671,1,34,0.094646454
3867881,46,80,1,59,0.007421494,1,55,0.169183969
2159905,98,47,1,45,0.005039692,0,23,0.121572733
7779713,92,118,1,100,0.014946938,1,92,0.963296175
1899503,47,74,1,23,0.002580404,1,20,0.013138771
1306731,119,39,1,79,0.009284019,1,53,0.265149593
1677925,98,68,1,82,0.013148785,0,15,0.172820807
2481060,104,80,1,51,0.009273052,0,7,0.07333231
8559315,76,48,1,10,0.001338482,1,10,0.002658844
7510367,120,99,1,79,0.013766527,0,34,0.213738918
1606739,51,108,1,7,0.000743151,1,7,0.001536131
2566137,112,102,1,29,0.006289482,0,6,0.03124094
6437741,93,99,1,69,0.014198303,1,27,0.038860798
7626557,60,76,1,10,0.001517296,1,10,0.002080441
7238452,76,50,1,19,0.00227952,1,20,0.019138336
1379853,122,42,1,64,0.006996393,1,64,0.166273832
2508063,111,72,1,287,0.044830561,0,40,0.195594072
9003069,51,100,1,65,0.008351803,1,65,0.200209379
6283466,114,106,1,20,0.003593445,1,20,0.010996819
2723804,43,101,1,77,0.008706808,1,77,0.204768419
2807984,35,126,1,90,0.010382891,1,90,0.806709051
6996219,127,66,0,144,0.020707846,0,46,0.948279619
2588953,95,55,1,41,0.005873442,1,41,0.067294598
5330127,114,126,1,40,0.009474754,1,40,0.109351635
9283896,122,101,1,35,0.007488728,0,27,0.075151682
8168132,126,95,1,128,0.024035931,1,46,0.224682093
7035615,111,78,1,78,0.011089802,0,21,0.12582469
6256961,84,37,1,27,0.002753019,1,27,0.062118292
1547005,45,65,1,35,0.004618406,1,30,0.045202017
9395577,76,60,1,43,0.006587267,1,8,0.002290487
9383715,75,106,1,13,0.007554054,1,13,0.011269569
5400596,71,106,1,6,0.000857115,1,6,0.001093388
404226,52,106,1,51,0.005866289,1,51,0.354232788
9864899,126,55,1,36,0.004357338,1,36,0.062558889
1196457,69,65,1,29,0.004369497,1,32,0.061759233
7390564,40,60,1,8,0.000889301,1,8,0.002171755
8552289,123,81,1,28,0.004007578,0,9,0.013964415
2115500,78,87,0,26,0.004292965,0,5,0.020885229
1368475,91,45,1,54,0.006711245,1,54,0.325054407
9470082,105,85,1,71,0.01025033,1,49,0.319088936
5975667,77,120,1,116,0.015948534,0,27,0.368634224
6222311,120,96,0,207,0.035003185,0,6,0.581045866
9796456,39,88,1,32,0.003988266,1,32,0.059185982
4127338,112,66,1,30,0.004339457,1,30,0.034912109
3453352,81,49,1,32,0.003568172,1,32,0.064115524
2243646,88,77,0,32,0.005750895,0,4,0.01675725
6519247,34,59,1,29,0.004006386,1,19,0.022198439
4800252,59,63,1,42,0.005340099,0,25,0.094336033
1409363,45,80,1,64,0.008269072,0,69,0.686243296
5782808,40,106,1,183,0.019866943,1,89,1.559689283
1574228,59,70,1,22,0.003018379,1,22,0.033294916
8966156,96,48,1,99,0.011430502,0,17,0.744256973
4161626,125,55,1,30,0.003891468,0,20,0.030735731
9250557,72,79,1,35,0.004926443,0,23,0.037429094
3838406,120,88,1,90,0.012639761,1,54,0.158165455
8714763,44,79,1,13,0.001501322,1,13,0.007683992
5603909,37,112,1,54,0.006184816,0,3,0.007996798
4628812,34,35,1,22,0.002791882,0,17,0.00722599
659316,112,41,1,51,0.005231142,0,39,0.096170187
9883287,116,99,1,23,0.004242659,1,23,0.017730474
6435088,119,127,1,44,0.009461403,0,4,0.019417763
7804791,51,64,1,45,0.005234957,1,46,0.159495354
6285256,79,52,1,31,0.004011393,0,12,0.014901161
617440,92,98,1,54,0.00912261,1,50,0.173018932
9233001,32,112,1,26,0.002650738,1,26,0.025336027
2459839,97,103,1,69,0.010481596,0,2,0.010043859
5609789,63,83,1,27,0.003957748,1,25,0.029506207
6828298,42,81,0,23,0.003393888,0,5,0.003462553
4623876,119,33,1,48,0.004565239,1,48,0.23845458
1351320,103,88,1,49,0.009929657,1,39,0.099096537
714732,80,102,1,32,0.004180431,1,32,0.038243532
938675,90,60,1,56,0.008430719,0,26,0.104492903
9730633,108,62,1,25,0.003173351,1,25,0.020675182
4198383,97,111,1,114,0.023645639,0,17,0.356471539
9993278,113,53,1,13,0.001802206,1,13,0.006964445
6783685,35,79,1,14,0.001752138,1,6,0.00090766
316945,90,46,1,10,0.001396656,1,10,0.002732038
7176479,107,96,1,51,0.009427786,0,10,0.044994354
5756445,97,38,1,41,0.004654408,0,7,0.016316414
1190477,102,81,1,49,0.009602785,0,15,0.057719946
4329441,100,71,1,28,0.00388217,1,28,0.051609039
6017439,112,113,0,0,0,0,0,9.54E-07
5609737,53,55,1,46,0.005916119,1,46,0.104765654
8948581,105,70,1,171,0.026039362,0,18,0.408104181
649564,44,92,1,18,0.002168179,1,18,0.018000126
4173044,67,46,1,25,0.002744436,0,1,0.004062891
9342909,86,96,0,50,0.010957003,0,8,0.03740716
4278114,74,102,1,45,0.008252859,0,12,0.027094841
5708494,120,60,1,18,0.002668381,1,18,0.010866642
1297722,98,106,1,59,0.011646032,0,28,0.102473974
5866028,90,45,1,63,0.00660038,1,59,0.479869604
5281730,69,94,1,58,0.008310795,1,58,0.091788292
8510705,44,86,1,30,0.003757477,0,4,0.006005526
6404557,51,125,1,27,0.00372076,1,26,0.012283564
7656938,124,101,1,48,0.010576963,1,45,0.12510252
2812175,69,98,1,58,0.009801865,1,54,0.326339245
7976265,108,94,0,3,0.000953913,0,3,0.117482185
658360,53,90,1,184,0.021112204,0,12,0.146157026
3345889,124,88,1,46,0.008853912,0,6,0.030228138
4363852,122,86,1,45,0.008410215,0,15,0.034091711
6244825,40,42,1,39,0.00596714,1,35,0.076869726
9130938,56,73,1,18,0.002616644,1,18,0.01123023
8110036,51,91,1,28,0.003669739,1,28,0.068437099
8633688,106,36,1,20,0.00207901,1,20,0.019217253
3192210,100,60,1,66,0.01060605,0,15,0.14435029
3145250,117,32,1,18,0.001890659,1,18,0.01772213
4836047,35,100,1,13,0.001424074,1,13,0.004864931
3217877,75,76,0,0,9.54E-07,0,0,0
5788814,79,42,1,25,0.002803087,1,25,0.032184839
7949377,102,108,1,34,0.006771564,1,34,0.054193974
7674633,121,84,1,44,0.008060932,0,25,0.087816715
9481645,109,127,0,30,0.008225203,0,28,0.091965199
7075272,56,76,1,43,0.005962849,1,43,0.15145874
4779745,78,115,1,50,0.009948254,0,20,0.044581652
9363554,98,117,0,66,0.013332129,1,58,0.213631392
2971634,48,103,1,6,0.000773191,1,6,0.001235008
3469310,58,117,0,34,0.005301952,1,40,0.080860376
6986458,35,68,1,45,0.005722761,0,30,0.157053709
539472,32,122,1,68,0.007799625,1,64,0.578166008
6805640,41,118,1,117,0.013922215,0,75,2.410476208
4676444,40,65,1,19,0.002736807,1,19,0.021524191
9643169,77,59,1,48,0.005963802,0,2,0.0229671
2450840,71,111,1,3,0.000366211,1,3,0.000300169
5994273,125,80,1,83,0.013700962,1,73,0.366988897
8764654,37,39,1,31,0.003544331,0,18,0.028997421
1615606,49,53,0,43,0.005461931,0,41,0.118670464
9899883,106,67,0,38,0.006236076,0,6,0.165563107
8711231,100,34,1,28,0.003452063,1,24,0.021405935
4324384,112,53,1,62,0.00703311,0,45,0.4928298
2900617,96,77,0,40,0.0077281,1,43,0.166729689
1606134,56,54,1,32,0.004051447,1,25,0.026675224
9940208,61,40,1,36,0.004493475,1,28,0.067507029
4788293,39,79,1,34,0.003827095,1,34,0.059469223
6085751,61,63,1,9,0.001223803,1,9,0.002085209
7889037,98,35,1,25,0.002783298,1,25,0.035788059
1772063,82,43,1,42,0.004298687,1,42,0.108168125
3925684,112,44,1,11,0.001185179,1,11,0.002883434
110581,116,109,1,160,0.03000021,1,75,0.932795286
9327297,35,120,0,168,0.018032789,0,19,0.374178171
605871,98,72,1,64,0.012321234,0,8,0.034429312
3149472,57,75,1,41,0.00590229,1,41,0.090256214
5693073,80,120,1,160,0.024427176,1,63,0.28463912
7695856,58,39,1,41,0.005749941,0,8,0.018489838
2233886,104,80,1,37,0.006011486,1,36,0.137977839
8171158,86,61,1,49,0.006774187,0,6,0.027076006
5281104,74,99,1,51,0.006598949,1,51,0.148525953
3986229,34,79,1,14,0.001390219,1,14,0.006269693
975088,119,62,1,292,0.033570766,0,3,0.184748173
9988043,91,127,1,70,0.011677027,0,33,0.210386753
2209144,90,74,1,30,0.005269766,0,22,0.03113699
947632,100,81,1,14,0.002629519,1,14,0.007934093
6067737,121,83,1,41,0.005685091,1,41,0.193505287
6340133,40,51,1,54,0.005733013,1,35,0.065648079
7149119,56,34,1,49,0.005442619,0,3,0.044107437
6304209,74,82,1,45,0.007740021,0,14,0.088082314
6932586,50,114,1,21,0.002750158,1,21,0.020301342
1936235,99,49,1,46,0.005765676,1,46,0.242449999
8333440,40,55,1,23,0.002661467,1,23,0.018059015
3352396,112,43,1,62,0.006524801,1,62,0.381949663
6606504,120,40,1,68,0.007067919,1,62,0.079839468
8772488,127,56,1,19,0.002438307,0,12,0.01755476
2441699,123,62,1,48,0.006298542,1,48,0.201862574
5951350,35,42,1,47,0.005281687,1,24,0.027427912
1466863,121,116,1,24,0.005110502,1,24,0.032487631
2738693,69,42,0,52,0.005676508,0,52,0.211514711
243448,57,104,1,51,0.007213831,0,3,0.042454958
9138055,127,34,1,63,0.005879164,1,59,0.192716837
4438933,87,57,1,25,0.003385544,0,11,0.021250486
3709567,112,92,1,50,0.010658026,1,36,0.034504652
6085924,95,43,1,78,0.00962925,1,69,0.749654293
3668381,112,89,1,73,0.014091492,1,62,0.577083111
847435,37,47,1,40,0.004150629,0,14,0.032567501
9870737,44,42,0,15,0.002049446,0,16,0.021397352
6898809,85,112,1,77,0.012992859,1,57,0.427749395
6483171,122,90,1,91,0.020572901,0,32,0.362286091
116373,75,57,1,9,0.00184226,1,9,0.003028631
6528358,111,124,1,73,0.015632391,0,73,0.991802931
3665733,90,99,1,49,0.007819414,1,49,0.23345542
6201902,37,115,1,45,0.004966736,1,45,0.19414258
654932,124,33,1,29,0.002843142,1,29,0.032852888
3418499,57,96,1,32,0.004649639,0,19,0.029680014
3887004,95,121,1,16,0.003406763,1,16,0.006737947
4697258,89,77,1,57,0.007073402,0,10,0.133620024
2263480,123,87,1,53,0.008265972,0,6,0.014565468
2529491,44,97,1,23,0.002371311,1,23,0.034807205
341792,45,92,1,43,0.005084515,1,43,0.023557425
9769362,93,116,1,2,0.000338078,1,2,0.000159025
5396816,125,32,1,66,0.006379843,1,66,0.501557827
5611245,117,93,1,17,0.002989292,1,17,0.014842033
9331439,126,34,1,71,0.007055759,1,69,0.442117214
6811146,70,104,1,42,0.006669283,1,42,0.190390825
6030836,84,64,1,66,0.009924173,0,24,0.302471161
7526580,35,85,1,26,0.002744436,1,26,0.019707441
3742527,76,88,1,51,0.007959604,1,39,0.089357376
5153785,66,84,1,45,0.006024599,1,51,0.17138648
1074707,88,107,1,19,0.003390074,1,19,0.013302088
2674935,100,79,0,0,0,0,0,0
2976316,85,41,1,33,0.003708124,1,31,0.076971054
6227958,99,45,1,35,0.004236698,1,33,0.039041996
3253945,127,54,1,30,0.004208326,0,1,0.00335598
1740975,51,32,1,46,0.005233526,1,46,0.095534563
7614051,38,41,1,30,0.003551722,0,6,0.017241955
3386418,109,116,1,38,0.008085728,1,34,0.027725697
8508877,79,93,1,80,0.014520645,0,38,0.392606974
660,81,71,1,7,0.001081944,1,7,0.001108408
3552391,123,115,0,0,9.54E-07,0,0,0
6139123,106,76,1,71,0.010188818,1,37,0.116693735
2586236,67,111,1,56,0.00774169,1,56,0.37513566
7185350,90,53,1,18,0.00208354,1,18,0.016024828
8829573,52,47,1,78,0.009027481,1,22,0.023231506
7723830,102,89,1,86,0.019581318,1,54,0.250333309
6792967,86,51,1,26,0.003080368,1,24,0.022787571
6136455,68,94,1,80,0.01147604,0,20,0.066632032
1236210,46,38,1,27,0.003055096,0,10,0.046879768
1621404,76,85,1,55,0.009479046,1,35,0.096568108
4388839,44,82,1,29,0.003234386,1,29,0.025653601
5380568,73,118,1,140,0.022531271,0,3,0.106227875
4337431,53,92,1,73,0.007920742,0,16,0.531651497
4511659,108,119,1,85,0.021093607,1,72,0.563894033
8353685,108,125,1,41,0.009088516,0,18,0.090842485
8527627,71,96,1,41,0.006145954,0,31,0.056238413
1562518,68,60,1,30,0.004164219,0,16,0.028467894
3747209,43,46,1,17,0.002389193,0,9,0.011955976
2667299,59,64,1,81,0.012202501,0,33,0.201865196
7820360,88,91,1,20,0.004358292,1,20,0.018604755
8323075,95,124,1,54,0.007759094,0,28,0.444130182
3913228,39,65,0,300,0.031906366,1,11,0.004203796
4351369,126,123,1,113,0.032792091,0,28,0.192697525
9781771,98,86,1,61,0.010966778,1,53,0.231397867
7708063,77,87,1,94,0.012951136,0,59,0.245961666
9820900,47,87,1,59,0.007415533,1,57,0.464410782
4527080,50,52,1,21,0.003405094,1,21,0.008130789
8214058,65,93,1,7,0.00101614,1,7,0.001670361
3918747,96,108,1,47,0.01123333,1,41,0.180194139
2005353,68,78,1,21,0.002888441,0,16,0.010124207
7777120,74,50,1,40,0.004684448,1,40,0.128864288
6142805,109,100,1,35,0.007216454,1,27,0.042773008
6141251,89,84,1,113,0.020268202,0,23,0.075438023
8659073,104,63,1,43,0.007021904,1,39,0.095390081
8139371,98,110,1,26,0.004850388,1,24,0.027733326
7142882,90,95,1,151,0.027290583,0,5,0.192142725
9445313,75,107,1,36,0.005253792,1,28,0.041097164
6428949,93,49,1,83,0.010558367,1,54,0.301341057
850857,106,62,1,18,0.002388716,1,18,0.011573076
6541127,98,85,1,57,0.009891748,0,1,0.017200232
6760061,55,108,1,35,0.004413843,1,35,0.05167222
9326454,33,112,1,17,0.001868725,1,17,0.016223669
467456,110,43,1,39,0.004743338,1,39,0.085125446
5915209,85,128,1,79,0.013152361,1,83,0.836869955
7939678,104,102,1,47,0.010809183,1,46,0.258806229
5053426,33,62,1,41,0.004718304,1,25,0.042970181
8930350,101,98,1,26,0.00519681,0,7,0.021823406
523219,55,75,1,33,0.00427866,1,33,0.025862455
9006402,81,106,1,71,0.011187553,0,39,0.235768557
7434389,42,71,1,54,0.006869316,1,52,0.261443615
2809821,71,84,1,27,0.004333496,0,7,0.016384363
8098936,52,48,1,41,0.004725456,1,41,0.055020332
5585001,116,100,1,159,0.032603264,0,45,1.16230607
1637508,115,90,1,33,0.006321669,0,16,0.04492569
6116906,119,112,1,96,0.022954464,0,21,0.815681219
4240746,115,113,1,107,0.020469427,0,4,0.106257439
9752848,80,68,1,48,0.006454945,0,39,0.368950605
3464182,84,49,1,23,0.002970457,1,21,0.022703171
5352669,78,70,0,231,0.026741505,1,20,0.015938282
4560038,49,125,1,46,0.005957365,0,25,0.093404055
2872513,93,41,1,21,0.002645731,1,20,0.021042109
6697411,87,85,1,72,0.013531685,0,60,0.751642227
3905880,40,103,1,73,0.008168697,0,30,0.46092701
2014113,54,100,1,54,0.006938696,1,32,0.067917347
5496349,66,78,1,45,0.007288694,0,22,0.209036589
2492682,122,79,1,37,0.006378174,1,35,0.034489632
9241942,45,105,0,300,0.038261652,0,58,0.632063627
2871452,118,76,1,17,0.002515554,1,17,0.011722326
788288,42,41,1,45,0.005421638,0,10,0.106479645
5280919,73,96,1,52,0.009740829,1,31,0.094164371
1086908,105,40,1,18,0.002226114,1,18,0.017746449
1277905,104,76,0,300,0.037969351,0,34,0.659408808
1867017,118,115,1,143,0.04392457,0,39,0.939071655
5788584,77,49,1,64,0.007290602,1,66,0.412439108
2832539,39,110,1,31,0.003522635,1,31,0.042073727
3292592,103,46,1,37,0.004076481,1,38,0.082566977
2535572,97,114,1,13,0.002402544,1,13,0.006196499
9904935,124,96,1,112,0.027004242,0,10,0.351875305
7890559,47,125,1,21,0.002414227,1,21,0.016717672
7438238,76,81,1,15,0.002881527,1,15,0.007978439
7598385,111,76,1,89,0.013811588,0,27,0.57014513
4523725,117,49,1,110,0.012522221,0,44,2.724225521
3496127,101,128,1,117,0.023542643,0,19,0.955398798
1889234,116,93,1,44,0.007580996,1,44,0.125816822
1483342,57,43,1,33,0.003713131,1,33,0.102954626
427829,46,37,1,15,0.001836777,0,8,0.006425858
5168398,128,120,0,143,0.040458441,0,22,1.242588758
1241874,42,52,0,7,0.000766277,0,7,0.002170801
1615562,111,127,1,252,0.057418108,0,30,2.409579754
8293498,35,111,1,30,0.003086805,1,30,0.028552771
584881,33,72,1,22,0.002534866,1,22,0.016190052
5754980,35,44,0,8,0.001029015,0,8,0.002676487
4839094,126,81,1,43,0.008434772,1,39,0.075658798
6153297,65,109,1,86,0.012341976,0,30,0.69986558
2319473,110,115,1,16,0.003239393,0,5,0.004179716
662984,47,67,0,31,0.003670454,1,35,0.046861887
487607,128,89,1,73,0.011013031,0,31,0.25727582
3834410,123,48,1,19,0.002383232,1,19,0.021508455
9860798,76,48,1,18,0.002215862,1,16,0.012749434
9657142,71,97,1,38,0.006070614,1,33,0.04672575
5426507,104,102,1,79,0.019274473,0,32,0.256680012
9312551,99,74,0,64,0.010593653,1,43,0.128363371
4089562,44,99,1,87,0.010686874,0,3,0.032025576
4371607,37,39,0,19,0.002111197,0,19,0.023675919
8640883,64,42,1,60,0.008088827,0,4,0.082285881
1861460,115,36,0,67,0.008118153,1,58,0.565380096
8010806,101,120,1,13,0.002703428,1,13,0.008672953
3652018,116,116,1,199,0.039294958,0,46,2.421008825
8430412,45,115,1,69,0.008760452,1,67,0.306566954
6129354,75,102,1,59,0.009277821,0,10,0.032137156
9835314,41,70,1,20,0.002843857,1,20,0.02273035
2597351,89,107,1,40,0.006303787,0,23,0.153160334
2131231,96,44,1,32,0.003893137,1,30,0.080885649
3208255,53,113,0,19,0.002747536,0,17,0.014342308
2880211,125,101,1,9,0.001867771,1,9,0.002743483
1986776,85,86,1,27,0.004066944,1,22,0.030043125
9077872,68,52,1,31,0.004337072,1,31,0.026278257
2501517,43,72,1,13,0.001638174,1,13,0.006025553
2079717,34,87,1,5,0.000566006,1,5,0.00084281
6250810,100,128,1,118,0.028787374,1,78,0.538604021
9570799,117,40,1,65,0.006792068,0,12,0.044067144
366222,75,128,1,73,0.011170864,0,16,0.112901926
8674203,71,77,1,23,0.004181385,1,25,0.027318239
4514519,66,100,1,26,0.004079819,1,27,0.054696083
4984324,74,58,1,43,0.006446123,1,27,0.045668602
9710710,107,124,1,46,0.011027098,1,38,0.057018757
1025695,81,42,1,9,0.001019001,1,7,0.001825333
1870599,106,109,1,22,0.004328728,1,22,0.019004345
3014317,106,38,1,16,0.001693964,1,16,0.00573802
5206214,96,85,1,105,0.021008968,0,4,0.156456709
7042642,122,57,1,32,0.003886461,1,30,0.076842785
5565639,63,68,1,35,0.004257917,1,35,0.032407761
9754037,108,32,1,25,0.002580881,1,25,0.043979406
7211134,34,49,1,11,0.001307487,1,11,0.003563881
2783046,119,79,1,16,0.002407789,1,16,0.014605999
1501075,55,34,1,6,0.000714302,1,6,0.000837564
4574047,122,109,1,62,0.014264822,1,45,0.237850428
5997408,123,64,1,39,0.006250858,1,37,0.148599386
1118101,120,89,1,91,0.020288706,0,4,0.029682159
8304782,89,40,1,14,0.001382589,1,14,0.004253864
2573047,112,121,1,103,0.019119501,1,75,0.925415993
7444029,96,42,1,66,0.008036137,0,13,0.064149857
6252180,38,85,1,57,0.006475687,0,41,0.34203887
7107565,38,128,1,17,0.001927853,1,17,0.013429165
3923084,88,44,1,33,0.004054785,1,31,0.053240776
7212063,44,108,1,5,0.000566721,1,5,0.000835419
3091787,51,47,1,101,0.013585329,1,39,0.061963081
6996215,35,111,1,101,0.010793209,1,87,0.604928255
1319573,119,71,0,0,0,0,0,0
1269414,36,39,0,23,0.003472805,0,29,0.063632488
6402111,107,35,1,27,0.002714872,1,27,0.013051271
5727579,81,80,1,40,0.007253885,1,34,0.068419218
5027049,81,78,1,76,0.013448,0,16,0.414525747
8607501,39,90,1,53,0.006685972,1,51,0.267614603
1015501,115,93,1,22,0.004998207,1,23,0.028275251
8024992,120,107,0,14,0.003144026,0,10,0.037174702
4313237,68,114,1,209,0.031005383,0,11,0.352128029
8367922,116,48,1,19,0.002245903,1,19,0.013791323
2949273,44,122,0,5,0.000603914,0,1,0.000456333
9171476,45,69,1,6,0.000631809,1,6,0.000856876
3453613,116,105,0,81,0.013471603,0,74,0.329275131
3373586,110,105,1,51,0.011471987,1,27,0.035666704
9058813,94,70,1,46,0.007789373,0,16,0.168202877
2352307,62,68,1,84,0.011108398,1,43,0.164109945
8187706,97,123,1,41,0.009836674,0,17,0.109804869
8248666,73,126,1,49,0.008268118,0,21,0.041502714
7434252,44,117,1,20,0.002418518,1,20,0.017897606
5931113,57,68,1,34,0.004980326,1,31,0.055460215
3678053,119,90,1,118,0.024815321,0,3,0.209309816
7202815,35,121,1,8,0.000754356,1,8,0.001484156
4596839,39,61,1,35,0.004137516,0,31,0.047832251
8473411,99,114,1,50,0.00848937,0,6,0.037539244
571526,122,116,1,45,0.011371851,1,37,0.070371866
1421644,106,105,1,9,0.001528502,1,8,0.001862288
4232860,94,114,1,42,0.006943226,1,42,0.056839943
183471,69,49,1,16,0.002433777,1,16,0.011603355
3440283,122,43,1,169,0.019445419,1,37,0.040142775
6359976,72,65,1,17,0.002252579,1,17,0.006588697
351974,90,69,1,76,0.013751984,0,2,0.067131042
4700314,75,67,1,25,0.003538609,1,19,0.012397528
9596217,105,121,1,83,0.015170097,1,76,0.827252626
9940375,121,44,1,38,0.005002499,1,38,0.110616207
6046627,82,50,1,24,0.002602816,1,24,0.021953106
5543990,70,124,1,96,0.015437365,1,90,0.470204115
1259309,112,50,1,43,0.005013943,1,43,0.047114372
9229906,103,66,1,35,0.004825115,1,35,0.03126955
5225035,74,102,1,90,0.012537956,0,73,0.706194878
2698889,36,96,1,45,0.005069017,1,45,0.103012323
1727677,97,127,1,78,0.015273809,0,26,0.288751364
9878651,62,62,1,21,0.003481865,1,21,0.020055294
9365916,98,76,1,20,0.003149509,1,19,0.019902945
5302467,52,76,1,87,0.012610674,1,57,0.228837967
5175508,98,40,1,18,0.002018929,1,18,0.011116743
2592592,48,119,1,35,0.003998756,1,31,0.083251476
3023461,58,91,1,34,0.005221367,1,18,0.017760277
7993221,46,91,1,29,0.003315449,1,29,0.048972607
1659419,65,34,1,56,0.006807804,1,40,0.176119328
9316985,102,86,1,133,0.019979,0,11,0.536023617
4529151,53,32,1,8,0.000896692,1,8,0.001841307
9192848,47,83,1,29,0.003570795,1,29,0.056245565
9453839,127,103,0,125,0.026704311,0,9,0.365905285
8875682,77,107,1,13,0.002294064,1,13,0.006919384
9487465,85,46,1,27,0.003371954,1,23,0.010602474
7139470,41,87,1,15,0.001886845,1,15,0.008605719
3859395,51,48,1,22,0.003079653,0,14,0.016477823
3354221,60,94,1,68,0.009253025,1,69,0.26752615
9724687,89,86,1,24,0.003405333,1,24,0.016237736
7376725,43,110,1,18,0.001850843,1,18,0.0167799
4160862,46,43,1,29,0.003177166,1,29,0.027855396
7282049,65,58,1,7,0.001119375,1,7,0.001168251
9083625,92,124,1,27,0.004373074,1,27,0.031676292
6531126,104,50,1,67,0.008541107,0,62,0.25205183
4650635,64,113,1,50,0.008433342,0,23,0.308077812
649906,128,61,0,1,0.000162125,1,5,0.000683546
5760431,103,77,1,42,0.005766153,1,42,0.104958773
3524438,51,44,1,7,0.000725985,1,7,0.001699686
6902335,56,53,1,13,0.001640558,0,2,0.000867605
6314011,103,71,1,29,0.004768133,1,29,0.074129343
9839937,113,53,1,48,0.005550861,1,48,0.311399937
1952726,72,63,0,36,0.005512476,0,1,0.001634836
1734577,122,73,1,83,0.012160301,0,66,0.758499146
8313562,121,111,1,54,0.012662172,1,59,0.477935314
769165,74,103,0,55,0.009345055,0,33,0.157111168
7931357,58,62,1,26,0.003878355,1,18,0.011111975
2117056,57,122,1,39,0.004789829,1,39,0.081852436
6403791,66,32,1,18,0.001980543,1,18,0.020134449
875816,46,89,1,14,0.001741409,1,14,0.008320332
9067148,48,36,1,12,0.001761675,1,12,0.003926039
4918180,79,88,1,57,0.010763884,0,36,0.118168592
21516,107,86,1,18,0.002992868,1,18,0.016969681
476683,86,61,1,17,0.001915693,1,17,0.007947683
6430507,115,96,1,67,0.012776375,0,41,0.537212372
5075613,45,57,1,103,0.014514685,0,6,0.005117893
4124384,90,80,1,87,0.014049768,0,52,0.59818244
9775304,61,47,1,15,0.002031326,1,15,0.009083986
8722991,49,103,1,53,0.007015705,0,32,0.232415676
6129139,50,65,1,40,0.00440836,1,40,0.17000103
5055877,91,86,0,17,0.003531694,0,24,0.218152046
6936595,36,64,1,286,0.027950525,1,38,0.082666397
532956,85,116,1,37,0.005450964,1,37,0.041873693
492925,126,103,1,38,0.007546186,0,37,0.111689568
5609309,77,122,1,91,0.029503584,1,52,0.309577703
6735019,35,55,1,19,0.002063751,1,19,0.006657124
3959994,53,121,1,11,0.001447201,1,11,0.005182028
6853280,61,90,1,100,0.015172482,0,35,0.644010067
1569298,48,112,1,11,0.001367092,1,11,0.003661394
1363100,32,73,1,42,0.004443645,1,42,0.101524591
3577631,111,44,1,19,0.002323151,1,19,0.012228012
1409785,86,107,1,49,0.008507013,1,46,0.182837009
9997476,91,75,1,35,0.005258322,1,36,0.061700821
945671,64,88,0,25,0.004762888,0,19,0.024254084
407686,46,51,1,15,0.00195694,1,15,0.007575512
1804551,45,41,0,0,9.54E-07,0,0,0
9302323,37,113,1,103,0.01162076,1,97,0.358455896
5712508,44,65,1,16,0.002322674,1,14,0.008111477
8798264,114,63,1,73,0.010500669,1,73,0.661493063
9696806,80,102,1,41,0.00644803,0,22,0.148651361
8449321,99,103,1,134,0.026738167,0,65,0.877472401
5775428,72,32,1,17,0.002010107,1,17,0.011567831
1039298,68,48,1,11,0.001763582,1,4,0.000416756
5599215,81,71,1,25,0.003325224,1,25,0.040928125
3585729,60,80,1,54,0.00687933,1,48,0.216613054
3436386,87,52,1,15,0.00209713,1,15,0.006525755
1511788,78,115,0,13,0.028761387,1,16,0.013111591
3700184,37,74,1,17,0.00204277,1,15,0.008613586
5767665,34,54,1,23,0.002382278,1,23,0.017535686
7310178,74,45,1,41,0.005185366,0,22,0.080887079
2896946,42,103,1,77,0.008957148,1,52,0.229570389
7562484,87,113,1,51,0.008224487,0,9,0.025814295
3667457,68,39,1,18,0.002240896,1,18,0.011027098
9304002,88,36,1,54,0.00620079,1,54,0.064642906
9367201,67,93,1,26,0.004060268,1,26,0.041537523
8672746,70,107,1,45,0.006428003,1,41,0.141618967
6948770,107,89,1,54,0.010261059,0,29,0.124582767
63772,78,101,1,48,0.008553505,0,27,0.07359004
8961474,122,96,1,29,0.006691694,1,29,0.075800419
2135861,110,115,1,25,0.007080078,1,25,0.021724701
576806,120,118,0,66,0.016380787,0,17,0.334377289
7254424,67,58,1,31,0.003880978,1,31,0.071745872
8156740,92,91,1,35,0.005850315,0,13,0.063232899
1414291,54,43,1,33,0.003652096,1,28,0.060361624
4331738,103,61,1,63,0.008079529,1,55,0.103321791
8921651,119,35,1,49,0.005315542,0,23,0.139504433
4872342,86,82,1,155,0.030481339,0,21,0.209117174
4113482,116,93,1,172,0.031815767,0,91,2.463931561
4425267,89,98,1,112,0.018680811,0,21,0.057616234
2170144,105,69,1,59,0.009664297,0,14,0.21152401
5344569,88,59,1,48,0.006461859,0,16,0.042012691
5097585,41,64,1,22,0.00228858,1,22,0.015138626
8376353,37,109,1,61,0.006480694,0,10,0.098405123
5755924,69,93,1,47,0.006494045,1,47,0.159463882
882884,106,105,1,245,0.058607817,0,94,2.343307018
9142466,106,73,1,78,0.011746883,0,58,1.085202456
6388289,79,77,1,55,0.00927949,1,53,0.173458576
1879910,69,65,1,51,0.007758856,1,44,0.138157845
6274145,92,122,1,61,0.009620667,0,41,0.268835783
6203042,128,91,1,64,0.012255669,0,10,0.235572815
5963907,40,122,0,56,0.00602293,0,55,0.370291948
3657547,98,44,1,77,0.009969711,1,47,0.25638628
7170593,53,123,1,16,0.002014875,1,16,0.014454603
7909083,77,96,1,17,0.003310442,1,15,0.008008242
9813533,80,49,1,27,0.003339529,0,14,0.016060114
4372932,49,56,1,49,0.007263899,1,48,0.18544054
1917670,57,40,1,14,0.001834631,1,13,0.0054245
5436564,33,103,1,38,0.004008532,1,40,0.177711487
5330248,97,60,1,19,0.00236392,1,19,0.006864548
5187098,115,127,0,0,9.54E-07,0,0,0
476040,89,88,0,0,0.000226021,0,1,0.000884056
7622739,36,100,1,13,0.001332283,1,13,0.004008055
1980177,109,55,1,22,0.003105402,1,22,0.019223928
7983848,81,62,1,23,0.002818346,1,23,0.021210194
3978344,125,100,1,46,0.010213614,0,28,0.079197168
55328,55,85,1,5,0.000570297,1,5,0.00087285
8952246,77,108,1,38,0.006315947,1,30,0.053006887
2646782,51,114,1,24,0.003273487,1,24,0.039950848
1358585,75,113,1,14,0.002460718,0,8,0.002907515
8050020,50,73,1,22,0.003459215,1,16,0.012355328
8031876,127,60,1,21,0.003104925,1,26,0.027658463
2761362,43,40,1,31,0.003132582,1,31,0.079037428
109791,87,89,1,65,0.010153532,1,65,0.591357946
4221131,93,33,1,18,0.001988888,1,18,0.011615276
5038339,67,45,1,68,0.009389639,1,24,0.025914907
3768981,69,110,1,35,0.004559278,0,13,0.10120368
574891,40,39,1,55,0.007389069,1,22,0.021355867
3793158,98,83,0,47,0.009762526,0,21,0.130632162
3778340,106,125,1,103,0.020347595,1,47,0.250656366
5822566,55,88,0,0,9.54E-07,0,0,0
4225520,118,60,1,8,0.001011133,1,8,0.002047777
1914240,103,99,1,12,0.002794027,1,12,0.0049119
1812582,115,48,1,45,0.004827023,0,11,0.053683281
6240809,47,117,1,32,0.004140377,1,32,0.040605783
3181592,117,57,1,103,0.013269663,0,8,0.369373798
336678,38,118,1,33,0.003280401,1,33,0.039417744
5983260,53,59,0,24,0.003754377,1,26,0.016070366
7484705,118,51,1,55,0.007374048,1,56,0.41571641
1684342,89,91,0,23,0.00515008,1,27,0.023504019
9130421,112,63,1,14,0.002057314,1,14,0.005951166
1875179,82,103,1,21,0.003650188,1,21,0.02731657
249923,119,48,1,15,0.001963377,1,15,0.009997129
9005155,90,74,1,5,0.000648022,1,5,0.000884771
8236115,116,83,1,15,0.002747297,1,15,0.007291317
1492908,54,91,0,3,0.000430107,0,1,0.006517887
6855812,75,83,1,37,0.006517887,1,37,0.099781036
8975887,91,72,1,44,0.005570889,1,44,0.05710578
553058,92,46,1,78,0.009166479,1,66,0.181003094
4608251,96,52,1,118,0.015117168,1,40,0.062781572
4123745,49,34,1,16,0.001888037,1,16,0.008148193
2487134,120,48,1,115,0.01270628,0,59,0.913419962
3743869,115,52,1,104,0.013323069,0,8,0.67830205
7748913,68,35,1,21,0.002250671,1,21,0.014677763
7123384,50,111,1,140,0.017028093,0,67,0.582011461
4275638,36,115,1,70,0.006928682,1,70,0.598270416
2765341,113,78,1,37,0.00694108,0,3,0.005444288
3752305,46,127,1,37,0.003906965,0,12,0.107917309
7772896,79,63,1,14,0.001759052,1,14,0.007448912
8363883,63,33,1,14,0.001639843,1,14,0.005944967
2198416,115,93,1,113,0.022881508,0,26,0.367534399
2676814,107,64,1,37,0.00611639,1,30,0.043938875
7634937,103,70,1,40,0.006507158,1,38,0.056736946
8025861,92,102,1,69,0.013196707,0,19,0.218794346
6822311,56,54,1,45,0.007532835,0,5,0.025098801
8529838,119,90,1,80,0.017329931,0,1,0.013415098
496344,38,59,1,32,0.00358367,1,27,0.048056126
883382,35,116,1,36,0.003904104,1,36,0.070872545
7259131,120,82,1,83,0.012975693,0,31,1.266168594
9796003,49,91,1,42,0.004998207,1,42,0.177629471
8493205,128,75,1,52,0.008187771,1,61,0.420073509
7924554,63,32,1,28,0.003247738,1,28,0.031317711
8028037,34,48,1,27,0.003390551,1,27,0.014629841
3612895,61,105,1,33,0.004775524,1,33,0.051284075
6391647,78,35,1,8,0.000842094,1,8,0.002199173
2048592,64,34,1,15,0.001851797,0,1,0.001608849
7070780,73,58,1,39,0.005091667,0,20,0.045836687
1362280,107,113,0,300,0.062296152,0,53,0.722908258
6411517,74,116,1,27,0.00381875,1,27,0.017769337
6119375,114,43,1,35,0.003962517,1,35,0.08003974
2856665,115,52,1,76,0.010218859,0,41,0.41513586
8763733,32,42,1,20,0.002514362,1,21,0.01727891
4667332,33,106,1,43,0.004681587,1,41,0.187571526
775451,102,119,1,85,0.015788794,0,16,0.178526878
4267876,80,113,1,92,0.015955448,0,27,0.783614397
3440304,87,74,1,20,0.003493547,1,17,0.005309105
9724347,82,34,1,20,0.002513647,1,20,0.014089823
7778104,33,50,1,32,0.007303238,1,18,0.010281801
7489139,120,108,1,68,0.017598629,0,45,0.542789698
1986477,81,122,1,197,0.027464628,0,19,0.141697884
6890402,38,43,1,16,0.002212524,1,19,0.016451359
2517684,106,85,1,78,0.013266563,0,35,0.58511591
1387113,79,96,1,84,0.015160799,1,70,0.207268953
6232573,66,76,1,46,0.005800962,1,42,0.179786682
8345193,104,80,1,12,0.002148867,1,12,0.006042242
5939103,123,95,0,26,0.003828049,0,26,0.016407728
9159007,101,45,1,93,0.009604931,1,75,0.301306725
1312809,118,45,1,35,0.004339218,1,31,0.08226037
638560,96,113,1,133,0.021376848,0,9,0.080257893
7829366,90,86,1,52,0.009394169,0,20,0.145777941
3036682,111,112,1,159,0.036624432,0,22,1.526037216
6114846,78,83,1,81,0.014189243,1,57,0.20665288
3540599,79,66,1,66,0.009173632,0,14,0.332280159
1439664,91,43,1,39,0.004118204,1,39,0.121594906
2898307,93,60,1,9,0.001207352,1,9,0.002699137
3829235,81,60,1,98,0.013951778,0,60,0.754383326
3101407,102,92,1,54,0.01025629,1,44,0.229040623
6865824,57,44,1,15,0.001642942,1,13,0.005913496
4109437,119,75,1,47,0.006568909,1,45,0.098330259
6579987,53,74,1,6,0.000870228,1,6,0.000845432
4213102,43,100,1,18,0.002184153,1,18,0.010953665
7535827,74,125,0,39,0.005626917,0,6,0.027251244
919023,89,122,1,171,0.037456751,0,10,0.105569839
2026370,85,112,1,26,0.005383253,1,29,0.053133488
2725720,41,118,1,79,0.00846982,0,22,0.210686207
6706277,128,73,1,59,0.008610725,1,59,0.165451288
8183485,37,109,1,20,0.002399445,1,20,0.025363684
4403673,110,51,1,14,0.001950741,1,14,0.010677576
2924875,64,115,1,27,0.003957272,1,26,0.05392313
2882997,59,91,1,23,0.003337383,1,23,0.027665615
3051445,120,107,1,26,0.00586915,1,26,0.042499304
5147568,95,99,1,30,0.005352497,1,31,0.05754447
8035047,94,99,1,31,0.006147861,1,32,0.082603693
4129726,60,76,1,53,0.008270502,0,10,0.068060398
7921294,47,90,1,23,0.002924919,1,23,0.020904541
6924355,64,64,1,91,0.015526056,0,14,0.06144619
5219213,76,78,1,51,0.00924015,1,47,0.278134108
5831728,115,101,1,19,0.004564047,1,19,0.013682842
199773,67,66,1,17,0.00213623,1,18,0.014625072
104559,36,74,1,77,0.008535147,1,69,0.718700171
4326441,119,73,1,19,0.003014803,1,20,0.011443377
1069192,59,81,1,22,0.003154039,1,20,0.012302637
1228531,87,39,1,84,0.010128975,0,10,0.257482767
5044838,91,88,1,35,0.006061554,1,32,0.074912786
4973041,95,83,1,252,0.045260668,1,82,1.016921997
8709057,33,60,1,56,0.005782843,1,56,0.257259607
5801899,41,48,1,19,0.002499342,1,20,0.022068739
4754656,115,123,1,62,0.015014648,1,62,0.511688232
5313269,103,87,1,37,0.006456137,1,34,0.132364035
5759899,98,124,1,52,0.010141373,1,48,0.099051714
360987,72,127,1,22,0.002898693,1,22,0.034861326
6022282,81,67,1,44,0.005324841,1,41,0.1565063
6373712,43,100,1,27,0.003281593,1,23,0.020184755
6557692,92,124,0,300,0.044395447,0,41,1.180050611
8894952,96,82,1,5,0.000867128,1,5,0.00080204
6730964,86,53,1,55,0.007560492,1,49,0.147732496
6397425,99,58,1,54,0.008123636,0,9,0.052090406
5339923,116,42,1,191,0.02201128,1,73,0.145908356
7090366,45,98,1,83,0.009219408,1,92,1.76368618
719470,68,77,1,10,0.001680613,1,10,0.00375247
175095,97,107,1,188,0.038930893,0,19,1.441381216
2947552,118,66,1,13,0.00202632,1,13,0.008071899
6054235,106,62,1,13,0.001712322,1,11,0.004436016
2007682,105,101,0,5,0.001160383,0,4,0.003067017
6056424,33,76,1,7,0.000774145,1,7,0.00197649
6220579,92,125,1,45,0.009890079,1,45,0.271807432
2778396,59,127,1,62,0.007570028,1,58,0.346350908
8033207,118,125,0,300,0.06849885,0,73,0.356339216
8341860,123,76,1,60,0.009525299,1,48,0.097814083
5962300,33,127,1,95,0.010569572,1,93,0.322520494
204785,103,114,0,26,0.007139206,0,30,0.201495647
9707164,41,38,0,15,0.002197027,0,5,0.010378838
3370197,93,117,1,66,0.012487173,0,39,0.564777136
6761955,70,46,1,44,0.004567385,1,44,0.051999807
5910135,56,37,1,15,0.001767159,1,9,0.002844572
5129128,63,125,1,50,0.006756067,1,50,0.275131941
8593707,88,65,1,66,0.009736061,0,13,0.165125608
2164735,105,96,1,46,0.010924816,0,23,0.044947386
4753460,44,42,1,38,0.005036592,1,36,0.08538866
8669778,101,125,1,10,0.001724482,1,10,0.004021168
6260651,33,76,1,17,0.00210309,1,18,0.006564379
2208272,124,48,0,40,0.005699158,1,55,0.263979673
1920518,62,68,1,225,0.026214123,0,9,0.020303488
5546709,98,54,1,11,0.001480818,1,11,0.004518747
2579472,51,65,1,47,0.005130291,1,47,0.039250612
6080054,93,88,1,99,0.017661095,1,65,0.306717634
2088300,88,104,0,2,0.000449181,0,2,0.01097393
9330396,123,43,1,111,0.011808872,0,60,1.600240231
719491,84,48,1,40,0.005142927,0,34,0.05026722
2940359,75,110,1,59,0.008999586,0,56,0.41838336
8859831,101,104,1,14,0.003182173,1,14,0.006476879
2479019,54,82,1,204,0.023082256,1,52,0.107621908
4054016,106,49,1,14,0.001692533,1,14,0.006149054
4483842,104,42,1,50,0.005783558,0,8,0.04477644
1228257,127,105,1,66,0.012286663,1,40,0.168305874
2981232,35,99,1,3,0.000354528,1,3,0.000289917
2093623,76,94,1,25,0.004549265,1,25,0.025903702
2683669,67,42,1,30,0.00366807,1,30,0.062978983
1224265,73,46,1,44,0.005872011,0,6,0.057069063
9391196,92,58,1,43,0.005624533,1,43,0.159633636
547427,110,87,1,48,0.009428024,1,48,0.297089815
4852150,94,93,0,0,9.54E-07,0,0,0
5229197,46,112,1,58,0.006315947,1,59,0.271509647
3824703,106,65,1,22,0.003352165,1,18,0.012994051
6180063,80,104,1,41,0.006716013,1,39,0.047341347
1836740,72,118,1,167,0.03034687,0,27,0.65513134
4739174,106,117,1,47,0.011414766,0,15,0.238209248
6155121,75,85,1,36,0.005913258,1,36,0.080229282
2196623,106,42,1,26,0.003115416,1,24,0.025431633
3650686,41,105,1,38,0.004243374,1,38,0.095104933
8823218,90,102,1,9,0.001922846,1,9,0.00172925
4252201,49,86,1,44,0.005880356,1,48,0.243941545
814494,70,123,1,64,0.008296013,1,63,0.687378883
3394589,47,38,1,7,0.000844717,1,7,0.00130868
6753524,44,50,1,45,0.005755663,0,8,0.018430471
5486285,114,82,1,80,0.014953852,0,21,0.215070009
8205638,81,105,1,41,0.006724358,1,39,0.078339815
1489354,123,119,1,55,0.016174078,0,17,0.252507448
1998976,105,127,0,300,0.072233677,0,99,2.066848755
194306,100,84,1,37,0.006920815,0,16,0.047205925
7122372,75,69,1,12,0.00201869,1,11,0.003659964
1203188,118,66,1,30,0.004025936,1,30,0.060144424
6943546,100,61,0,164,0.023427963,1,26,0.07021594
8991793,91,104,1,23,0.005409956,1,23,0.022183657
7853743,39,38,1,26,0.003362894,0,1,0.004351616
448066,40,71,1,30,0.004053593,1,28,0.028254509
7474134,60,115,1,24,0.003045559,1,24,0.035267353
9884047,63,102,1,64,0.007213116,0,38,0.685618639
3037511,86,77,1,72,0.01164031,0,24,0.473245382
9572042,127,46,1,49,0.005272627,1,49,0.107315779
3751448,83,91,0,30,0.006062031,0,9,0.034639835
9988684,96,56,1,17,0.005316973,1,17,0.007732391
1059859,78,86,1,39,0.006116152,1,46,0.168499231
1695071,38,118,1,38,0.004183292,1,38,0.063985825
451751,77,121,1,107,0.013904333,1,77,0.502798557
4283084,118,48,1,133,0.015358686,0,25,0.122314215
9386211,43,66,1,61,0.006702423,0,27,0.342734814
3390912,41,116,1,44,0.005326509,1,44,0.09798789
2910404,50,105,1,44,0.005083799,1,44,0.254562378
8006255,32,101,1,31,0.003293514,1,31,0.094851732
8916554,39,87,1,15,0.001574039,1,15,0.010910988
628070,56,123,1,53,0.006483555,1,53,0.142161608
6153069,54,70,1,17,0.001957893,1,17,0.012327909
2195067,109,52,1,28,0.002968788,1,28,0.013996363
6984173,102,119,1,9,0.002159357,1,9,0.002989531
4821671,74,117,1,45,0.006786823,1,45,0.183964968
6705729,112,49,1,25,0.002707243,1,25,0.020202875
8640199,88,55,1,70,0.008599758,0,1,0.029989958
4190595,78,97,1,10,0.001621962,1,10,0.003994465
29333,81,115,1,37,0.006878138,1,37,0.16809535
1528264,97,113,1,159,0.02883625,1,37,0.126071453
9221077,80,60,1,39,0.005177259,1,32,0.085148335
6753469,42,82,1,12,0.002148867,1,11,0.003744125
6747123,85,65,1,19,0.002473354,1,19,0.012813568
7591958,102,101,1,46,0.009624481,1,34,0.095330715
5280387,42,108,1,101,0.009946108,1,101,0.465847731
4949342,87,107,1,127,0.022391558,1,52,0.11653161
3921743,81,44,1,36,0.003816605,1,40,0.075405836
9013936,34,121,1,59,0.005510092,1,59,0.236727238
9861003,112,108,0,128,0.029041529,0,32,1.063629866
6921339,34,53,1,6,0.000702858,1,6,0.000910044
5820920,40,101,0,31,0.003967762,0,32,0.129967451
2398142,102,80,1,39,0.008089066,0,28,0.111999512
286610,49,54,1,16,0.002414227,1,16,0.009238243
5836515,99,113,0,0,0,0,0,0
151384,116,76,1,68,0.011081219,0,24,0.271925449
7425611,114,90,1,125,0.02632761,1,53,0.133518934
7454402,67,72,1,1,0.00014019,1,1,5.10E-05
1224658,119,49,1,56,0.007507324,0,6,0.079730511
7606000,49,119,1,69,0.008415699,0,30,0.753796816
4918474,115,49,1,36,0.00435853,1,38,0.109116077
1126972,100,60,1,60,0.007996798,0,5,0.112008095
9800517,76,41,1,9,0.001075745,1,9,0.00342536
4812637,51,68,1,29,0.003509998,1,29,0.048762083
228185,56,105,1,88,0.012999296,0,34,0.371811867
8663015,120,83,1,69,0.012106895,0,22,0.540897846
5037821,66,92,1,103,0.012999773,1,48,0.132048368
4448480,126,74,1,93,0.015696526,0,35,1.142421246
4297248,34,108,1,57,0.006046534,1,57,0.348407507
832821,80,89,1,68,0.012786865,0,30,0.288610697
9895357,96,108,1,49,0.007369041,1,49,0.175947189
2392667,42,57,1,43,0.005914688,1,41,0.112704754
6460087,78,36,1,72,0.008471727,1,72,0.762359142
5354839,68,119,1,1,0.000135899,1,1,6.08E-05
691288,61,92,1,61,0.009259462,0,1,0.007683039
7734940,75,117,1,71,0.009797573,1,55,0.208234787
6451673,35,95,1,33,0.003854513,0,10,0.036643028
7546278,88,107,1,168,0.032387972,0,8,0.44317317
2952809,89,40,1,18,0.002373457,1,18,0.01645875
6551747,114,65,1,118,0.017267942,0,12,0.412264347
6195997,74,95,1,92,0.015463114,0,19,0.259333849
5193930,101,45,1,70,0.008620739,1,67,0.722140074
164685,67,45,1,40,0.00531435,1,34,0.051603794
5440652,111,45,1,71,0.00841856,1,61,0.431919336
2167356,98,36,1,24,0.003031254,0,11,0.030685186
4111522,42,66,1,40,0.004034042,0,19,0.157617092
3525997,59,54,1,40,0.005422115,1,40,0.06882906
4828267,85,95,1,28,0.005535364,1,28,0.021469593
7582802,79,42,1,52,0.006838799,1,50,0.164358377
8047936,70,116,1,26,0.004576683,1,22,0.028772593
3530352,113,89,0,33,0.005986691,0,27,0.095293999
6866874,72,45,1,18,0.002394676,1,18,0.017248392
6331481,86,128,0,0,0,0,0,0
3338040,115,128,1,66,0.02245307,0,46,0.308588743
3990964,49,122,1,14,0.002115726,1,14,0.010083914
1715088,77,83,1,76,0.015945673,1,48,0.185113668
9324955,81,126,1,19,0.002941847,1,19,0.013372421
5035944,123,124,1,46,0.012303829,1,49,0.222891331
7082279,89,108,1,83,0.014203548,0,6,0.088023424
4438653,66,97,1,17,0.002825499,1,17,0.014059305
6410705,73,126,1,137,0.020420551,0,3,0.066565514
5904217,74,66,1,65,0.009598255,0,43,0.12386775
7826970,41,121,1,90,0.010407925,1,58,0.181840897
5349623,61,71,1,16,0.002085209,1,16,0.009935617
3485476,53,60,1,20,0.002763748,0,13,0.009859562
938452,38,47,1,12,0.001504421,1,12,0.003877163
6851358,75,112,1,99,0.019030571,0,77,1.89545846
1240744,90,109,1,14,0.002857208,1,14,0.004208088
3036597,42,67,1,21,0.002235413,1,21,0.017722368
9315531,105,93,0,42,0.009125471,0,43,0.083690643
2380714,116,102,1,78,0.018180132,0,38,0.380208254
4158862,111,111,1,46,0.009219885,0,9,0.038211346
6008167,101,121,1,78,0.017708302,0,29,0.626641035
3823177,109,102,1,98,0.015447617,1,35,0.049301386
589076,114,50,0,4,0.000639915,0,1,0.00346899
9946391,56,106,1,23,0.0029006,1,23,0.022159815
8268177,75,82,1,40,0.007632494,1,16,0.012832403
2307036,103,111,1,67,0.013569117,1,46,0.212945223
3219732,92,105,1,7,0.001542807,1,7,0.001425505
7576019,60,46,1,28,0.004065752,0,10,0.008066654
1026580,95,113,1,78,0.014080286,0,27,0.196248055
8992572,66,67,1,18,0.002660751,1,10,0.003577232
1866378,75,34,1,33,0.00382638,0,3,0.005593061
1204252,49,69,1,194,0.022111416,1,24,0.027380466
1395617,57,44,1,113,0.010983944,1,9,0.00237608
4512077,71,75,1,40,0.005600214,1,40,0.081302881
9714919,112,107,1,38,0.009088278,1,30,0.036203623
6218829,50,33,1,23,0.00308466,1,23,0.04005456
7237030,60,60,0,31,0.00448513,1,29,0.059964895
1512132,52,127,1,21,0.002650499,1,21,0.011247396
88874,69,116,1,63,0.009011745,0,19,0.290640354
5320271,127,95,1,111,0.017399788,1,107,2.064366579
756867,112,81,1,42,0.006519556,1,38,0.164879084
5078184,92,67,1,100,0.016214848,1,75,0.627007484
279608,122,84,1,39,0.006761551,1,39,0.107815027
8716578,125,54,1,80,0.011398554,0,6,0.223261595
5913292,114,80,1,113,0.018236399,0,48,1.656473875
53864,96,47,1,50,0.00611186,1,50,0.103634357
6023482,34,57,1,38,0.004938126,0,8,0.044671774
9990668,68,119,1,30,0.004971266,1,30,0.064032316
7668900,34,92,0,27,0.003431082,1,37,0.09245348
7734063,105,51,1,60,0.007098675,1,52,0.071948051
4689774,109,123,1,250,0.062339544,0,1,0.026328802
8126606,69,52,1,58,0.007254839,0,33,0.087648392
7082612,87,48,1,22,0.002598286,1,20,0.020077229
1938325,42,95,1,43,0.00486207,0,8,0.105253458
3609245,115,89,1,76,0.012199402,0,26,0.520996094
8719480,40,78,1,18,0.00228548,1,10,0.003270626
3946420,113,45,1,45,0.00532341,1,53,0.161921263
2059884,110,83,1,9,0.001624823,1,9,0.003135443
9568400,96,63,1,16,0.0022645,1,14,0.007419109
2674823,55,126,1,41,0.004882097,1,37,0.122526407
9234355,60,84,1,59,0.008557558,0,10,0.114537001
9152761,62,60,1,29,0.004621744,1,28,0.0244205
8680818,88,102,1,70,0.011822701,0,25,0.246420622
4174429,36,93,1,4,0.000477076,1,4,0.000480175
9849446,104,61,0,86,0.012767553,0,74,1.24142766
8569302,81,89,1,63,0.009450674,0,34,0.232250929
3328229,33,49,1,49,0.004675865,1,6,0.000745058
9129472,98,43,1,12,0.001607418,1,12,0.006859779
4408519,76,120,1,63,0.012017965,0,33,0.246773243
7066811,75,54,1,47,0.006827593,1,43,0.128102064
2190849,61,54,1,11,0.001526594,1,11,0.005067348
921409,126,98,1,259,0.049310684,0,41,0.873568058
1835932,115,117,1,37,0.010501146,1,37,0.077489376
9356360,81,97,1,100,0.013719559,0,1,0.011204958
8898589,65,89,1,37,0.006389618,0,21,0.055533409
4495509,80,33,1,45,0.005081892,1,45,0.090210915
3528158,113,125,1,86,0.015357256,1,52,0.110809326
2455621,85,108,1,48,0.008576155,1,48,0.307136774
5329703,47,36,1,25,0.003148079,1,21,0.019412279
4165860,128,98,0,21,0.004995823,0,82,1.237638235
888375,52,69,1,37,0.004655838,1,37,0.04109931
2726692,66,106,1,50,0.008337259,1,40,0.156154156
7844318,84,74,1,14,0.002179384,1,14,0.006183624
3678284,100,64,1,72,0.010522842,0,9,0.105321884
4616923,125,101,1,49,0.008949757,1,45,0.082613468
7486316,108,32,1,9,0.000906467,1,9,0.002453566
6183737,101,42,1,22,0.00249505,1,18,0.014249802
9413308,114,48,1,8,0.000828266,1,8,0.002123594
1926083,71,106,1,35,0.004687786,1,34,0.105785131
5036256,90,42,1,19,0.00250268,1,19,0.014880657
8855399,83,54,1,30,0.003891945,1,27,0.053550959
1777078,38,121,1,7,0.000729799,1,7,0.001324415
6562313,94,75,1,74,0.0100317,0,30,0.356869459
8377502,90,124,1,78,0.012639046,0,51,1.117138624
4217215,37,67,1,50,0.005836964,1,48,0.229943991
7742467,39,127,1,24,0.002869606,1,24,0.029706478
5846063,59,42,1,10,0.001280069,1,10,0.003035069
6699253,113,122,1,85,0.01862216,1,69,0.449993134
9950365,48,81,1,25,0.003176212,1,24,0.033600807
3407528,34,123,1,21,0.002164364,1,21,0.028246403
7973668,62,93,1,106,0.01647234,0,76,1.584171534
217953,41,105,1,51,0.006287813,1,51,0.103096962
7652350,39,97,1,215,0.022476912,0,8,0.088249922
2147785,104,62,1,30,0.003899097,0,17,0.042345047
9000158,90,81,1,66,0.010780573,0,8,0.053689957
6788683,99,37,1,118,0.013514996,1,51,0.309542418
7273128,66,69,1,20,0.003108025,1,20,0.021210432
3913185,106,81,1,83,0.015883207,1,44,0.173859119
184230,114,127,1,86,0.016182423,1,81,0.41953826
6398245,71,127,1,79,0.010502577,0,30,0.393219471
794082,55,73,1,89,0.010941505,1,65,0.704274893
3539966,76,126,1,61,0.007813215,1,61,0.28504324
1240638,76,99,1,40,0.005880117,1,40,0.105319738
5539429,72,62,1,52,0.006729841,1,55,0.321065664
1459241,77,127,1,37,0.006063461,0,1,0.006257772
4906376,77,122,1,111,0.018388987,1,98,2.14631629
254335,113,86,1,98,0.014365911,1,68,0.200821161
4550785,107,50,1,29,0.00354743,1,29,0.05565691
225748,117,39,1,62,0.006691933,1,62,0.26062274
1431322,38,75,1,13,0.001578093,1,13,0.007618189
4053277,67,57,1,6,0.000875235,1,6,0.001208305
5015850,59,105,1,6,0.00079751,1,6,0.001184702
1386459,65,47,1,38,0.004748106,0,10,0.060155869
4185309,41,51,1,278,0.031858444,1,27,0.043909311
2330154,84,83,0,0,9.54E-07,0,0,0
6198870,63,51,1,26,0.003527641,0,17,0.033347368
2139160,79,121,1,13,0.002169132,1,13,0.006483793
844923,119,57,1,48,0.005634546,1,42,0.045030355
4515241,44,126,1,31,0.003152847,1,31,0.054755926
6273843,45,74,1,63,0.007311821,0,53,0.663807154
250151,36,34,0,12,0.001554012,0,4,0.008716822
6978258,86,89,1,29,0.005313396,1,27,0.018857002
3477620,118,39,1,93,0.009474277,0,53,0.181748629
5606247,77,112,1,10,0.001782656,1,10,0.002196312
1387883,65,68,1,34,0.005756855,0,26,0.04155755
9165576,46,127,1,109,0.01281023,1,107,0.526365519
6557384,81,92,1,6,0.000964642,1,6,0.001157999
5737972,38,45,1,20,0.002415895,1,20,0.009703398
6401006,114,43,1,25,0.002650261,1,25,0.05026412
4299159,45,42,1,25,0.003340006,1,25,0.035439253
916337,65,74,1,54,0.008820534,1,57,0.392041206
2055641,55,55,0,16,0.002861023,1,16,0.008022547
7710210,53,98,1,31,0.0042274,1,25,0.0339849
9464407,48,71,1,37,0.004734278,1,37,0.097086668
1327241,63,127,1,33,0.00450778,0,5,0.037777901
1119597,46,52,1,63,0.007023096,1,49,0.221222401
4527396,113,111,1,24,0.005732536,1,25,0.030222893
7958292,36,85,1,25,0.003334284,1,26,0.052510262
3731159,39,105,1,22,0.002538204,1,22,0.020082235
2439976,63,52,1,25,0.002855539,1,25,0.02464056
2247602,53,107,1,26,0.002975464,1,26,0.042485714
8047924,106,62,1,38,0.005275726,1,38,0.158970594
8013212,119,70,1,243,0.037677526,0,4,0.028694391
284019,105,84,1,23,0.003452539,0,13,0.01548934
1103629,58,36,1,20,0.002283096,1,20,0.016818047
9658136,49,45,1,22,0.00302434,1,20,0.011976719
6330338,39,102,1,48,0.005327702,1,50,0.224538326
1575108,96,51,1,60,0.00773716,0,35,0.501421452
8920966,118,77,1,63,0.010379076,0,2,0.014946938
725784,35,36,0,27,0.003197432,0,25,0.043959379
3049210,123,74,1,136,0.022695541,0,26,1.1704247
3854598,60,68,0,0,0,0,0,0
3920068,36,102,1,62,0.006719112,0,40,0.399029493
2028187,77,53,1,81,0.009251595,1,57,0.452670097
8715987,126,69,1,13,0.002016068,1,11,0.004177809
66666,122,77,1,13,0.001778841,1,13,0.008334875
3078452,121,88,1,13,0.002561808,1,13,0.004642248
484312,89,105,0,300,0.053403139,0,6,0.036301374
5513798,58,79,1,52,0.006384134,1,43,0.186756849
3836565,68,83,1,38,0.005324364,1,38,0.145208836
1654858,108,124,1,101,0.020592451,1,87,0.84677577
1170372,49,96,1,14,0.001811981,1,14,0.00775075
3578347,60,96,0,58,0.0087502,0,38,0.128386974
4797277,105,59,1,49,0.007202864,0,15,0.186983824
3632033,84,96,1,91,0.014378071,1,83,0.980615854
3951209,66,67,1,53,0.007670879,0,4,0.00921917
7842933,127,49,1,46,0.005140781,1,46,0.275433302
4615825,119,52,1,64,0.009177208,1,58,0.505311251
8689218,40,99,1,17,0.002277136,1,17,0.011781216
691292,103,118,1,77,0.016500711,1,51,0.109468699
9014766,100,98,0,68,0.01488471,1,69,0.657780409
4848577,84,121,1,36,0.005803108,0,9,0.059216976
3439892,67,47,1,34,0.004256487,0,9,0.017288685
9155112,88,64,1,37,0.005453587,1,33,0.068953037
1711982,91,112,1,67,0.011565447,1,48,0.095227003
6054669,118,62,1,35,0.00467515,1,35,0.079570055
8504615,99,97,1,47,0.010555267,0,34,0.187768698
9440588,58,79,1,38,0.004804134,1,40,0.084145308
5118857,88,82,1,11,0.002113342,1,11,0.004483461
1539341,111,104,1,41,0.0074265,0,18,0.048398972
897483,42,103,1,33,0.003400803,1,33,0.023421526
9085959,106,65,0,28,0.00459528,0,18,0.240969896
5863838,58,85,1,11,0.001890421,1,11,0.005212545
3229603,51,98,1,46,0.004771233,1,46,0.036718845
1375084,67,76,1,156,0.025127172,0,14,0.18366909
7163401,111,69,1,23,0.003081799,1,23,0.023196936
3513931,84,100,1,67,0.012707472,1,51,0.068645239
6307869,112,41,1,7,0.000696659,1,7,0.001776695
5242275,34,38,1,14,0.001837969,1,15,0.008366346
3747826,123,121,1,63,0.013992786,0,19,0.121230841
5977967,63,112,1,26,0.0038414,1,21,0.031733274
3101509,32,80,1,26,0.002990484,0,4,0.005823851
5491337,89,115,1,115,0.021947384,0,8,0.50474
5527247,115,116,1,47,0.012401581,0,24,0.176110983
60730,50,55,0,32,0.004550934,1,39,0.073707104
150823,127,34,1,25,0.002472639,1,25,0.015607834
1525935,42,61,1,31,0.00344491,0,13,0.032143116
4398788,76,38,1,15,0.001719713,1,13,0.008237362
2680554,84,85,0,300,0.04512167,1,40,0.13247323
3258505,76,97,1,19,0.00326252,1,19,0.011992455
7833008,64,46,1,15,0.001769543,1,15,0.008393764
3181817,88,116,1,14,0.002981901,1,7,0.001041889
1510242,106,107,1,89,0.020641565,1,76,0.446585655
7812871,52,85,1,11,0.001739264,1,11,0.005910158
5149922,82,87,1,138,0.019181252,0,38,0.393350601
8769707,95,113,0,5,0.001492977,1,80,1.142221212
4098559,65,92,1,14,0.002375126,1,14,0.006220341
7698794,73,59,0,0,9.54E-07,0,0,0
5045826,57,38,1,26,0.002801895,1,26,0.032767057
4988995,104,101,1,13,0.003102541,1,13,0.007731438
9513905,36,48,1,24,0.002690077,1,16,0.010098696
8920105,123,86,1,56,0.00922966,0,43,0.234288931
5227127,110,66,1,46,0.005937099,0,1,0.002414942
4368527,35,34,1,25,0.003165483,1,25,0.043301105
150361,77,77,1,83,0.015664101,0,26,0.337648153
9041706,88,99,1,26,0.005032301,1,26,0.03456831
6875580,88,80,1,40,0.007493734,1,45,0.080326557
8961537,75,47,1,35,0.003792763,1,33,0.068334341
1996254,126,113,1,41,0.008126497,1,48,0.178025246
9090441,81,125,0,300,0.041516304,0,60,0.946557522
1901366,99,98,1,45,0.011164188,0,4,0.014006376
5372266,78,106,0,51,0.010418892,0,36,0.128123999
5330702,36,84,1,10,0.001324177,1,10,0.002088308
6983754,34,48,1,24,0.002393723,1,25,0.026171923
1200748,32,62,1,4,0.000437737,1,4,0.000446081
2386176,93,76,1,15,0.002001286,1,15,0.004727364
6994434,122,117,1,37,0.011831522,0,32,0.068007708
5307866,93,43,1,17,0.002016544,1,16,0.012108803
5433803,110,85,1,60,0.010047436,1,43,0.096892595
1438387,44,76,1,65,0.006788254,1,65,0.28609705
5049930,36,41,1,15,0.001957417,1,13,0.005906343
4167088,68,90,1,53,0.00623107,1,53,0.426223278
9524047,111,104,1,43,0.010482788,1,19,0.017164946
4728512,54,126,1,96,0.012061596,0,14,0.797125578
2105695,33,49,1,9,0.00100112,1,9,0.001842022
3665025,91,36,1,51,0.006205082,0,32,0.126682758
5541287,45,85,1,29,0.004080772,1,29,0.06226182
2024065,117,42,1,88,0.010768175,1,82,1.05279994
4366359,79,120,1,68,0.011749744,1,56,0.426292419
9786396,126,65,1,159,0.019092083,0,11,0.073229313
1205575,94,49,1,44,0.005168438,1,45,0.189820528
85724,57,33,1,17,0.001860857,1,17,0.014001369
3712503,101,100,0,148,0.029961348,0,18,0.251250267
3387803,66,113,1,97,0.01557827,0,45,0.291293859
5899818,58,116,1,71,0.008377552,1,67,0.774268866
7618887,85,94,1,28,0.005220652,1,26,0.024377108
474948,37,62,1,33,0.003560066,1,31,0.078670979
7845711,50,36,0,7,0.000947475,1,12,0.005711555
3855795,115,61,1,43,0.005682945,0,11,0.070764542
7767437,104,55,1,18,0.002317667,1,18,0.018540859
3738359,32,56,1,10,0.001312256,1,10,0.003396749
4698769,105,97,1,34,0.005865097,1,34,0.038148165
2602256,125,108,1,120,0.023081064,0,10,0.044903278
400371,47,103,1,25,0.002984285,1,24,0.039677382
8996339,38,49,1,26,0.002719879,0,12,0.027520657
3199463,52,34,1,5,0.000615597,1,5,0.000807524
2558612,39,91,1,15,0.001873255,1,15,0.005990267
7752993,106,83,1,52,0.010147333,1,41,0.185488701
4060913,95,85,1,74,0.013856888,0,1,0.002535105
2163061,70,52,1,14,0.001688242,1,12,0.004357576
1837595,63,84,1,39,0.004757404,1,39,0.124056816
3658047,122,112,1,56,0.009321213,1,56,0.312250853
8218109,56,120,1,46,0.006999969,1,44,0.15723896
4605487,104,116,1,62,0.013848543,1,48,0.193169594
4069596,57,32,0,6,0.0006392,0,2,0.00178504
8691636,42,89,1,5,0.000588894,1,5,0.00064826
4384244,74,41,1,5,0.000585318,1,5,0.000710726
3351668,115,35,1,58,0.008136749,1,41,0.076467514
5743310,111,51,1,81,0.009032726,1,81,0.385968924
7548228,74,97,1,24,0.003182888,1,24,0.021094084
6823211,64,32,1,19,0.002078533,1,19,0.012847424
3701940,83,116,1,13,0.002261162,1,13,0.006279945
6945990,99,127,1,84,0.015123129,1,68,0.707784653
1711749,85,122,1,22,0.003171444,1,22,0.034661531
5929168,82,55,1,8,0.00091958,1,8,0.001978397
1760352,32,36,1,24,0.002838612,1,24,0.022680283
9928469,100,103,1,220,0.047045946,0,6,0.253471375
3540551,52,63,1,47,0.006342411,0,29,0.067276955
490379,121,50,1,79,0.010230541,0,19,0.267072678
7164384,67,86,1,109,0.017420053,0,9,0.154166937
3276945,112,103,1,60,0.010804892,1,44,0.142284155
8926698,128,121,1,190,0.049803019,0,50,0.865805626
3073476,94,84,1,34,0.005154848,1,34,0.0810709
9414004,108,77,0,72,0.012979507,1,58,0.372113466
1541830,79,46,1,53,0.005632401,1,53,0.296743155
2454579,34,107,1,18,0.002246618,1,23,0.02312088
9910131,57,111,1,92,0.013539076,0,7,0.165355444
6802144,72,84,1,48,0.007221937,1,44,0.066436529
5685266,92,79,0,47,0.007549763,0,36,0.389783144
9280219,55,89,1,49,0.005913734,1,48,0.087202549
3301900,41,54,1,41,0.005375862,0,34,0.053162098
2625364,122,86,1,109,0.017433882,0,54,1.752489328
6445416,107,90,1,61,0.012185335,0,13,0.042702436
9240678,52,86,1,44,0.005223036,1,42,0.132317305
2895602,92,105,1,46,0.007527351,0,29,0.326372862
6001346,63,110,1,4,0.000563622,1,4,0.000525236
3465807,117,33,1,61,0.007006884,1,59,0.499510765
6641988,122,55,1,59,0.006841183,1,59,0.560104609
675802,35,43,1,5,0.000657082,1,5,0.000653505
9123179,113,62,1,61,0.008295536,0,33,0.139317513
1514500,120,81,1,31,0.005125046,1,31,0.064092875
6233965,110,91,1,25,0.004969358,1,25,0.021768332
2348207,77,112,1,48,0.007639647,0,25,0.110888004
2489627,40,48,1,19,0.002412081,1,16,0.008906603
6820096,87,79,1,87,0.015475035,0,33,1.124763727
2863233,126,51,1,26,0.003234386,1,26,0.052777529
661057,60,73,0,4,0.000878811,1,10,0.002607107
7190412,70,103,1,35,0.005806684,1,33,0.049677849
6242433,106,91,1,119,0.024867535,1,91,1.129549742
5888011,120,45,1,65,0.007143497,1,65,0.72840786
8516960,47,55,1,71,0.008545399,0,28,0.151126146
3748371,96,36,1,11,0.001186848,1,11,0.005013704
2123880,112,90,1,154,0.029732466,1,11,0.004377842
5221659,47,58,0,32,0.004051447,1,39,0.056332827
323772,42,69,1,20,0.002918959,1,13,0.005178452
3393746,36,103,1,67,0.007897854,0,5,0.129204988
2359611,58,58,1,8,0.001160145,0,1,0.000353098
9416713,127,73,1,24,0.00423193,1,24,0.027808666
1119870,113,38,1,90,0.010371923,1,54,0.098194599
6727432,122,55,1,58,0.008024693,0,7,0.039118052
6366537,85,128,1,136,0.024245501,0,14,0.425003767
88937,110,72,1,96,0.013126612,0,22,0.304383278
4526769,48,66,1,54,0.006964207,1,46,0.166585684
2572983,59,127,1,161,0.022028208,1,91,1.710194826
648888,116,111,1,67,0.016099453,0,11,0.055698156
7061863,107,98,1,123,0.020109892,0,16,0.253253698
8575682,120,104,1,20,0.005018473,0,8,0.018164873
3634866,101,45,1,59,0.008018732,1,37,0.106044054
5619194,111,72,1,12,0.002475739,1,9,0.002291203
4990296,66,126,1,41,0.005413532,1,44,0.157748222
102628,49,103,1,16,0.001966715,1,16,0.005460739
934368,118,105,1,35,0.009694576,0,22,0.073027849
7279990,79,78,0,59,0.01086545,1,41,0.152358294
1226940,118,64,1,37,0.005114317,0,25,0.056843042
2345004,110,124,0,300,0.072927713,0,69,2.136941671
5600177,88,70,0,41,0.00746417,0,18,0.113967657
341804,104,43,1,9,0.000905037,1,9,0.002842188
3931086,74,102,1,42,0.00556922,1,42,0.084697723
6058182,88,122,0,35,0.00763607,0,3,0.017335176
9776792,39,104,1,26,0.003062487,1,22,0.012540817
363194,59,88,1,86,0.012950897,1,74,0.401859999
6071464,67,116,1,30,0.004324436,1,30,0.072971821
4915204,123,81,1,31,0.004948854,0,20,0.062863827
8162319,42,85,1,46,0.005843163,1,46,0.171813726
2148343,49,72,1,41,0.00515461,1,41,0.043346167
6340928,52,125,1,16,0.002138376,1,16,0.0117414
9187356,55,88,1,39,0.00507617,1,39,0.165528059
3538347,128,56,1,37,0.005152702,1,29,0.03163743
4689299,64,128,1,154,0.022057772,1,122,5.448406935
8023529,40,123,1,69,0.006782293,0,7,0.042290688
1899487,76,34,1,15,0.001398087,1,15,0.00705862
1690529,76,38,1,35,0.004147768,1,33,0.048588276
3887362,86,114,0,28,0.005653381,1,26,0.052337885
4322427,71,104,1,80,0.014112473,0,2,0.025975227
3511920,102,105,1,43,0.010609865,0,40,0.082384825
2864219,79,45,1,31,0.003772736,1,23,0.028244495
5686721,80,106,1,38,0.006267071,1,38,0.088758945
8920045,37,45,1,26,0.0036726,0,3,0.006409645
5495683,70,47,1,41,0.004164934,1,41,0.139962196
5223693,110,74,1,37,0.006738663,0,23,0.095735312
7786870,79,37,1,33,0.00408268,1,33,0.09766078
3414971,43,40,1,37,0.004887581,0,3,0.005312204
8962986,76,119,1,47,0.006983757,1,34,0.04557395
9784015,94,103,1,4,0.000697613,1,4,0.000463009
606234,43,98,1,8,0.000955105,1,8,0.002220869
2350696,65,48,1,11,0.001226664,1,11,0.004004002
2935051,87,126,1,32,0.004706383,1,32,0.044697762
143767,65,105,1,28,0.004929543,1,28,0.064962864
926557,62,79,0,40,0.005716801,1,38,0.155443192
6146080,57,86,1,38,0.005605459,1,38,0.041842222
2581857,126,37,1,15,0.001601934,1,15,0.01219368
2648203,102,39,1,29,0.002996922,1,29,0.077970505
2377754,39,81,1,16,0.001912355,1,16,0.008034468
7796777,61,105,1,54,0.006498814,0,4,0.08050108
6575480,104,82,1,52,0.008229494,1,42,0.131659269
1989451,108,99,1,29,0.005677223,1,27,0.015358686
8716924,60,82,1,11,0.001523018,1,14,0.007707596
4062701,128,81,1,11,0.001834869,1,11,0.003149748
7999665,55,86,1,87,0.012586832,0,12,0.416122675
4316363,38,121,1,58,0.005865812,1,58,0.397230625
5591872,57,79,0,0,9.54E-07,0,0,0
35660,66,117,1,18,0.002228498,1,18,0.021053076
6530057,48,109,1,16,0.002186537,1,16,0.008517981
2463315,106,78,1,7,0.001118183,1,7,0.001364946
6965024,101,89,1,31,0.005023956,0,8,0.013684511
3881434,92,85,1,48,0.013720036,0,15,0.021115303
5872875,118,112,1,63,0.01169467,1,60,0.208898783
7601481,112,55,1,94,0.01032567,0,45,0.177155733
2402063,108,56,1,11,0.001457453,1,11,0.002561569
6032542,85,35,1,54,0.0052104,1,54,0.369181156
5806958,126,95,1,111,0.022584438,0,6,0.21026516
637005,127,93,1,52,0.007430077,1,52,0.161438704
4232807,125,60,1,60,0.00728178,0,15,0.125579119
4030688,114,75,0,300,0.036688328,1,41,0.078001022
7670397,66,40,1,47,0.004588604,0,9,0.111607075
2429453,43,90,1,30,0.003228426,1,30,0.07223177
2170544,104,49,1,41,0.005130291,1,37,0.101159573
8385228,121,53,1,54,0.006183624,1,38,0.094477177
3273568,47,59,1,2,0.000230312,1,2,0.000157833
5523218,42,97,1,10,0.001081228,1,10,0.002946854
6636171,87,118,1,81,0.015344143,0,79,1.453495026
7054455,33,71,1,18,0.00184679,1,18,0.018979311
5218816,111,73,1,28,0.00462079,1,18,0.017201185
4422800,114,57,1,25,0.003304243,1,25,0.04604578
588826,58,79,0,77,0.037964582,1,37,0.234034538
6308082,43,68,1,48,0.005054712,0,18,0.25035882
6134190,124,48,1,40,0.004841805,1,40,0.122604609
8205445,74,68,1,53,0.008755684,0,24,0.13120842
5343437,100,57,1,52,0.006463528,1,50,0.098992348
6418023,94,36,1,17,0.002001524,1,17,0.011876345
8577209,38,84,1,25,0.003067732,1,25,0.045325518
8539556,52,78,1,48,0.005586863,1,46,0.098773003
5010370,82,63,1,9,0.0012362,1,9,0.002665758
4378271,95,111,1,52,0.009726048,0,4,0.046815157
5574371,87,47,1,51,0.006522894,1,47,0.176715612
8848549,76,95,1,17,0.002307415,1,18,0.017194271
3174034,86,96,1,39,0.006468296,0,24,0.084541798
3624276,46,114,1,27,0.00317502,1,27,0.062728167
4036379,51,117,1,20,0.002430439,1,20,0.016318321
523713,66,79,1,79,0.012625933,1,82,1.02286768
7632793,80,114,1,129,0.023700476,0,13,0.577414274
9267198,120,123,0,137,0.040684938,1,72,0.297156572
631537,103,86,1,127,0.019122601,0,23,0.825866222
7205351,44,113,0,24,0.0030334,0,24,0.060019732
5539944,87,39,1,54,0.007707119,1,48,0.170407295
1498249,78,69,1,53,0.010292768,0,33,0.197241783
2777852,68,86,1,22,0.003802061,1,22,0.027414322
1921299,100,125,1,86,0.014504433,0,46,1.126436949
5243880,79,114,1,5,0.000844002,1,5,0.000798941
971313,33,69,1,26,0.003331423,0,9,0.011408091
6792092,112,118,1,131,0.028830767,0,5,0.158087254
1969926,118,80,1,36,0.007252216,1,45,0.134611607
601692,121,126,1,52,0.016719341,0,3,0.027202129
8578746,91,51,1,9,0.001216412,1,9,0.003077269
5806396,83,93,1,70,0.010573864,1,70,0.644345999
41255,70,46,1,53,0.006283522,1,53,0.257222414
7728859,70,58,1,17,0.002416849,1,17,0.008511782
2887124,73,123,1,34,0.006334066,1,38,0.095785141
5471875,75,96,1,113,0.021160126,1,81,0.770609379
5155674,68,121,1,29,0.004136562,1,29,0.059354067
683941,54,96,1,86,0.012252092,0,2,0.022121906
1716831,98,101,1,22,0.005937815,0,2,0.001143217
4899011,76,126,1,52,0.007704258,1,52,0.392840624
1937237,44,97,1,17,0.001830578,1,17,0.010516405
5328876,33,123,1,24,0.002527714,1,22,0.018698454
5212229,66,73,1,5,0.000669718,1,5,0.000627041
5134553,49,63,1,23,0.003144264,1,23,0.018391848
3516873,47,53,1,31,0.004294872,1,31,0.096116543
5525266,126,87,1,39,0.006826401,1,37,0.049192667
1808515,49,58,1,10,0.001291037,1,10,0.002121925
7078278,84,35,1,27,0.003227472,1,28,0.044454575
8702321,38,104,1,31,0.003815174,1,32,0.092990398
861059,67,86,1,63,0.008816242,0,13,0.372526169
7754025,82,100,1,22,0.004752159,1,20,0.014438868
1700621,119,123,1,23,0.004637003,0,7,0.002869129
1978596,70,104,1,35,0.005145788,1,32,0.095017195
935564,110,58,1,178,0.022997856,0,26,0.517803192
8716667,58,39,1,21,0.00209403,1,21,0.028735161
5563650,93,117,1,181,0.037230015,0,12,0.746023417
8980810,84,83,1,38,0.006198168,1,30,0.03978467
347735,121,45,1,16,0.001724958,1,16,0.01294589
3940627,121,70,0,0,0,0,0,9.54E-07
2774084,72,79,1,41,0.006539106,1,35,0.062120199
8502683,64,45,1,10,0.001321793,1,10,0.00377965
1433320,44,97,1,39,0.004789352,1,39,0.155764341
9742389,77,59,1,59,0.008107662,1,59,0.139500856
9754692,50,33,1,15,0.00190258,1,15,0.008231878
3221084,65,41,1,17,0.002207994,1,17,0.015599251
6065155,101,110,1,33,0.008560658,1,33,0.067609549
7480479,48,54,1,22,0.003257751,1,22,0.030902863
3432374,123,80,1,39,0.006396532,1,39,0.103903532
8800190,113,42,1,12,0.001310825,1,7,0.001091242
4355017,102,84,1,25,0.004380941,0,5,0.006987095
1061592,60,82,1,48,0.00710535,1,36,0.113822937
7507938,33,92,1,23,0.002253056,1,23,0.018514395
949826,111,91,0,10,0.037795067,1,15,0.011044264
1855061,111,93,1,49,0.009341002,1,42,0.099648714
5077530,127,60,1,46,0.005253792,0,2,0.036890268
189777,47,116,1,29,0.003885269,1,29,0.058505058
183140,105,124,0,83,0.016941547,0,24,0.432832718
3950732,54,42,1,15,0.002207756,1,13,0.005400419
6067434,75,47,1,28,0.003573656,0,12,0.034194469
2467438,57,32,1,49,0.005895138,1,41,0.107679844
2574631,73,114,1,56,0.010023355,0,3,0.035783052
8171940,46,71,1,22,0.00265646,1,22,0.026785374
1425044,110,119,1,52,0.012819052,1,39,0.101299047
9213726,86,71,1,70,0.012670755,0,12,0.051962137
5988044,98,49,1,37,0.004904032,1,37,0.058647871
1235295,118,87,1,11,0.002337217,1,10,0.003923655
6894610,96,105,1,32,0.006064653,1,32,0.041716337
3395299,118,96,1,79,0.017050028,0,28,0.065710068
762096,121,93,1,31,0.006331444,0,17,0.046571493
7084693,83,77,0,23,0.0038445,1,27,0.044807196
7428050,87,63,1,63,0.009277821,1,32,0.051734686
7251011,128,76,1,59,0.008986235,1,59,0.511151314
6294968,44,55,0,8,0.001024485,0,5,0.002743006
1488799,59,94,1,47,0.007496119,0,16,0.035198927
1775516,72,36,1,1,0.000125885,1,1,5.10E-05
7692913,33,44,1,32,0.003195524,1,32,0.066443443
1410497,49,58,0,12,0.001772881,1,15,0.007356167
5831587,41,97,1,29,0.003465176,1,29,0.032240629
9233955,116,71,1,40,0.0058074,1,40,0.051229954
7099672,93,123,1,60,0.012454033,0,20,0.192995787
952087,59,63,1,66,0.009026527,0,17,0.121971607
8089660,48,119,0,171,0.022749662,1,77,0.473154306
7841799,66,92,1,23,0.003005981,1,23,0.023546934
2928456,125,101,1,46,0.00962162,0,7,0.046726704
9555573,42,117,1,94,0.010205507,1,94,0.914633751
7758729,118,36,1,64,0.006534576,0,6,0.074489355
1193815,69,53,1,22,0.003416538,0,13,0.015158892
8829411,47,56,1,32,0.004102945,1,32,0.08381772
5103809,83,108,1,16,0.00333786,0,15,0.011095285
8119068,88,104,0,2,0.000382662,0,2,0.004085064
4106522,68,126,1,131,0.020801544,0,66,1.175941229
4446869,53,116,1,40,0.005165339,0,22,0.026731014
3557092,104,127,0,0,0,0,0,9.54E-07
6396009,35,39,1,23,0.003087044,1,16,0.00955081
8155324,110,94,1,83,0.016883612,0,18,0.301481009
7731335,73,60,1,26,0.004086256,1,28,0.050684214
5053110,59,106,1,9,0.001304626,1,9,0.002866268
4813506,112,32,0,14,0.001851082,0,16,0.013355017
9102677,50,96,1,42,0.005743027,1,38,0.119152308
2401161,92,49,0,69,0.009376526,0,52,0.785278797
4138373,85,64,0,69,0.010309935,0,47,0.218776941
6092965,60,79,1,33,0.004108429,1,33,0.113394737
9684496,92,119,1,142,0.028836012,0,10,0.396607161
3928680,34,66,1,79,0.008359671,1,57,0.092088938
6723366,105,104,1,280,0.066919565,0,40,1.207794666
5463916,125,67,1,129,0.018022299,0,28,0.741951227
262084,34,41,1,11,0.001161575,1,9,0.002323389
7037676,45,44,1,18,0.002322435,1,12,0.005918026
696681,84,49,1,40,0.005449295,1,17,0.009309292
3039673,128,87,1,100,0.021489143,1,92,1.450031519
3417024,123,58,1,37,0.005307674,1,37,0.064206123
3619866,53,77,1,162,0.02402401,0,16,0.458051205
7039942,80,123,0,0,0,0,0,9.54E-07
907792,93,74,1,105,0.018558741,0,8,0.099760532
1484226,53,97,0,37,0.004714489,1,44,0.369068146
4727934,125,42,1,15,0.001605034,1,15,0.009487152
2340606,59,85,1,93,0.014912128,0,4,0.062046289
7644613,41,57,1,62,0.008234262,1,50,0.217896461
7203437,80,107,1,107,0.021028996,0,15,0.013467312
7017604,106,69,1,88,0.014649153,1,54,0.348839283
8169540,64,42,1,26,0.003567219,1,24,0.017107725
3699671,98,105,1,61,0.014612913,1,29,0.035350561
906254,89,120,0,32,0.007189989,0,31,0.178962231
310925,104,74,1,86,0.015107632,1,71,0.322472572
9573553,46,40,1,140,0.018157721,1,8,0.002037048
5348376,112,88,1,53,0.010057449,0,19,0.082119703
9942471,47,84,1,16,0.001959085,1,16,0.009690285
2397515,92,125,1,54,0.008978844,1,50,0.186167002
448874,69,34,1,32,0.003485918,0,5,0.008874893
2911706,73,35,1,72,0.008284807,0,13,0.052619219
6698843,32,55,1,30,0.003795385,1,30,0.06092906
9618730,54,60,0,1,0.000165939,1,5,0.000940084
5613000,55,54,0,49,0.009118319,1,38,0.133579969
648521,103,113,1,169,0.040933132,1,66,0.679627419
2284163,35,85,1,21,0.002285957,1,21,0.01548171
1863684,46,63,1,11,0.001403332,1,11,0.00336647
4914680,59,65,1,14,0.002115488,1,15,0.011268139
8380345,122,111,1,93,0.02420783,0,33,0.525562048
871815,34,43,1,18,0.002571821,1,18,0.012165546
7275919,66,67,0,63,0.010093927,1,39,0.030678511
9281629,97,116,1,23,0.005065203,1,23,0.028281212
6288932,61,128,0,9,0.035521269,1,13,0.006076813
9927497,72,118,1,20,0.003353596,1,20,0.018138647
240783,127,43,0,3,0.000404119,0,3,0.00062871
7668714,61,77,0,21,0.003238678,1,23,0.018174887
6401538,107,98,1,44,0.00982523,0,2,0.007258654
6846001,60,65,1,17,0.002583504,1,17,0.011016607
8676809,74,71,1,69,0.009668112,0,65,0.43603754
3331985,76,60,1,22,0.003385782,1,19,0.020026922
8966889,54,43,1,39,0.004933119,0,3,0.032886267
5377789,60,32,1,20,0.002183676,1,20,0.021613359
1434217,83,35,0,25,0.00307703,1,42,0.071112156
4077471,63,65,1,85,0.013983488,0,9,0.246384382
4277785,105,87,1,87,0.016001225,0,22,0.612527609
668784,121,60,1,108,0.020041943,0,56,2.573075533
3103788,84,117,0,55,0.010354757,0,19,0.326599598
1889317,52,87,1,51,0.006366014,1,28,0.024009466
5992532,67,118,1,26,0.004145622,1,24,0.037930489
7885654,84,120,1,60,0.010682344,0,31,0.080394506
8243508,100,41,1,39,0.004487038,1,35,0.041797876
2579958,84,73,1,63,0.012208223,1,55,0.408784628
3156763,71,49,1,69,0.008260965,1,63,0.314186811
7970515,110,71,1,39,0.006186724,1,39,0.163977623
6575997,124,67,1,19,0.002448082,1,19,0.021342516
7453351,37,118,1,32,0.003602266,1,32,0.042790174
4966487,71,71,1,48,0.006722927,1,42,0.153930664
3986567,46,52,1,54,0.00746417,1,42,0.155360937
6274186,120,43,1,31,0.00323391,1,31,0.028000593
3973321,50,77,1,27,0.003692627,1,27,0.026084661
1534184,111,94,1,96,0.018091679,0,14,0.234819889
1547636,38,41,1,19,0.0029459,0,15,0.00759697
4750418,41,57,1,28,0.003192902,0,13,0.051324368
4649133,102,35,1,31,0.003298998,1,31,0.028316498
1356545,125,45,1,32,0.004035711,1,31,0.047404528
7007082,39,112,1,13,0.00141263,1,13,0.00562644
2013305,107,34,1,25,0.00246048,1,25,0.030175209
2257406,84,125,1,291,0.043730736,0,17,0.087175608
766929,77,85,1,31,0.005744457,1,30,0.060610533
6408447,87,82,1,26,0.00405407,1,29,0.067424059
574052,104,76,1,85,0.015918493,0,17,0.052222967
1549353,91,93,1,81,0.013767958,0,21,0.049643278
7299715,46,103,1,9,0.001091957,1,9,0.003365993
5078464,116,78,1,53,0.008151054,0,32,0.165150404
8297205,99,76,1,30,0.004099131,1,30,0.036739349
1241300,76,62,1,23,0.003761292,0,13,0.013619423
4051030,55,116,1,10,0.001353025,0,3,0.002522945
1494269,74,118,1,93,0.014138937,0,29,0.187790394
1260090,81,84,1,21,0.00402832,1,21,0.012475967
2004601,125,44,1,63,0.007522106,0,31,0.164018631
9077455,71,74,1,39,0.006795645,1,40,0.116242647
7333810,92,73,1,76,0.012078762,1,60,0.603883982
5942619,59,128,1,111,0.013183117,0,2,0.176892042
8478041,113,38,1,73,0.007638693,0,38,0.998158216
6094727,68,73,1,25,0.004136086,1,22,0.022302628
1854452,98,51,1,13,0.001713037,1,13,0.00534606
9956028,124,96,1,32,0.006524801,0,18,0.044251442
1024876,92,126,1,6,0.001089811,1,6,0.001152992
2290747,120,74,1,24,0.00340867,1,24,0.018999338
5129977,104,66,1,17,0.002721548,1,12,0.006250381
836462,115,42,1,43,0.00454402,1,39,0.072424173
2947609,85,54,1,15,0.001953363,0,5,0.00566864
6103737,78,84,1,167,0.028205156,0,6,0.251433611
5692836,127,73,1,95,0.016165972,0,35,0.22644186
6414449,97,44,1,38,0.004174948,1,37,0.066569567
5992774,66,74,1,53,0.006958485,1,53,0.129934549
920686,71,51,1,32,0.004240751,1,32,0.062675714
8505871,94,66,1,37,0.005463839,1,37,0.023925066
5662686,79,101,1,67,0.011533499,1,67,0.38351965
5643102,79,77,1,56,0.009059906,1,50,0.175431252
5297255,38,94,1,28,0.002969742,0,24,0.031733751
6420817,49,55,1,31,0.007002592,1,28,0.029968023
5297750,39,93,1,15,0.011870861,1,15,0.022227764
3789447,111,67,1,117,0.01818943,1,96,1.715411901
8001044,128,72,1,46,0.006428719,1,42,0.133145094
2505725,51,67,1,34,0.004302025,1,35,0.030418396
3632221,51,69,1,65,0.008534908,0,23,0.40362978
1000055,57,76,1,35,0.003919601,1,35,0.056022882
8913205,85,54,1,51,0.005913734,1,51,0.259968519
7372883,36,100,1,34,0.003759146,0,6,0.01340723
6965262,104,98,1,23,0.00481987,1,23,0.014354229
9399757,103,33,1,60,0.006534576,1,60,0.523019075
5632425,64,67,1,92,0.013988495,0,37,0.191586733
414327,73,97,1,30,0.004319429,1,31,0.072485924
4820362,41,110,1,29,0.003554106,1,29,0.038890839
9943979,127,51,1,16,0.002515316,0,12,0.007825613
9125253,116,67,1,90,0.012268066,1,90,0.3535254
8069570,33,89,1,14,0.001473427,1,14,0.007860661
2969255,76,38,1,28,0.003044128,1,26,0.023637533
7544881,100,67,1,87,0.014282942,0,46,0.694786549
3073683,95,109,0,300,0.044231653,0,27,0.931852102
567557,82,108,1,21,0.002978086,1,20,0.018716574
9556871,74,63,1,25,0.003341675,1,25,0.032710791
1588697,98,123,1,35,0.00558424,1,35,0.021696568
1547681,119,34,1,18,0.001746416,1,18,0.011759281
4139145,87,106,1,59,0.01128602,0,29,0.240615368
5581802,127,125,1,136,0.041419268,0,50,1.267200232
5841580,44,64,1,18,0.002275705,1,18,0.016997814
7318245,48,83,1,25,0.002943754,1,25,0.029034853
930884,97,88,1,87,0.016197205,1,84,1.16713357
5180273,63,98,0,33,0.023628712,1,36,0.15281868
874133,73,109,1,85,0.011178255,0,9,0.104811192
4177419,89,49,1,28,0.003462791,1,28,0.020888329
2275703,63,107,1,46,0.006078005,1,48,0.167819738
7352247,95,63,1,92,0.013552427,0,12,0.074427843
2504529,42,104,1,26,0.003412724,1,28,0.036374807
6540139,48,113,1,57,0.006200314,1,49,0.320774555
7249081,123,116,0,165,0.049396515,0,22,0.458435059
4505346,49,115,0,300,0.031800508,1,59,0.257488966
5032053,62,76,1,36,0.004544497,1,36,0.132885456
7394131,42,42,1,36,0.005006313,0,21,0.047005415
7475268,116,59,1,39,0.005386591,1,39,0.111730576
6245497,59,120,1,44,0.005739212,0,3,0.043459177
7437289,69,61,1,8,0.001144409,1,8,0.00207448
6424792,102,105,1,15,0.003312826,1,15,0.008194923
5472723,69,90,0,27,0.004071236,0,25,0.05398035
7580197,36,89,1,55,0.00620389,1,57,0.377542734
5110223,47,62,1,9,0.001129866,1,9,0.002752542
7797907,94,97,1,109,0.021627188,0,8,0.102647305
501090,37,63,1,88,0.009672403,0,8,0.087920427
7111189,124,34,1,9,0.00107789,1,9,0.002493858
8627832,74,34,1,26,0.002987623,1,26,0.053978205
7494068,77,90,1,19,0.002422571,1,19,0.012562752
3196272,67,37,1,23,0.002641678,1,23,0.033822298
4782199,54,34,1,12,0.001485825,1,12,0.00399518
9661488,49,61,1,52,0.007458925,1,44,0.118988037
1032941,109,73,1,43,0.005841017,1,43,0.05911088
1720983,74,62,1,44,0.005592823,0,4,0.023556709
3063879,50,51,1,89,0.01281476,0,7,0.022496462
9611627,52,121,1,2,0.000215054,1,2,0.000156879
4330424,116,60,1,69,0.010854483,0,12,0.174701691
9161766,95,116,1,103,0.021806479,0,55,0.621709585
4513436,100,115,1,78,0.015729427,0,24,0.362812996
2986883,97,87,1,13,0.002711296,1,13,0.009093285
6147626,57,128,1,16,0.001902819,1,16,0.012466192
924965,66,59,1,80,0.010690451,0,27,0.370029211
7233339,48,122,1,77,0.009462833,0,42,0.188295841
9460327,124,94,1,6,0.001173973,1,6,0.000909805
8320981,34,51,0,14,0.001968145,1,26,0.033290386
4630160,111,68,1,142,0.020158768,0,19,0.987015963
5467719,46,44,1,22,0.002797365,1,20,0.0187819
4241438,109,68,1,108,0.016166687,0,9,0.05516386
6609596,128,82,1,5,0.000923872,1,5,0.000857353
4190061,68,114,1,29,0.00367856,1,29,0.073381424
8954562,128,73,1,35,0.004946709,1,31,0.057733297
5408695,72,116,1,50,0.008502245,1,50,0.095594406
151759,107,87,1,87,0.018722296,1,47,0.306171894
7228757,122,105,1,89,0.013389349,0,11,0.362136126
5075237,128,120,1,144,0.036789179,0,7,0.18756938
9110408,66,124,1,144,0.021495581,0,88,1.091531038
3846340,107,65,1,136,0.020441055,1,30,0.075254917
5299433,110,126,1,36,0.008743048,1,34,0.153485298
5399453,108,124,1,109,0.023399591,0,17,1.181475878
2167184,84,109,1,181,0.036883354,0,45,1.166821003
5671756,72,38,1,42,0.00464201,1,42,0.133173943
2086044,35,84,1,27,0.003208637,1,27,0.033466816
7623256,117,82,1,16,0.002518654,1,16,0.012783289
9736502,78,100,1,45,0.008045435,0,7,0.028321505
7429583,72,124,1,84,0.011754036,0,1,0.056912661
5029099,101,66,1,25,0.00394702,1,25,0.023596287
2974906,32,67,1,13,0.001363993,1,12,0.005398989
8877243,123,77,1,65,0.012068272,0,56,0.317999601
1990397,99,127,0,70,0.018158674,0,43,0.727138996
6639581,59,99,1,10,0.001452684,1,10,0.003905296
4502661,97,109,1,77,0.015604973,0,36,0.532013178
2569428,37,92,1,15,0.001687288,1,15,0.00860858
5108792,104,73,1,69,0.010484934,1,64,0.261339188
7454529,64,32,1,15,0.00156498,1,15,0.007815123
5210652,109,89,1,50,0.010240555,0,14,0.130361319
7738601,88,50,1,38,0.004571199,1,36,0.066227198
5443764,56,86,1,72,0.008969784,0,41,0.37108779
8207162,62,35,1,12,0.001194239,1,12,0.005553961
6014540,111,63,1,59,0.00809145,1,59,0.213703394
6973664,113,123,1,127,0.035778999,0,41,0.207682133
1634430,105,32,1,38,0.003736258,1,38,0.171754599
7748259,33,36,1,18,0.002277613,0,7,0.014191866
8406824,46,98,1,16,0.001857281,1,16,0.010814905
3097598,122,84,1,93,0.013871193,0,41,2.001091957
4965888,75,89,1,39,0.005812168,0,27,0.124729395
4613498,98,64,1,35,0.004323483,1,35,0.072991133
9912772,79,39,1,33,0.004343271,1,23,0.01493907
5243422,66,57,1,24,0.002848625,1,24,0.02628684
936667,46,118,1,44,0.00543046,0,24,0.07994318
4219303,122,52,1,111,0.013559341,0,62,0.63319087
4782150,124,101,1,19,0.004257441,1,19,0.012243271
60081,86,77,1,64,0.01162076,0,30,0.329839945
1536563,59,91,1,2,0.000244141,1,2,0.000161171
2524647,52,115,1,39,0.004795313,1,39,0.122393847
9777675,96,90,1,145,0.030455351,0,64,1.218373775
2235152,63,95,1,60,0.008123875,0,26,0.074728251
8335603,68,113,1,129,0.016901255,0,3,0.02202177
1809139,71,50,1,14,0.002049208,1,14,0.008794546
9396951,122,77,1,41,0.005042553,1,41,0.104496002
3995055,67,77,1,19,0.002860785,1,17,0.012893677
8716152,53,120,1,58,0.008011818,1,58,0.369822264
2606653,106,56,1,51,0.006955385,0,7,0.021845341
4451810,45,41,1,32,0.003662586,1,30,0.04529953
9616067,87,37,1,18,0.001831055,1,18,0.018953323
7910805,127,50,1,27,0.003149748,1,27,0.04395628
6151181,75,119,1,118,0.016559124,0,36,0.431790352
324170,72,76,1,52,0.008874655,1,46,0.131839991
39327,123,34,1,14,0.001474142,1,14,0.010526896
3049040,103,119,1,274,0.049880028,1,54,0.179199696
3674287,53,48,1,5,0.000688553,1,5,0.00082159
8134062,36,71,1,19,0.00253582,1,20,0.013934612
7254659,98,119,1,59,0.011795759,0,24,0.118231058
7135772,106,71,1,31,0.004519701,0,2,0.011423826
346547,53,111,1,20,0.002602816,1,20,0.018993378
3968741,51,100,1,33,0.003929377,0,6,0.045977354
2490952,127,38,1,36,0.003853083,0,9,0.052274466
3826737,48,58,1,3,0.000330925,1,3,0.00037694
5920395,125,71,1,10,0.001804113,1,10,0.002945185
7473504,76,32,1,24,0.0023489,1,24,0.022593021
5069204,70,42,1,17,0.001924276,1,17,0.01333189
1529762,59,46,1,37,0.004341602,0,30,0.095211983
5008161,110,52,1,71,0.008176327,0,42,0.279747486
1590098,54,100,1,60,0.007326126,1,40,0.185280323
9772943,34,84,1,25,0.002694607,1,25,0.015326977
2801055,45,125,1,37,0.004732847,1,37,0.090076447
4588941,88,57,1,42,0.00488472,1,38,0.1152215
1153938,82,42,1,67,0.007193327,1,47,0.214454412
2123235,39,120,1,13,0.001324892,1,13,0.007863522
5284414,44,59,1,18,0.002454281,1,18,0.013426065
5640084,39,128,1,90,0.009507418,1,90,0.630222559
97109,94,96,1,89,0.015123844,0,25,0.258021832
4168649,48,34,1,34,0.004027367,0,13,0.048312187
7264242,109,42,1,46,0.005461931,1,46,0.226890326
7278632,56,68,1,50,0.006732702,1,40,0.107585192
255558,78,115,1,45,0.00778532,0,29,0.086587906
8708894,43,63,1,66,0.008502483,0,10,0.099287033
7285548,94,88,1,65,0.011150837,1,61,0.432505369
7908553,61,71,1,126,0.017572165,1,54,0.174645185
1403501,37,59,1,23,0.002371073,1,21,0.026441097
4694906,113,78,1,29,0.005204201,1,29,0.042596817
9576952,55,49,1,20,0.00271821,1,20,0.015256643
7109160,73,45,0,1,0.000369072,0,3,0.013262749
7260667,113,64,1,33,0.004146099,1,33,0.102500677
3678073,119,108,1,45,0.007540703,0,6,0.042413473
2665987,62,54,1,41,0.005438089,0,7,0.075575352
9153906,48,40,1,59,0.00783062,0,11,0.062769175
1211431,38,98,1,17,0.00180769,1,17,0.013597012
4737623,84,48,1,50,0.006542683,0,1,0.003177881
1823774,35,44,1,15,0.001874208,1,16,0.010325909
2705162,45,64,1,16,0.00223875,1,16,0.009310007
4195996,75,85,1,45,0.006519079,1,45,0.201524973
3068522,51,37,1,43,0.00504446,1,43,0.078976393
5404214,75,128,1,70,0.012066364,1,78,0.722126007
4466386,67,78,1,98,0.015939236,0,11,0.076744795
1529453,55,80,1,72,0.010052204,0,18,0.141342402
9954252,61,121,1,29,0.004356861,1,22,0.023548365
864663,44,77,1,24,0.003328085,1,23,0.019904613
1839894,83,32,1,71,0.007886887,0,7,0.173706055
578410,66,111,1,13,0.001844883,1,13,0.007579088
2532419,123,75,1,12,0.002054214,1,12,0.005037069
200212,47,40,1,46,0.005246401,0,5,0.024304152
444757,73,34,1,38,0.004432201,1,38,0.04789257
2787707,44,68,1,21,0.002578974,1,21,0.014536142
9729832,87,74,1,73,0.011568069,0,1,0.005143881
9561945,91,77,1,56,0.007440805,0,11,0.08096838
1053181,123,104,1,16,0.003798962,1,16,0.011509895
9491190,40,128,1,67,0.008148193,1,60,0.153203726
1062055,82,92,1,34,0.006300211,1,37,0.118618011
1539540,104,124,1,110,0.022785902,0,86,0.570107937
2069897,61,120,1,23,0.003607273,1,23,0.02062583
5548072,126,91,1,70,0.011282682,1,67,0.440560818
7168883,104,89,1,70,0.013576984,0,15,0.127074957
9909926,45,120,0,26,0.003132105,1,107,0.956537962
87461,124,108,1,106,0.025501013,0,51,0.121419668
4512351,68,42,1,26,0.003634453,0,6,0.006746292
2569749,105,48,1,72,0.008542776,0,38,0.436908245
2128585,32,55,1,26,0.003039598,1,26,0.051266193
7339810,91,83,1,43,0.007190466,1,40,0.066894054
620296,121,125,1,58,0.013979435,1,34,0.089273214
309587,65,114,1,7,0.000999928,1,7,0.00164628
1096608,67,85,0,0,1.19E-06,0,0,0
4171216,80,47,1,51,0.006067514,0,21,0.059176207
1837736,108,66,1,30,0.004542589,1,30,0.056399584
8230071,68,76,1,11,0.001489639,1,11,0.00347209
8934518,105,51,1,47,0.005876303,1,47,0.080729723
9938571,121,128,1,128,0.032391548,0,29,0.673501253
1409150,111,101,1,77,0.016399622,0,16,0.376724243
1255008,114,60,1,36,0.005747557,1,36,0.066144705
6051677,32,117,1,4,0.000430822,1,4,0.000494957
4852038,62,114,1,22,0.003276587,1,22,0.02252841
2296182,66,89,1,25,0.003964424,1,27,0.039454222
3371967,113,94,1,40,0.00720048,0,8,0.061210632
6649390,88,33,1,68,0.006679535,1,68,0.797318935
327851,33,111,1,16,0.00168252,1,16,0.008521318
3278746,89,71,1,50,0.007074118,0,8,0.073136806
3254665,87,114,1,114,0.022347689,0,43,0.280748367
6794860,70,61,1,34,0.004868507,0,19,0.06648016
6531543,83,50,1,40,0.004952192,1,3,0.000284195
600515,50,68,1,19,0.002553701,1,19,0.021703959
4901478,98,40,1,84,0.008466482,0,57,0.368338823
7217709,120,99,0,83,0.019458532,0,21,0.526819706
9214247,111,84,1,50,0.007694244,1,53,0.296863079
2849650,91,36,1,15,0.00199604,1,15,0.007557154
5658201,102,115,1,57,0.011180639,0,6,0.095709085
1805487,63,37,1,35,0.004182577,0,7,0.012438536
4922094,90,101,1,107,0.018027782,0,36,0.111776829
4726011,102,72,1,30,0.004684925,1,30,0.075666189
1700924,127,86,1,118,0.019717216,0,8,0.430356026
1057386,115,92,0,14,0.002861261,0,7,0.328344822
1471314,65,106,1,59,0.009142876,1,56,0.162004709
9603013,56,82,1,19,0.002650023,0,2,0.005629778
4217251,125,73,1,77,0.013518095,1,81,0.366184235
6755307,63,119,0,76,0.010966301,0,16,0.486862183
1264472,73,83,1,136,0.018273592,1,60,0.613330364
5586434,41,112,1,70,0.007660151,1,70,0.348328352
740541,91,79,1,41,0.00807929,0,20,0.09128046
8949524,41,36,0,0,9.54E-07,0,0,0
8745532,119,92,1,21,0.003955126,1,21,0.018489122
6578364,100,80,1,57,0.01112175,0,25,0.349236965
6865924,47,99,1,108,0.013944387,0,6,0.023200512
8453902,57,105,1,9,0.001427412,1,9,0.002538204
8082559,79,40,1,9,0.000941277,1,9,0.002545118
5423315,102,79,1,7,0.001341581,1,7,0.001536608
8455534,88,103,1,66,0.012028694,1,67,0.218350649
5694382,98,86,1,15,0.002469778,1,15,0.012452602
1448215,58,54,1,17,0.002178192,1,17,0.01517272
6467623,46,62,1,38,0.004089832,1,36,0.085461855
2347443,62,40,1,36,0.00500536,1,42,0.049947977
4502725,51,40,1,71,0.008372068,0,8,0.029200792
6716754,108,122,1,82,0.017682314,0,28,0.262994528
1994077,65,53,1,27,0.003228188,1,27,0.034132242
5538539,128,109,0,70,0.014708519,1,80,0.485608578
6488995,61,94,1,66,0.007890463,0,12,0.087306499
1773767,58,94,1,51,0.006569862,0,30,0.139141083
1891610,95,55,1,17,0.002267361,1,17,0.011459827
1717525,56,42,1,4,0.000511885,1,4,0.000436783
5043927,77,89,1,21,0.00359416,1,21,0.025026321
2153350,84,120,1,137,0.024194479,0,87,2.223079443
8369246,58,36,1,26,0.002722979,1,27,0.03788805
8048365,41,44,1,26,0.00320673,0,22,0.022685766
9780579,50,70,1,20,0.002555609,1,20,0.018820763
3001078,78,49,1,18,0.002341986,1,18,0.016020775
7790087,127,100,0,78,0.017641544,0,8,0.181010008
1525282,33,91,1,20,0.002329588,0,11,0.017471552
9224288,50,71,1,151,0.01806736,0,3,0.016702175
2892741,100,59,1,78,0.011243582,0,5,0.116823196
2489900,84,127,1,25,0.00401473,1,21,0.018389702
7037668,80,80,1,55,0.009468794,0,13,0.063033819
5834663,114,61,1,42,0.006497145,0,11,0.05167985
3533161,35,34,1,4,0.000425816,1,4,0.000439644
7586778,43,96,1,46,0.00566864,0,9,0.099756956
2435286,95,58,1,72,0.008328438,0,37,0.84155035
3708419,32,59,1,25,0.002708912,1,23,0.020088673
9814232,67,92,1,58,0.007277012,0,19,0.253882647
9438718,124,94,1,68,0.011539459,0,44,0.324494362
8130846,93,65,1,26,0.004089832,1,26,0.04738307
4052475,44,50,0,300,0.031095266,1,23,0.03358674
9632453,78,111,1,21,0.003153563,0,18,0.031322241
257289,95,47,0,0,0,0,0,1.19E-06
7025146,80,65,1,32,0.004055262,1,32,0.056950569
2366252,82,97,1,85,0.015816212,0,17,0.106799603
9291853,37,127,1,108,0.011498451,1,76,0.17164731
3226037,91,58,1,43,0.005274534,1,37,0.101375341
2999579,65,36,1,57,0.005732059,1,45,0.22550416
1150820,114,71,1,146,0.018601179,0,8,0.021144152
5604931,70,96,1,27,0.004295588,1,26,0.015316486
7543210,72,79,1,67,0.009130716,0,3,0.052235842
1095584,84,78,1,68,0.011308908,1,44,0.183539152
7880324,96,125,1,79,0.018806219,0,13,0.035526752
110857,42,46,1,9,0.000965118,1,9,0.002701998
13393,79,80,1,36,0.006201744,1,36,0.081823587
1586880,44,124,1,63,0.00765872,0,4,0.081929922
5377566,50,104,1,179,0.02080822,1,65,0.304478168
9478415,71,80,0,21,0.00322628,0,2,0.017383575
1692174,49,81,1,52,0.006586552,1,50,0.276062965
1880648,37,104,0,7,0.000905991,0,6,0.001471996
8264872,83,100,1,62,0.01042366,1,58,0.112747192
4300523,113,84,1,134,0.024257183,1,57,0.381840944
8726428,36,74,1,9,0.001051188,1,9,0.002101183
5487810,114,38,1,91,0.009263515,1,91,0.6276896
5209403,97,40,1,30,0.003234386,0,11,0.009703875
4440322,37,117,1,20,0.002013206,1,20,0.016685724
531339,65,54,1,24,0.003211498,1,20,0.016005039
1295439,67,44,1,36,0.003988028,1,36,0.022942543
844583,39,84,1,19,0.002384901,0,11,0.01231885
8958832,122,79,1,64,0.008863211,0,51,0.329742432
4142793,82,114,1,34,0.004676819,1,30,0.049552441
489334,114,117,1,91,0.023453712,0,10,0.086483955
7652262,77,51,1,24,0.003628969,1,24,0.047505856
2817633,105,50,1,30,0.00387454,1,22,0.024792194
7214890,81,43,1,60,0.00678277,0,22,0.405172825
7241462,70,124,1,21,0.002651215,1,21,0.018723726
1445765,119,126,0,33,0.006865263,0,30,0.088617086
4838929,114,117,0,124,0.036417484,1,116,2.969959021
9329005,64,70,1,50,0.008229733,0,10,0.177408218
8652921,63,125,1,60,0.008749008,1,62,0.136548042
8062246,38,123,1,67,0.007251978,1,63,0.477255821
1190140,117,72,1,74,0.012008905,1,67,0.417332172
8459498,104,64,1,60,0.010231495,0,42,0.179623604
2543256,127,84,1,11,0.00168252,1,11,0.005067825
384796,128,85,0,0,0,0,0,9.54E-07
4833936,66,54,1,45,0.007257938,0,12,0.025649548
474075,55,74,1,16,0.002252102,1,16,0.009994268
8272491,107,92,1,40,0.00609374,1,40,0.205657005
9986947,32,36,1,14,0.001492739,1,14,0.008202791
2658829,67,119,1,79,0.01115799,0,35,1.219418287
6988192,90,76,1,31,0.003950834,1,31,0.065006971
4046769,80,70,1,58,0.009655714,0,29,0.044102669
4110717,103,60,1,19,0.003148556,1,15,0.007773876
657924,32,33,1,3,0.000355959,1,3,0.000309944
1252148,97,47,0,0,0,0,0,0
1255163,71,128,1,114,0.017568588,0,67,1.671955109
9203010,68,42,1,34,0.004806042,0,12,0.023711443
6731341,39,98,1,10,0.001209974,1,10,0.004246473
1363699,51,56,1,27,0.003752232,1,27,0.024279833
8184072,108,76,1,30,0.005021095,1,30,0.08345437
6953496,74,109,1,52,0.008877516,1,53,0.119405031
5083450,42,87,1,25,0.003218174,1,23,0.030229568
191265,72,52,1,65,0.00872612,1,54,0.296085119
1470322,104,74,1,17,0.002496004,1,17,0.009243011
8940434,50,50,1,28,0.003446341,1,19,0.014448881
1090381,106,116,1,58,0.01376605,0,7,0.047293186
292760,41,93,1,16,0.002005577,1,16,0.009105682
7100338,61,61,1,32,0.005225182,0,8,0.015702963
1540604,80,117,1,42,0.008203745,0,24,0.078415871
1827417,92,57,1,63,0.012670517,0,9,0.042912245
5649931,120,62,1,18,0.002396584,1,18,0.015002251
8259991,51,74,1,49,0.005816698,1,49,0.145129442
7855163,111,61,1,11,0.001490355,1,11,0.004890203
5331592,47,65,1,29,0.004302502,1,29,0.06339097
5252993,90,78,1,6,0.00120616,1,6,0.000843287
9342074,93,58,1,27,0.003712893,1,27,0.027690411
785175,119,51,1,22,0.002373219,1,22,0.016638279
5908161,52,92,1,50,0.007521868,1,31,0.061440229
7107334,54,60,1,18,0.002296686,1,18,0.016781569
9366922,48,77,1,30,0.003087997,1,30,0.043137312
2034486,114,121,1,62,0.014354944,0,14,0.052907705
3844521,76,89,0,0,0,0,0,7.15E-07
425157,117,33,0,300,0.025776863,1,63,0.168388367
3288879,120,81,1,42,0.008164644,1,40,0.094906092
6237096,42,91,1,38,0.0050776,1,38,0.166959763
5812493,51,63,1,62,0.007942438,0,3,0.017610312
6249919,122,103,1,294,0.055793762,0,11,0.506302357
5005104,82,54,1,29,0.003974676,0,9,0.035035849
9903700,55,105,1,10,0.00126791,1,10,0.003118992
2814134,54,98,1,55,0.006829977,0,6,0.013854265
702588,86,95,1,22,0.003642559,1,22,0.016445875
5514386,104,61,1,67,0.009260654,1,71,0.43380785
6196008,81,34,1,10,0.000968695,1,10,0.002619028
8921857,100,77,1,26,0.004728794,1,26,0.030217648
7632172,67,39,1,19,0.001950026,1,19,0.007630825
6786058,108,117,1,25,0.006057501,1,25,0.016413212
2103873,65,106,1,55,0.007433653,1,55,0.387457848
7409525,110,121,1,29,0.005038023,1,29,0.020611286
5609495,33,120,0,46,0.005923748,1,43,0.078830481
7292947,124,89,1,38,0.006918192,0,14,0.048763752
358395,62,53,1,36,0.004434347,1,34,0.073983431
9615557,39,93,1,46,0.004775763,1,46,0.18771553
6952171,109,111,1,68,0.017353058,0,38,0.274609804
9242568,104,86,1,69,0.011805773,0,13,0.008587122
9988739,52,62,1,57,0.00639081,1,37,0.072305441
5894427,115,118,1,72,0.016720533,1,68,0.548171759
9704028,99,45,1,90,0.012703419,0,45,0.340548277
2618182,78,60,1,46,0.005424738,0,30,0.255638599
289316,54,98,1,27,0.003663301,0,16,0.056895256
4125816,60,64,1,49,0.006987333,1,47,0.142818213
7120109,93,122,1,147,0.025396824,1,103,1.660355568
9395513,124,93,0,147,0.030482769,0,17,1.13654089
7694090,43,50,1,34,0.004202604,1,16,0.009024143
2042006,96,71,1,73,0.009932756,1,52,0.125271082
9223299,111,75,1,45,0.008132935,0,39,0.232423067
120849,84,73,1,52,0.008918524,0,48,0.382214069
6012493,102,114,1,62,0.010234594,1,62,0.147001982
1475773,109,69,1,31,0.003912926,1,29,0.075286627
2221942,53,67,1,69,0.009660244,0,19,0.087543249
3464281,33,37,1,7,0.000800133,1,7,0.001739502
5944503,44,86,1,35,0.003709078,1,37,0.065290689
8264256,81,51,1,20,0.002814531,1,20,0.015796185
8975722,103,66,1,48,0.006415844,1,48,0.121213198
1996128,60,122,1,83,0.013258457,1,78,0.814043999
920771,79,122,1,29,0.005057573,1,25,0.020348072
4746828,100,121,0,300,0.048478842,0,73,0.53303957
822045,92,124,1,121,0.021518469,1,107,2.570308924
2034222,33,85,1,28,0.002949715,1,26,0.033374071
609689,65,46,1,30,0.004462719,0,3,0.019410372
7335188,120,55,0,2,0.00026989,1,64,0.13237524
2778802,93,83,1,70,0.013844728,0,6,0.04611516
9683291,57,118,1,34,0.00413537,0,31,0.050988913
3431486,103,59,1,27,0.003602028,1,27,0.04865694
3722385,99,80,0,0,0,0,0,0
2655434,77,36,0,33,0.003947258,1,38,0.084654331
1139011,126,116,1,106,0.02498889,0,29,3.116009712
7604942,123,97,1,44,0.00767827,1,44,0.109141588
852334,112,75,1,83,0.013772726,0,49,0.130594254
4541244,38,69,1,14,0.001687288,1,14,0.007145882
1095700,97,53,1,15,0.002058268,1,15,0.00780344
2194496,119,115,1,87,0.020806551,1,75,0.572299719
7972169,102,99,1,63,0.014206886,0,8,0.016434669
9262542,32,82,0,300,0.027566433,1,12,0.007070303
3916713,91,56,1,101,0.01396513,1,61,0.169549227
5074193,34,66,1,60,0.007341623,0,32,0.308372974
9386460,118,128,1,84,0.020350695,0,10,0.309887409
5649122,122,44,1,59,0.006745338,0,9,0.213131905
3372357,73,51,1,60,0.006889105,0,59,0.544011831
5597376,112,49,1,77,0.008382559,0,34,0.348448515
2885349,112,107,0,159,0.033434153,0,20,0.109165668
1926585,66,83,1,41,0.00641036,0,25,0.062952995
9123790,67,70,1,65,0.009445667,0,14,0.074997663
2060078,41,71,1,23,0.002864361,0,14,0.007953882
3127317,94,95,1,6,0.001170158,1,6,0.001118898
7309383,43,50,1,23,0.002860308,1,22,0.024719
120249,97,56,1,27,0.003903389,1,27,0.028884888
9056565,115,70,1,63,0.010840654,1,57,0.45567441
9225405,61,123,1,18,0.002259016,1,18,0.01197648
6180719,125,96,1,183,0.034013987,0,32,0.629951
4219682,93,47,1,5,0.00062418,1,5,0.000871897
2188086,106,90,1,86,0.013096809,0,8,0.351631641
6021848,72,102,1,60,0.008970022,0,19,0.088736296
1330979,104,42,0,127,0.015525818,1,56,0.452196598
3453968,71,65,1,46,0.006760597,1,46,0.197224855
3448613,72,69,1,87,0.01500535,0,29,0.081982851
9919646,85,87,1,110,0.016028881,0,65,0.57736063
628202,80,90,1,72,0.01262641,0,16,0.101505518
4239094,58,45,1,24,0.0033288,0,2,0.003730774
8870105,123,58,1,18,0.0019238,1,18,0.014485836
9958917,100,90,1,26,0.005418777,1,26,0.0201931
1995208,127,38,1,5,0.000566006,1,5,0.000811338
4777498,72,108,0,137,0.024516821,0,32,0.26009059
3444679,47,66,1,6,0.000754118,1,6,0.001137972
3815960,47,128,1,37,0.003773451,1,37,0.06306982
9441147,87,92,0,19,0.004604578,0,12,0.295231342
8506759,89,118,1,32,0.006197691,0,4,0.015869141
7327835,120,105,1,11,0.00190711,1,11,0.005593538
3108895,120,90,1,27,0.003945589,1,27,0.020489693
5391694,81,78,1,44,0.006630898,0,12,0.030684233
1695549,47,109,1,12,0.001364946,1,12,0.005187511
3622491,71,101,1,33,0.005833864,0,7,0.00679183
1587371,102,83,0,0,9.54E-07,0,0,0
2007929,69,103,1,45,0.007007837,1,45,0.074566603
7085985,98,100,1,50,0.008519411,1,42,0.123036623
9519330,76,42,1,32,0.003510952,1,32,0.076558113
3112258,49,107,1,61,0.007504225,1,44,0.097830296
9687815,92,70,1,100,0.016541719,0,15,0.241913557
8795633,44,111,1,9,0.000942945,1,9,0.002990961
1408184,51,86,1,64,0.009362936,0,4,0.022072315
1554236,125,104,1,71,0.016849756,0,27,0.159001827
617136,101,68,1,103,0.015954256,0,49,1.866703272
111535,83,67,0,74,0.011328697,0,10,0.080116749
5059239,118,35,0,12,0.001414299,0,8,0.069491386
4965929,79,47,1,42,0.005256176,1,28,0.039182186
2442872,123,127,1,82,0.019791365,1,64,0.588009357
2729355,88,39,1,61,0.006272554,1,61,0.171425819
1200156,84,114,1,21,0.003398418,1,21,0.02403307
3071569,109,97,1,19,0.003460407,1,19,0.014141083
3433866,35,56,1,25,0.002813578,1,25,0.017943382
128444,70,96,1,52,0.008116245,1,26,0.029941082
255892,76,118,1,96,0.014977694,1,66,0.256048918
6864175,49,41,1,95,0.010641575,1,22,0.041566849
8784853,48,120,1,17,0.002116442,1,16,0.008098364
6882887,74,54,1,9,0.001083612,1,9,0.002556801
8416290,60,79,1,39,0.006065607,1,37,0.091603279
882432,63,73,1,80,0.011024475,0,25,0.081291676
4611056,81,92,1,64,0.011280298,1,64,0.244524479
5469270,33,70,1,35,0.004338741,1,29,0.03071475
5085016,33,90,1,32,0.003406763,1,32,0.095512152
1963550,36,56,1,19,0.002181768,1,18,0.009961843
7960667,121,61,1,9,0.001364946,1,9,0.002035856
1259999,123,106,1,38,0.006798744,1,38,0.048653364
1644207,73,125,1,30,0.004210472,1,30,0.06586647
2638950,65,108,1,60,0.007847786,1,46,0.168766737
8217117,94,39,1,29,0.003264666,0,10,0.022748947
4011778,47,72,1,24,0.002502441,1,24,0.040434599
3979170,81,67,1,97,0.015502214,1,57,0.137763023
107398,108,80,1,54,0.009511709,1,48,0.144240141
7072268,46,93,1,31,0.003847122,0,7,0.008695602
3177156,34,51,1,14,0.001535892,1,14,0.010298252
6377296,59,35,1,81,0.009275675,0,9,0.028015614
6392226,63,65,1,9,0.001274824,1,9,0.002354383
2099391,59,55,1,15,0.001953363,0,6,0.003220558
253307,32,70,1,10,0.001315594,1,10,0.003045797
8875564,40,35,1,4,0.000403643,1,4,0.00045681
3738650,34,39,1,11,0.001253366,1,11,0.003828049
5309262,104,61,1,47,0.005966425,1,43,0.054468155
1726110,100,96,0,176,0.037916899,0,1,0.044209003
1414500,79,109,1,34,0.004572868,1,34,0.089113474
5086969,66,121,1,95,0.012565851,0,21,0.277424335
9813375,56,88,0,0,0,0,0,9.54E-07
2744499,35,93,1,20,0.002281427,1,21,0.019944429
7175899,55,68,1,57,0.007224798,1,55,0.153137922
4327666,58,58,1,48,0.005899429,0,19,0.029210329
8944665,75,49,1,24,0.002958059,1,20,0.021747828
9756853,67,72,0,87,0.014698267,0,59,0.583044052
7439123,39,89,1,56,0.007040024,1,53,0.061118841
7171952,45,124,1,117,0.01326704,1,111,1.046788931
3282688,46,47,0,36,0.004495144,0,6,0.043792725
403287,117,58,1,96,0.013490438,0,42,0.763633728
2094438,124,75,1,12,0.002002716,0,8,0.007014275
3221409,50,40,1,24,0.00319767,1,24,0.018759012
4118177,34,62,1,33,0.003676653,1,33,0.014182568
5543245,45,125,1,42,0.005304813,1,42,0.084369183
3836296,68,81,1,5,0.000844717,1,5,0.000787258
738262,101,33,1,58,0.005846024,1,56,0.114987612
6067342,35,61,1,23,0.002282858,1,23,0.015232801
8230185,112,76,1,37,0.0047369,1,37,0.075643063
259335,108,108,1,55,0.0114429,0,28,0.199342728
6790219,47,45,1,16,0.002280235,1,12,0.004539728
7554709,98,79,1,60,0.010107994,1,57,0.1243155
9949425,62,36,1,12,0.001244545,1,12,0.004268646
525397,105,100,1,184,0.036280155,0,33,1.064744234
4101877,41,58,1,12,0.001299143,1,12,0.004799604
9842459,126,90,1,31,0.006844521,0,12,0.039940834
4900194,37,86,1,14,0.001769304,1,10,0.002191067
478002,114,109,1,211,0.041307211,0,70,0.872263908
4907620,69,44,1,27,0.002876997,1,26,0.035503387
7425038,109,89,1,44,0.006744623,1,44,0.238040209
168397,76,80,1,21,0.00337863,1,19,0.019136667
1266176,82,78,1,12,0.002274036,1,12,0.004004717
9153500,61,75,0,71,0.010138273,0,22,0.166975737
3795282,82,47,1,24,0.003130198,1,24,0.028132439
1812016,65,112,1,8,0.001222134,1,8,0.001982927
5516629,44,81,1,44,0.004939079,1,40,0.097425699
1568120,87,115,0,32,0.005825043,1,40,0.106133699
5413240,34,96,1,40,0.004589081,1,40,0.070804358
9550015,58,56,1,30,0.004801035,1,28,0.024353027
4288364,45,74,1,53,0.006848812,0,39,0.207332611
3233652,52,126,1,11,0.001717091,1,13,0.007420063
743133,48,41,1,59,0.007709503,0,13,0.080011129
8675658,72,45,1,33,0.003968954,1,33,0.113308907
7404235,77,128,1,31,0.004011631,1,31,0.040031195
4748230,100,106,0,67,0.012079954,1,64,0.390022755
6912593,68,64,1,53,0.007125139,1,53,0.409773588
6258917,67,92,0,2,0.000437021,0,2,0.001569033
4995682,128,66,1,42,0.00706315,1,58,0.280690908
5614785,67,71,1,41,0.006033897,0,2,0.009949923
4108790,102,86,0,300,0.044023275,1,41,0.214151621
9032226,90,99,1,32,0.004665136,1,32,0.0797925
3497181,97,86,1,14,0.002578497,1,14,0.0038836
7100502,116,42,1,90,0.010048389,1,85,0.52452755
7593933,55,83,1,16,0.001893044,1,16,0.008146286
1895952,110,36,0,300,0.028055191,1,71,0.45256424
1709273,115,57,1,52,0.005878687,1,52,0.226373196
9399621,69,126,1,132,0.022509098,0,24,0.894905806
5035274,53,37,1,6,0.000689745,1,6,0.001147032
4277210,114,119,1,39,0.006548405,1,39,0.130617142
3778650,87,113,1,43,0.00688839,1,43,0.12286377
5747146,38,95,1,33,0.003676176,1,33,0.105210543
9231162,90,75,0,0,9.54E-07,0,0,0
8520433,98,70,1,9,0.001389027,1,9,0.002718925
7127300,52,106,1,38,0.005531549,1,38,0.085587502
593888,107,104,1,4,0.000936508,1,4,0.000435829
2956199,82,120,1,26,0.003399372,1,26,0.027396679
7505306,91,98,1,123,0.018880844,0,19,0.616954565
1379472,57,62,0,47,0.006927013,0,32,0.101346254
5778540,60,86,1,23,0.003989935,0,14,0.012517452
4324351,112,109,0,29,0.006856918,0,4,0.087608099
5155743,81,107,1,119,0.020812988,1,61,0.283595085
6581928,79,124,1,19,0.003732681,1,17,0.012733221
7560232,109,56,1,102,0.012570143,0,10,0.308748007
2231601,51,60,1,38,0.004341602,1,38,0.078567505
478194,53,106,1,29,0.00328517,1,29,0.028702497
7657265,41,106,1,89,0.009068251,1,73,0.210448027
87865,95,89,1,96,0.018504143,0,3,0.026147366
9104864,69,49,1,45,0.005133629,1,39,0.179167747
3004885,96,113,1,94,0.018667459,1,78,0.528833151
3242802,85,99,1,39,0.006345034,1,39,0.07876277
1153237,60,81,1,5,0.000683069,1,5,0.000661373
8119188,64,107,0,0,0,0,0,0
2261865,91,123,0,165,0.037400007,0,49,2.245281458
939980,69,110,1,77,0.010649443,1,77,1.368674994
3840046,76,75,1,24,0.003569603,1,16,0.004820824
5261728,89,59,0,300,0.031280041,0,21,0.4118011
8790675,96,116,1,13,0.002862215,1,13,0.003350973
7685116,63,64,1,22,0.004557133,0,8,0.022640228
4471806,47,52,0,13,0.001908779,0,15,0.019265175
6303032,122,82,1,46,0.007768869,1,48,0.21723032
9087468,62,34,1,11,0.001255989,1,11,0.004874706
8069954,43,107,1,5,0.000610352,1,5,0.000656605
4380411,35,87,1,16,0.001943588,1,11,0.003477335
6052237,49,45,1,13,0.001558781,1,13,0.005217552
8351331,95,69,1,53,0.008445978,1,49,0.216998577
9454524,58,94,1,38,0.004647255,1,38,0.048498392
6911708,120,76,1,176,0.030212402,0,26,1.132383108
1415868,49,90,1,32,0.003594637,1,32,0.035426617
1476242,56,100,1,65,0.007811546,0,20,0.107037067
2548868,81,71,1,63,0.010360241,0,39,0.423302174
8375790,68,121,1,27,0.004143238,1,28,0.043542624
8417835,111,106,1,14,0.002940893,1,9,0.0026021
3084530,50,106,1,27,0.003485203,0,21,0.034384966
1933783,37,70,1,34,0.004446268,1,32,0.061068296
5220017,33,111,1,43,0.004495859,1,43,0.101980448
2413060,49,118,1,24,0.003293991,1,24,0.018930674
8017151,110,38,1,2,0.000217676,1,2,0.000154495
3099235,98,58,1,24,0.003579378,1,24,0.043392897
9407486,37,104,1,28,0.003106594,1,29,0.028850317
3074786,110,75,1,19,0.003240347,1,19,0.023583412
3048635,48,89,0,300,0.032280207,1,83,0.377519369
8049781,86,67,1,23,0.003144741,1,23,0.020543337
1017960,105,115,1,76,0.01334548,0,25,0.539396048
2695535,44,100,1,99,0.010869265,0,11,0.281415224
2296577,81,113,1,130,0.024781227,0,94,1.760388136
634337,83,36,1,8,0.00093627,1,8,0.002168417
2985945,94,115,1,19,0.003391981,1,19,0.013958693
3169168,51,113,1,90,0.012086391,1,76,0.900753498
4118086,120,90,1,38,0.005890846,1,38,0.07144165
6114557,69,91,1,19,0.002980709,1,19,0.013623714
1088845,88,118,1,190,0.041242838,0,75,1.234630346
9474145,102,96,1,136,0.023967505,0,22,0.575564861
4670631,123,65,1,101,0.014565945,0,23,0.606705904
3508106,101,46,1,25,0.003185511,1,23,0.017425776
1570817,65,91,1,5,0.00071764,1,5,0.000771999
2398817,125,111,0,0,0,0,0,1.19E-06
1372483,48,89,1,12,0.001368046,1,12,0.004438639
41383,32,44,1,24,0.002835512,1,24,0.01673317
5752600,77,50,1,32,0.003395319,1,32,0.017892599
7144414,59,107,1,31,0.004298925,1,28,0.023631334
1398434,47,122,1,47,0.005099773,0,12,0.030842066
4572418,37,110,1,49,0.00557971,1,43,0.171607494
7247215,79,79,0,31,0.005162001,0,4,0.038483381
4113362,92,63,1,28,0.003684759,1,28,0.028820992
2063864,33,113,1,8,0.000856876,1,8,0.002438784
9950192,85,75,0,21,0.003582716,0,7,0.005449533
7493998,99,127,1,144,0.025359869,1,102,1.547589779
5319787,111,52,1,38,0.005041599,1,38,0.130889654
5570305,75,33,1,9,0.001007557,1,9,0.002724171
175475,74,101,1,16,0.002449274,1,16,0.011848211
5349997,76,43,0,84,0.009408712,1,16,0.012023449
4135011,46,73,1,13,0.001564741,1,13,0.007825613
5012922,38,117,1,57,0.006257296,1,57,0.040754557
3609478,62,110,1,45,0.005562067,1,45,0.261766195
2327110,113,90,1,48,0.00733614,0,4,0.03074193
4512155,75,61,1,134,0.020627022,0,9,0.115045071
3170134,123,120,1,81,0.022456884,0,31,0.363072872
6534530,40,45,1,17,0.002295732,1,17,0.015774012
4566379,88,126,1,64,0.012301445,0,51,0.098371029
8269262,128,70,1,175,0.025915623,0,39,2.182583332
769139,83,123,1,36,0.005842447,1,35,0.053946495
5178770,117,114,1,41,0.00766325,1,33,0.086413145
2952150,38,112,1,27,0.002873421,1,27,0.028192759
9904301,122,83,1,65,0.009884596,0,52,0.45687747
7792040,60,96,1,57,0.007977009,0,32,0.180849552
7490041,71,122,1,80,0.014121056,0,25,0.281450033
3207527,68,40,1,28,0.003401279,1,28,0.050020218
6803668,39,127,1,25,0.002841234,1,25,0.024470568
4403289,33,77,1,53,0.005893707,1,51,0.133543491
6178171,54,33,1,37,0.004124641,1,37,0.056711435
9742060,89,87,1,18,0.002807617,1,18,0.016054153
5275445,103,45,1,23,0.002760172,1,23,0.025981903
3251750,122,44,1,47,0.005805731,1,48,0.17820406
3041256,107,80,1,55,0.009945393,1,49,0.066874504
7314369,65,44,1,21,0.002767563,1,19,0.015072107
7307631,109,63,1,15,0.001791477,1,15,0.00906229
1039924,74,32,1,35,0.003755808,1,35,0.035972357
8844086,71,110,0,52,0.008265018,1,66,0.487222195
7871951,36,35,1,14,0.00160408,1,14,0.006706238
9087815,90,57,1,25,0.003489494,1,25,0.020105124
5603952,37,120,1,31,0.003511429,1,31,0.016772509
2580822,127,85,1,112,0.020127535,1,77,0.593443632
5413685,40,76,1,4,0.000464916,1,4,0.000514507
8087773,127,93,1,20,0.002852201,1,20,0.024252176
647790,95,101,1,47,0.010281801,0,15,0.107410192
9594408,113,124,1,64,0.012261152,1,44,0.107698917
4893395,114,125,1,23,0.004654884,1,23,0.018465042
3631294,111,122,1,151,0.041501522,0,14,0.307289124
7841291,108,78,1,48,0.007166862,1,48,0.249728441
4181444,63,110,1,50,0.006984949,1,51,0.333523512
6059819,58,106,1,58,0.006931067,1,58,0.206326008
248556,117,112,1,30,0.007691145,1,28,0.052854538
7316760,60,102,1,27,0.003994703,0,17,0.06064105
7834308,55,45,1,79,0.008416414,1,45,0.066658497
7888680,105,61,1,86,0.012705326,0,27,1.401445866
9829340,68,48,0,300,0.035904884,1,36,0.088691473
7735322,98,110,1,82,0.018566132,0,47,0.56962204
1842824,61,33,1,19,0.002300501,1,19,0.015267611
828508,48,35,1,48,0.005931377,0,6,0.02066493
533550,115,87,1,38,0.006850719,1,38,0.034621
616675,79,54,0,30,0.004054785,0,28,0.045572281
9619217,100,47,1,28,0.003469229,1,28,0.022773981
6958799,50,55,1,31,0.003795862,0,25,0.059802294
1599641,117,45,1,38,0.004024267,1,38,0.076468706
4687441,75,93,1,59,0.008342266,0,59,0.63081336
4599812,128,51,1,38,0.005459785,1,38,0.110158205
6155603,107,92,1,61,0.009928226,1,57,0.388347864
5681749,33,99,1,18,0.00195694,1,18,0.015439034
4038738,119,32,1,15,0.001463413,1,15,0.006901741
7199196,36,46,1,26,0.003244162,1,19,0.010169744
3351591,92,97,1,53,0.00818634,0,23,0.148487806
6673532,69,61,0,104,0.041069984,0,12,0.297451019
4503971,44,61,1,42,0.004909277,1,26,0.03959465
2966447,34,44,1,9,0.000915289,1,9,0.001667261
2248937,83,105,1,40,0.006966829,1,40,0.095648766
5180313,121,122,1,23,0.005905867,1,22,0.01743412
1500271,119,112,0,171,0.042523623,0,11,0.124547243
7135555,107,83,1,73,0.01149106,1,39,0.128292322
3486811,99,102,1,45,0.009013653,0,40,0.128535748
5171101,59,54,0,1,0.000134945,0,1,0.001073837
8229686,86,53,1,46,0.005502224,1,43,0.195077181
4536244,107,92,1,10,0.007980585,0,1,0.000192881
7252067,115,57,1,35,0.005462885,1,34,0.063560247
9119573,92,77,1,59,0.008911133,1,43,0.122267962
2672262,122,120,0,35,0.010120153,0,30,0.254128695
3639083,87,47,1,53,0.006866217,1,39,0.047727346
5376633,43,66,1,34,0.003835678,0,14,0.053407192
9912746,67,61,1,65,0.009180546,1,50,0.228815079
7620959,96,102,1,34,0.00736475,1,24,0.032897472
7291922,34,115,1,24,0.002537012,1,24,0.040841341
4133568,85,60,1,68,0.011494637,0,1,0.009904861
7374327,42,75,1,42,0.004837036,0,4,0.026226997
7203898,36,79,1,15,0.001847267,1,15,0.007520199
1733077,36,37,1,29,0.003745556,1,29,0.044984579
3176463,47,113,1,59,0.00611639,1,59,0.267170429
9973992,50,86,1,85,0.010270357,0,65,0.490831852
2885940,64,80,1,67,0.011891842,0,46,0.284674883
3137180,43,40,1,26,0.002937317,1,25,0.01787591
2632872,120,78,1,29,0.004089832,0,12,0.038145304
9479232,56,58,1,17,0.002631664,1,17,0.013961315
302740,75,109,1,68,0.012694836,0,2,0.034495831
7860469,52,88,1,4,0.000442982,1,4,0.000453234
1752444,66,98,1,59,0.007936001,0,13,0.067516327
1488989,76,112,0,96,0.015540361,0,29,0.228310585
2868311,69,56,1,28,0.004154205,1,27,0.043163538
5460720,111,97,1,1,0.000188828,1,1,6.82E-05
3934421,53,107,1,70,0.007876158,1,46,0.171996593
2403208,53,99,1,47,0.006304264,0,43,0.183046103
4113177,118,102,1,74,0.012901306,1,34,0.047206402
9940270,116,41,1,12,0.001518726,0,9,0.004805326
306284,103,95,1,25,0.004559278,1,25,0.024296999
8574160,54,121,1,22,0.003011227,1,22,0.033766031
3749556,60,56,1,11,0.001701355,0,6,0.003025293
4624537,33,36,0,11,0.001477718,0,11,0.013064623
4942430,102,121,1,84,0.019193888,0,41,0.265001297
5220740,118,50,1,11,0.001271248,1,11,0.004123688
4684885,95,87,1,71,0.012780428,0,55,0.989330053
9704052,98,86,0,0,0,0,0,0
4841011,37,96,1,29,0.002877235,1,29,0.036820889
1045004,119,88,1,77,0.015533924,1,65,0.366070986
2645225,38,72,1,35,0.003588438,1,35,0.0493505
7668321,119,102,1,51,0.009450436,1,51,0.336063385
9493855,110,119,1,47,0.011548758,1,47,0.142613173
6967269,128,101,1,60,0.013314724,0,31,0.362974644
6295735,50,101,1,34,0.004464149,1,34,0.06076932
5191892,63,97,1,7,0.000849485,1,7,0.001646757
83919,66,41,1,29,0.003315687,1,33,0.081116438
2072441,98,40,1,98,0.01133585,1,74,0.61590147
7868871,34,57,1,17,0.002095461,1,17,0.013780832
5476506,38,102,1,81,0.009079456,0,31,1.160442114
9005436,70,64,1,4,0.000568151,1,4,0.000509739
5025264,55,94,1,7,0.001219749,1,7,0.001625299
1401560,49,116,1,2,0.000314474,1,2,0.000155687
7749421,53,54,1,84,0.011385202,0,22,0.172058821
3631046,122,58,1,45,0.006254196,0,7,0.036567211
1774599,68,37,1,30,0.003374577,1,30,0.050581932
8041243,32,52,1,52,0.005562305,1,50,0.283800364
9559963,85,104,1,7,0.001497746,1,7,0.001654863
966527,56,57,1,20,0.003112316,1,22,0.028760433
1035762,44,79,0,15,0.002253771,0,15,0.017147303
559741,102,100,0,4,0.001480103,0,60,1.069479465
2245721,70,46,1,26,0.002841711,1,24,0.021394014
2409937,128,75,1,40,0.006816149,1,31,0.053400517
7068609,44,91,1,28,0.003691912,1,18,0.01732111
1365591,96,126,1,64,0.010865688,0,37,0.15354538
3655929,98,41,1,23,0.002843618,1,22,0.022736073
7465169,56,72,1,25,0.003163576,1,25,0.018476725
1598701,94,104,1,154,0.024399042,0,100,1.921493053
7906149,66,45,0,34,0.004499197,0,8,0.092634439
5762847,112,57,1,65,0.007236004,1,65,0.813021421
1852328,118,34,1,110,0.012355328,0,95,0.354296684
6829521,79,123,1,58,0.011205196,1,51,0.158442259
9203071,64,111,1,34,0.005386114,0,14,0.07888484
4796602,115,107,1,49,0.010100126,0,19,0.25914073
379594,48,94,1,23,0.003014088,1,23,0.021098137
4229715,46,37,1,15,0.001751423,1,15,0.008203506
3702345,105,125,1,55,0.012430191,1,55,0.328143835
5979479,62,61,1,18,0.002278566,1,18,0.019049168
3302448,118,74,1,19,0.00295186,1,19,0.022402525
1617319,48,98,1,50,0.006735325,0,41,0.243040562
8825764,96,87,1,69,0.010085583,0,23,0.202278852
9941585,71,94,1,45,0.005788088,0,20,0.029888391
3802368,53,123,1,25,0.003055573,1,21,0.017343521
9646815,42,43,1,5,0.000540257,1,5,0.000736952
2217310,90,83,1,120,0.022720814,0,15,0.336505175
1834740,74,122,1,177,0.022944927,1,51,0.266753674
4052923,120,41,1,44,0.004467964,1,44,0.23313117
3104020,122,33,1,95,0.009963274,1,95,1.205769539
1308043,103,84,1,66,0.010710716,0,43,0.2429564
2565178,109,62,0,0,1.19E-06,0,0,0
666505,87,103,1,57,0.008621216,0,62,0.228440285
311501,42,71,1,61,0.007301569,0,26,0.369464636
1015741,91,80,1,77,0.010755062,0,24,0.772107124
4409105,82,43,1,12,0.001387835,1,12,0.002879858
5440840,108,35,1,53,0.005073547,1,53,0.401253939
2014441,113,91,1,20,0.003139496,1,20,0.010905743
3361380,60,54,1,17,0.002517223,1,13,0.003744841
8580075,120,71,1,61,0.008760929,0,41,0.556476831
4395835,100,95,1,23,0.005338669,1,23,0.026963949
5358362,55,112,1,14,0.002140284,1,13,0.006774187
3340108,111,32,1,16,0.001794577,1,16,0.012498617
9497330,42,122,1,64,0.006968737,1,47,0.082227945
8193044,77,112,1,144,0.019393206,0,1,0.048596859
9556222,84,122,1,116,0.023022175,0,9,0.063880682
5024110,96,121,1,71,0.013676882,1,71,0.24230361
120340,104,109,1,38,0.007558823,0,17,0.065510511
1631642,73,59,1,12,0.002066135,1,12,0.004711866
630322,44,96,0,70,0.008795738,1,67,0.765051842
8761388,79,68,1,39,0.006308317,1,39,0.100022554
7224737,60,81,1,18,0.002789021,1,18,0.015836477
6186280,113,120,1,59,0.015677691,0,37,0.408200026
4504306,33,84,1,44,0.004519224,1,40,0.041495085
7119490,116,119,0,0,1.19E-06,0,0,0
6979588,94,107,0,37,0.006811619,0,37,0.081564188
6839440,94,121,1,34,0.005158663,1,34,0.117455006
1348771,46,123,1,70,0.00820446,1,72,0.960189342
3190040,47,92,1,10,0.001226187,1,10,0.003374815
173598,85,122,1,150,0.026698828,0,3,0.267961025
8697941,82,83,1,142,0.026983976,0,7,0.153148174
4074417,75,92,1,40,0.007012367,0,27,0.087903738
9484398,118,69,1,36,0.00473547,1,36,0.075870275
3647473,83,93,1,112,0.017573357,0,3,0.04783988
5632064,61,55,0,0,0,0,0,7.15E-07
2876329,81,96,1,52,0.010088444,1,50,0.245730162
6254404,99,121,1,49,0.011323452,0,22,0.135507107
893281,113,101,1,31,0.007451296,1,31,0.023025751
6092815,108,105,1,55,0.009958029,1,53,0.156182051
9240404,101,38,1,55,0.006670952,0,39,0.317615747
4066467,100,111,1,46,0.008810759,0,28,0.064169407
2869846,48,99,1,38,0.005291224,1,38,0.083894014
1968253,54,52,1,3,0.00041604,1,3,0.000288963
6682253,54,71,1,21,0.002441406,1,21,0.014616251
5144843,59,62,1,114,0.014379025,0,35,0.079510927
650941,63,48,1,38,0.004696131,1,38,0.088431597
3109729,48,40,1,6,0.000781059,1,6,0.001205921
8850785,91,51,0,33,0.003853559,1,41,0.104607344
8364403,96,80,1,126,0.018385887,0,2,0.027274132
837060,96,53,1,61,0.008133173,1,60,0.289379358
6061120,86,121,1,61,0.012189865,1,64,0.612272739
4540614,90,41,1,14,0.001874208,1,14,0.010420084
1371500,83,96,1,26,0.004440069,1,26,0.037167549
5248451,110,98,1,104,0.021116018,0,2,0.011710167
4280502,62,96,1,44,0.005969048,1,44,0.114421368
2344163,125,123,1,276,0.062851906,0,24,0.504092693
5336431,64,90,1,67,0.009347439,0,30,0.397216797
1691596,34,109,1,62,0.006642103,0,10,0.042885303
5554125,53,112,1,61,0.008184433,0,33,0.122034311
4870040,114,108,1,23,0.006560326,1,15,0.008710146
7946506,128,52,1,30,0.003205776,0,14,0.070729494
2092679,100,51,1,43,0.005592346,0,14,0.090280533
8475157,72,122,1,103,0.015314817,1,70,0.373313904
4796378,39,65,1,34,0.003901243,1,34,0.039551973
1540280,124,113,1,46,0.011324167,1,46,0.124728918
451692,94,98,0,63,0.013103008,0,34,1.129141808
6343100,63,46,0,10,0.00122118,0,20,0.138499737
249533,51,63,1,12,0.001701355,1,12,0.005274296
2175669,106,82,1,57,0.008763075,1,54,0.128109932
5001609,90,84,1,41,0.008508205,0,4,0.0197227
5278452,127,42,1,111,0.012103558,1,109,0.370569229
4002249,86,90,1,111,0.021929502,0,6,0.032222271
8789659,40,39,1,45,0.004914999,0,10,0.042091846
9795933,101,126,0,62,0.013792276,0,43,0.285740614
710829,84,94,1,93,0.013850451,1,61,0.528882027
4926146,84,44,1,51,0.00585866,0,3,0.019440889
7396299,87,126,1,45,0.006503582,1,45,0.051836491
8109856,55,75,1,51,0.00737834,1,46,0.125573158
1114297,43,45,1,28,0.003647804,1,28,0.056589127
1985689,91,52,1,27,0.003938913,0,20,0.024267912
8455117,113,55,1,38,0.004929066,1,38,0.099390268
5963054,121,122,1,124,0.028402567,0,42,0.405205011
7867741,57,64,0,300,0.032689095,0,17,0.072316647
7651710,127,38,1,8,0.000952244,1,8,0.002449751
5351894,117,62,0,300,0.036910295,0,57,2.372119188
1991150,44,90,1,21,0.002350807,1,24,0.025280714
8869926,91,71,1,59,0.009637833,1,59,0.22588706
4608372,61,66,0,0,9.54E-07,0,0,0
8424606,50,83,1,45,0.006351233,0,12,0.034616947
7520334,99,49,1,26,0.003222466,1,25,0.025189161
504136,39,86,1,51,0.00501442,1,52,0.337222576
5124641,119,35,1,41,0.004262447,1,41,0.043336391
829080,117,105,0,63,0.016078472,0,2,0.019540071
2324667,69,99,1,128,0.018059015,1,32,0.065480709
6405731,53,46,1,19,0.001913309,1,19,0.018305779
2057211,80,120,1,45,0.008862019,1,45,0.258970022
5631640,63,111,1,44,0.006020069,1,35,0.062073946
3581943,105,95,1,30,0.004595757,0,3,0.006871223
5931485,101,126,0,72,0.014622688,1,75,0.710278749
9646929,85,82,1,25,0.003226519,1,25,0.033112049
7748679,63,124,1,97,0.013722658,0,59,2.334358931
820719,117,49,1,28,0.003374577,0,26,0.054733515
1853233,52,84,1,40,0.005784512,0,16,0.031594992
8079147,116,127,1,102,0.025803328,0,31,0.400306225
1026847,99,38,1,31,0.003237963,1,30,0.032535315
6957816,75,102,1,20,0.003348589,1,16,0.00607419
4722156,66,54,1,28,0.00352335,0,4,0.014275789
9014981,121,93,1,48,0.007998943,0,11,0.08319521
6765992,72,34,1,15,0.001664162,1,15,0.010260582
3504126,35,88,1,49,0.00560379,1,49,0.078319073
1225994,92,79,1,96,0.015694141,0,39,0.662405014
8354420,42,61,1,20,0.002398968,1,20,0.011388779
6889467,69,117,0,9,0.002202988,0,8,0.073625088
4816011,98,89,0,65,0.012465477,0,65,0.493335962
7066595,42,105,1,127,0.012481689,0,12,0.153661251
2757002,74,33,1,40,0.004017115,1,39,0.101218224
7699284,78,112,1,112,0.021246672,0,16,0.058086872
5766147,34,39,1,5,0.00054574,1,5,0.000629187
6754064,100,116,1,25,0.005194902,1,25,0.012724876
3149821,116,128,1,41,0.010250807,1,37,0.06529808
3773055,87,49,1,39,0.005002975,0,16,0.030689478
7227211,42,33,1,4,0.000472307,1,4,0.000548363
3935119,118,76,1,127,0.022391081,1,115,1.22521019
2018627,86,32,1,56,0.005874634,1,56,0.508366823
8886124,72,62,1,64,0.008684635,1,62,0.53655839
8205063,34,57,1,14,0.001582384,1,14,0.003849983
5424541,105,69,1,27,0.003586531,1,27,0.021165848
2713610,117,100,0,34,0.008243084,0,37,1.405442715
7066069,106,42,1,16,0.001871824,1,18,0.018549442
9478367,110,44,1,21,0.002541304,1,19,0.011142015
2711936,85,123,1,33,0.005792856,0,12,0.026463509
4322836,120,119,1,26,0.007047415,0,5,0.008455992
7840678,122,107,1,76,0.018897533,1,53,0.316558361
5491406,87,66,1,62,0.010195494,1,62,0.225663424
6453680,89,116,1,112,0.01646471,1,68,0.760353565
3972921,53,43,1,34,0.005061388,0,25,0.057944775
1828208,80,86,1,39,0.006089211,0,10,0.027574062
1247180,62,58,1,79,0.011023045,0,5,0.075938463
7056724,108,86,1,104,0.01427412,1,54,0.160699129
2663509,116,63,1,16,0.002144575,1,16,0.014811277
9851864,61,126,1,108,0.015983105,0,35,0.200838804
5976629,109,51,1,50,0.005170107,1,50,0.284811258
5471608,85,94,1,90,0.01427412,1,52,0.183273554
1864240,119,53,1,48,0.005629778,0,7,0.137863398
9336970,83,103,1,35,0.004554033,1,35,0.081734896
1945296,117,112,1,16,0.003618717,1,16,0.012529373
3227271,50,42,1,6,0.000655174,1,6,0.000838995
3289298,111,67,1,77,0.010335445,0,25,0.583618402
778022,105,44,0,53,0.006650448,0,53,0.151242971
5699135,54,106,1,26,0.003111601,1,26,0.037250519
6223410,70,33,1,43,0.004632711,1,18,0.006872892
3003629,45,78,1,31,0.004431725,1,31,0.053822756
8339528,73,94,1,70,0.011699677,0,12,0.183855295
7251341,100,37,1,9,0.001083374,1,9,0.002942801
4131635,93,80,1,49,0.008740425,0,18,0.039901257
2712603,38,84,1,12,0.001565933,0,11,0.003813982
8057569,77,113,1,11,0.001577139,1,11,0.003066778
5602052,74,35,0,16,0.029917002,1,21,0.035870314
3007747,69,68,0,14,0.002481699,0,15,0.024909258
8999550,69,60,1,15,0.002079248,1,15,0.009304047
3438528,124,79,1,13,0.002351046,1,13,0.005374432
9932279,72,67,1,61,0.009115458,1,41,0.144862175
890162,50,96,1,62,0.008362055,1,57,0.325365067
8762517,104,112,0,300,0.055019617,1,83,1.041013479
3001152,44,74,1,31,0.004499674,0,28,0.089472294
5994635,122,78,1,53,0.007816792,0,22,0.10688591
9426500,128,74,1,74,0.010221243,0,16,0.338959455
8403892,54,76,1,15,0.002162457,1,15,0.009722471
2819867,78,123,1,52,0.007669687,1,51,0.302215338
5813551,80,106,1,88,0.017352581,0,1,0.00261116
2625147,80,36,1,21,0.002367973,0,1,0.002110958
6739279,39,81,1,8,0.000901937,1,8,0.001868248
8795454,62,45,1,44,0.006069183,0,40,0.144225597
8903204,71,123,1,20,0.002496958,1,20,0.02095437
1836549,94,108,1,22,0.003454924,1,22,0.009838104
8487560,103,99,1,48,0.008132935,0,21,0.171495914
173369,56,111,1,18,0.00246501,1,17,0.012686253
1356865,59,38,1,93,0.010603666,1,36,0.065684795
9687471,90,108,0,300,0.056478024,0,5,0.016789913
7529417,74,92,1,65,0.011324883,1,65,0.641904831
5837239,100,64,1,3,0.000379086,1,3,0.000277758
1062622,123,36,1,112,0.013354778,1,55,0.415816545
8202244,97,51,1,19,0.002778053,0,11,0.011696339
9864624,35,42,1,11,0.001152992,1,11,0.004989386
8146513,118,107,1,40,0.006070375,1,40,0.027929544
4700172,53,37,1,30,0.003519058,1,30,0.0189147
358110,72,58,0,6,0.001051664,0,5,0.003476858
4432631,73,103,1,48,0.007973671,0,25,0.227758884
4020177,58,97,1,13,0.001793146,1,13,0.006207466
2240160,127,83,1,151,0.023697615,0,7,0.331192255
8507924,63,45,1,65,0.007950544,1,35,0.072177649
6785232,97,70,1,46,0.006911516,1,40,0.096049547
4645895,79,104,1,14,0.002091885,1,13,0.005696058
9009352,95,126,1,87,0.015070915,0,13,0.237858534
5010796,75,62,1,23,0.002792835,0,16,0.032752275
3324851,105,116,1,24,0.004329681,0,11,0.013123751
1207297,35,46,0,22,0.002412081,0,11,0.01811862
469324,67,53,1,27,0.003332853,1,27,0.019596577
7034816,82,54,1,41,0.005710125,1,42,0.065252066
6875028,63,91,1,34,0.005288363,1,40,0.103993654
7173665,99,36,1,5,0.000513077,1,5,0.000614882
5573312,102,61,1,73,0.008258104,1,76,0.790409088
2155586,107,106,1,69,0.014350414,0,19,0.084933996
2418651,85,100,1,25,0.004469633,1,21,0.019594193
2443387,62,115,1,11,0.001422882,1,11,0.002707005
5046710,58,47,1,46,0.005994797,1,31,0.068476915
1376338,80,99,1,203,0.034267902,0,44,0.33332324
5707142,52,56,1,47,0.007002354,0,4,0.013366699
3688912,45,114,1,48,0.00585103,1,48,0.286965132
1248107,102,42,1,25,0.002873659,1,21,0.018746853
1959760,36,109,1,26,0.003022671,1,26,0.034640551
7289277,94,115,1,140,0.029577732,0,36,0.773382664
9148405,60,116,1,76,0.009705067,1,76,0.601960659
2344361,95,74,1,44,0.006072521,1,42,0.068727016
3660846,75,82,1,20,0.003314018,1,20,0.023127556
5576484,84,92,1,97,0.01734972,0,36,0.267541409
4785228,102,59,1,17,0.002269983,1,17,0.015563488
5605380,108,100,1,191,0.039637089,0,4,0.09377408
2856813,42,40,1,33,0.004168034,0,3,0.020201445
8244269,32,118,1,46,0.00455451,1,42,0.106685877
7191071,54,49,0,16,0.002383471,0,15,0.01901269
8630415,65,52,1,55,0.007509947,0,2,0.014287233
1971550,87,105,1,161,0.025541544,0,2,0.104444027
3389747,49,99,1,77,0.009699583,1,61,0.099768877
8839734,64,50,1,41,0.005160332,1,32,0.052760363
9319278,117,48,1,75,0.008278608,0,48,0.244852304
2579892,45,120,1,76,0.009122849,1,76,0.393688679
3403697,77,84,1,61,0.009408951,0,11,0.031784296
9266460,120,97,1,28,0.006128073,0,15,0.058466911
7279143,104,121,0,42,0.007871628,0,12,0.021252394
7328569,126,42,1,16,0.001879215,1,16,0.006927013
6521958,63,109,1,30,0.004575014,1,30,0.031330585
6037905,33,36,1,15,0.001660585,1,15,0.009916306
9001062,114,127,0,23,0.006694078,0,20,0.031294107
4515867,40,60,1,28,0.003325939,0,12,0.020394325
1233608,113,44,1,29,0.003512621,1,24,0.016406059
3401364,73,125,1,44,0.007129192,1,42,0.170210361
8898266,52,76,1,22,0.002622128,1,22,0.018845081
3533929,96,68,1,25,0.003913403,1,25,0.04979372
4643026,100,40,1,15,0.001960754,1,15,0.008664131
468529,86,128,0,121,0.02118516,0,23,0.580824375
2186449,105,73,1,115,0.015582085,0,20,0.678529501
5033337,44,40,1,24,0.002545118,1,24,0.027550459
3914282,82,79,1,56,0.007966518,1,56,0.084189653
1346422,59,63,1,12,0.001918554,1,12,0.004390478
4813507,117,72,1,108,0.01581955,1,108,2.6690166
9563409,42,126,1,51,0.005703926,0,17,0.12297821
1668472,75,66,1,27,0.004822016,0,19,0.043647289
8293620,96,99,1,33,0.007398367,0,9,0.024033785
1484642,64,73,1,32,0.004181862,1,32,0.049739599
1889387,104,90,1,64,0.009979486,1,62,0.466964722
3897111,51,37,1,13,0.001741171,1,13,0.00634408
7648473,84,45,1,25,0.003359318,1,22,0.013993502
1047917,39,62,1,22,0.002807379,1,21,0.026972294
8543735,72,68,1,46,0.006674767,1,46,0.190108061
3761618,41,77,1,6,0.000602007,1,6,0.000833988
4492100,115,121,1,168,0.042461634,0,84,4.010728121
751820,35,33,1,19,0.002476931,1,11,0.004317522
9686792,71,87,1,44,0.00561142,1,46,0.189920902
4239288,102,122,0,116,0.02573514,0,1,0.007629633
6472511,78,59,1,21,0.002770901,1,21,0.015789509
7776718,80,81,1,60,0.00922823,0,45,0.238079071
6022577,116,61,1,4,0.000542164,1,4,0.000590563
2130682,57,126,1,26,0.003871679,1,22,0.018422365
9618035,125,108,1,121,0.022556782,1,77,0.598644257
4131033,92,104,0,3,0.000607729,0,2,0.056551218
2344881,60,70,1,62,0.008197069,1,40,0.133057356
4182048,59,55,1,9,0.001285315,1,9,0.002555847
9866366,61,65,1,41,0.00484848,1,41,0.11710763
2285731,126,124,1,78,0.016485214,0,27,0.11019516
8150384,88,63,1,17,0.002319098,1,17,0.017801762
8642865,94,49,1,47,0.005657673,1,47,0.242688179
9679952,115,83,1,75,0.012926579,1,69,0.8432827
6023431,42,41,1,27,0.003436804,1,25,0.031945467
7691126,101,91,1,33,0.005656481,1,31,0.066570997
300420,35,58,1,28,0.00283432,1,28,0.032553196
1806092,56,76,1,16,0.002462149,1,17,0.011588097
6263648,125,73,1,44,0.006412745,1,40,0.158234358
975168,72,38,1,8,0.001026869,1,8,0.002197027
6315155,73,55,1,64,0.009884357,0,29,0.222815514
2122264,83,71,1,61,0.009080172,1,56,0.315334558
7641966,72,85,1,41,0.005901337,1,38,0.053926945
2111335,103,44,1,32,0.003852367,1,24,0.041959286
4458961,60,79,1,20,0.002545357,0,6,0.00775218
4759290,126,56,1,61,0.007394552,0,3,0.010221958
3097509,93,63,1,75,0.011208296,0,40,0.636213303
2304392,32,53,0,21,0.00260067,0,21,0.041505814
1492371,90,71,1,25,0.003727674,1,27,0.039588928
2834214,78,87,1,61,0.008679628,0,28,0.171755791
9447333,96,119,1,56,0.011859417,1,52,0.33873105
1416632,96,59,1,3,0.000405073,1,3,0.000290155
6737795,93,109,1,24,0.003868103,1,24,0.04521656
510267,93,120,1,216,0.050285101,0,25,0.102203846
4614852,117,99,1,61,0.012537003,1,55,0.404292822
2143171,67,39,1,32,0.003476381,1,31,0.089935303
6191264,36,44,1,23,0.002515078,1,23,0.029222488
8951680,47,70,1,89,0.011659622,1,64,0.374951124
9306118,63,62,1,29,0.00360775,0,8,0.036105871
6160756,121,60,1,25,0.003594875,1,25,0.043356895
3422045,82,33,1,17,0.001763582,1,17,0.00872016
2929625,87,34,1,87,0.012457848,1,77,1.340844631
4573487,113,56,1,17,0.002528191,1,17,0.008924484
7408895,73,68,1,48,0.007946253,1,46,0.142154694
2535644,72,47,0,77,0.009451628,1,64,0.594122887
3213987,110,96,1,86,0.016710043,0,8,0.096232176
9465520,119,78,1,30,0.005713701,1,28,0.040975571
9297400,89,36,1,13,0.00136137,1,13,0.005761147
750395,115,110,1,47,0.0096035,0,23,0.17261672
7097279,67,102,1,41,0.005361319,1,41,0.046609402
2959841,112,92,1,81,0.015823603,1,81,0.577368498
3803181,105,121,1,116,0.026950598,0,99,1.620996237
7674724,128,107,1,54,0.012480259,1,50,0.196262836
5200282,87,53,1,51,0.006060839,1,47,0.131240368
3839207,118,47,1,45,0.005722284,1,45,0.18476963
7259789,76,104,1,21,0.003465176,0,9,0.010421991
82445,96,61,1,19,0.003362417,0,7,0.008858919
1256747,85,41,1,38,0.004856348,1,38,0.096951723
5407332,107,37,1,24,0.00254488,1,35,0.049019575
4765266,32,51,1,8,0.000922441,1,7,0.00150919
5256056,101,89,1,268,0.052128553,0,17,0.14492631
7696501,66,57,1,45,0.006571531,0,25,0.173457861
636935,55,88,1,63,0.008304119,0,36,0.453099728
7247354,71,114,1,53,0.008473396,1,53,0.176228285
5911081,100,72,1,70,0.011925459,0,9,0.087502718
3593173,106,111,1,9,0.002102375,1,3,0.000288963
1589165,50,83,1,26,0.003320217,0,3,0.012969494
5284744,96,39,1,27,0.003167629,1,24,0.023448467
422488,125,115,1,160,0.033260345,0,28,1.52297163
8019879,46,120,1,40,0.005068302,1,40,0.094073296
7315308,79,83,0,28,0.004102468,0,11,0.085587502
3576851,128,49,1,70,0.008143902,0,9,0.035611153
8060961,68,80,1,50,0.007618427,0,14,0.045859337
5221981,64,112,1,31,0.004828691,1,31,0.044965982
1145308,73,73,1,82,0.014046431,0,49,0.348512411
6047094,99,50,1,70,0.009139538,0,9,0.206770182
2241419,116,50,1,40,0.005141973,0,13,0.09373045
8040394,101,103,1,4,0.000701666,1,4,0.000519991
9262761,105,99,1,32,0.00739646,1,34,0.113083839
3701496,107,65,1,20,0.002503633,1,20,0.0191257
8167907,93,81,1,35,0.006672859,1,35,0.04681468
1514336,56,96,1,29,0.004199743,1,27,0.043140888
2392140,117,35,1,17,0.001686096,1,17,0.01175189
2176837,34,38,1,3,0.000356674,1,3,0.000290394
685886,128,128,1,13,0.003085375,1,13,0.005904913
8963355,103,55,1,27,0.003391266,1,27,0.035705328
1388120,107,32,1,3,0.00035882,1,3,0.000277996
4153304,118,59,1,105,0.011628866,0,19,0.530531883
9286322,68,94,1,136,0.020800591,0,1,0.030498743
9229238,106,84,1,129,0.024101734,0,6,0.094375134
2413291,125,49,1,51,0.006389618,1,51,0.304997444
2563926,85,59,1,23,0.003190994,1,23,0.036780119
3303938,71,43,1,31,0.003699541,1,31,0.088102818
6907269,35,81,1,83,0.00873518,1,77,0.200660229
2435203,108,82,1,35,0.005760431,1,33,0.032047749
365001,99,65,0,39,0.00535655,0,38,0.053399324
542008,68,53,1,12,0.00159955,1,12,0.004632235
4640674,41,40,1,26,0.003053904,0,15,0.016962051
5897270,65,36,1,16,0.00182724,1,16,0.013352394
9024602,72,52,1,44,0.006462812,0,19,0.066453934
8187804,121,42,1,38,0.004707336,0,6,0.014099836
816274,82,115,1,26,0.004668951,1,26,0.023564816
6614468,90,85,1,59,0.011423349,0,19,0.168596268
5090622,70,35,1,3,0.000355959,1,3,0.000283957
6529678,120,91,1,101,0.020492315,0,4,0.197587252
7957357,109,53,1,6,0.000640869,1,6,0.001212597
3556312,78,65,1,17,0.002031088,1,17,0.014132023
3218006,113,43,0,27,0.003465891,1,26,0.029349804
2532874,98,106,1,101,0.016610622,0,27,0.798957348
7190632,55,45,1,17,0.001962185,1,17,0.010750055
1682227,118,74,1,50,0.007602692,0,4,0.021528244
4880937,90,50,1,31,0.00382185,1,29,0.032388687
6588412,125,102,1,95,0.019777775,0,41,0.513539791
9262450,52,95,1,80,0.010619402,0,23,0.156062841
2396187,99,83,1,41,0.007112265,1,41,0.043735504
3934087,69,64,1,38,0.004896402,0,39,0.09341526
7636825,106,97,1,13,0.002577543,1,13,0.006825209
3917288,50,116,1,11,0.001285791,1,8,0.001335382
8422917,83,82,1,91,0.013283253,0,17,0.274337292
1915599,85,58,1,40,0.005096436,1,34,0.047418594
181564,67,60,1,55,0.008223772,0,15,0.049473763
9360155,50,95,1,35,0.005124092,1,34,0.072391987
7030425,127,123,1,70,0.017849922,1,59,0.535454035
6206612,42,87,1,23,0.002733469,1,23,0.01931262
6913272,80,93,0,294,0.038088799,0,31,0.746212482
1796936,102,44,1,45,0.005955935,0,39,0.141425371
2813277,84,43,0,300,0.034799099,0,14,0.318875551
5056879,111,117,1,97,0.027665138,1,73,0.629340887
5818952,36,58,1,12,0.001448154,1,12,0.00418663
9927845,119,81,1,58,0.010240078,0,9,0.119953156
9641168,68,111,1,42,0.005922794,0,9,0.106403112
400247,42,57,1,18,0.001926899,1,18,0.017066479
7558832,63,106,1,80,0.011607647,0,39,1.248214722
569259,93,110,1,78,0.01769042,0,41,0.660355568
6297921,107,60,1,136,0.020756483,0,31,0.391565561
6140518,54,66,1,61,0.008239269,0,5,0.099037886
1858637,107,42,1,81,0.008233786,1,77,0.251366138
7073061,65,61,1,18,0.002362013,1,12,0.004912853
9679335,47,127,1,33,0.004176617,1,31,0.06364584
3224324,78,42,1,32,0.004346371,0,2,0.011545658
9444277,115,106,0,17,0.004767895,0,3,0.004508972
5561704,58,76,1,15,0.002136707,1,15,0.012110472
7807900,104,107,1,32,0.007508278,0,20,0.043064594
9276638,128,122,1,66,0.019130707,0,2,0.012980938
5797747,112,115,1,24,0.00553298,1,24,0.025005817
7973650,123,53,1,17,0.002150059,1,17,0.015342474
1740534,94,49,1,39,0.004605293,1,38,0.096988201
8228769,62,117,1,34,0.00494051,1,34,0.052305698
2336879,119,117,1,164,0.043013573,0,57,0.829473495
2705918,125,39,1,30,0.003173828,1,30,0.044753551
7406299,87,60,1,54,0.007701159,0,42,0.407245636
2027946,101,85,1,35,0.005994797,1,39,0.108608484
3255717,82,38,1,40,0.004218102,1,40,0.148718357
249886,67,94,1,57,0.009303808,0,43,0.206765413
2493519,32,41,1,3,0.000352621,1,3,0.000310183
332274,117,46,1,79,0.009872675,1,49,0.228216648
3440094,73,124,1,70,0.010241032,1,76,1.059905767
2833759,76,127,1,41,0.005929947,1,41,0.126719713
4690066,44,47,1,27,0.003177404,1,27,0.026661873
9806778,94,52,1,26,0.003887415,1,25,0.031756163
8944750,58,67,1,17,0.002794266,0,1,0.001237869
5676837,77,74,1,44,0.006848335,1,44,0.034167767
3835573,107,33,1,77,0.007360458,1,77,0.120242119
9110098,123,99,1,234,0.046127319,0,13,0.193447113
9721285,73,69,1,54,0.008719444,1,47,0.143830299
1420371,42,61,1,103,0.01048708,1,55,0.334883928
1141820,52,122,0,38,0.005872011,0,1,0.002028704
9561523,53,99,1,24,0.003162146,1,24,0.045791388
8186319,69,47,1,32,0.003602505,1,32,0.040304899
9649481,72,37,1,21,0.002497673,0,10,0.014532089
6288794,40,80,1,93,0.011027813,1,69,0.996246815
7459385,106,70,1,30,0.003940821,1,30,0.058432102
8021816,83,122,1,64,0.011011362,1,63,0.574676991
9308926,40,44,1,14,0.002117634,1,14,0.006960869
9697978,73,119,1,22,0.003109694,1,22,0.024724722
8510724,107,110,0,76,0.014405727,0,25,0.336991787
5731194,98,61,1,24,0.003232956,1,24,0.015714407
9063135,127,38,1,187,0.017700911,1,65,0.167357922
2380628,113,68,1,55,0.006846666,1,55,0.386697054
1681539,47,81,1,22,0.002841711,1,18,0.014057875
3759672,125,37,1,61,0.006741047,1,59,0.515543699
2292467,49,102,1,64,0.008465052,1,62,0.155138016
7801382,75,66,1,25,0.003469944,1,25,0.044438601
7166200,41,48,1,6,0.000655174,1,6,0.001053572
4419543,69,95,1,36,0.006030321,1,36,0.082219124
4001921,106,38,1,43,0.005097628,1,43,0.222448587
6738547,60,45,1,88,0.012258768,0,1,0.001903772
8239643,85,101,1,82,0.016396046,0,66,0.321849346
7832728,88,124,1,96,0.014483452,0,1,0.044453859
3896663,36,100,0,0,0.000555038,1,8,0.001663446
4780478,92,52,1,44,0.0054214,0,37,0.160594463
6879544,77,125,1,25,0.003757477,1,25,0.019834518
8026939,127,68,1,63,0.009873152,0,5,0.086219311
962803,77,48,1,47,0.005105019,0,8,0.095613241
8940112,102,64,1,33,0.00573945,1,25,0.034885406
9359281,101,96,1,132,0.028349161,0,4,0.068154335
3307861,43,47,1,36,0.004175901,1,36,0.073706865
3326633,84,80,1,52,0.008879185,0,17,0.107563019
4310161,93,120,1,71,0.01198101,1,61,0.296643972
747793,58,64,1,49,0.005880833,1,47,0.235841751
2750270,100,33,1,23,0.002497673,1,23,0.020380259
182668,45,74,1,63,0.007036686,1,63,0.322780609
5032713,125,117,1,51,0.011238575,1,45,0.127899408
4166153,56,117,1,58,0.008193254,1,55,0.236949444
5974290,39,111,1,120,0.014270067,0,60,1.781586647
4157841,82,116,1,103,0.01950717,1,83,0.788289309
2659436,47,83,1,99,0.01180768,0,4,0.10668087
2731001,53,85,1,141,0.015306234,1,63,0.378926754
8490907,63,66,1,23,0.003360271,1,19,0.013517857
9999770,123,107,1,101,0.023397923,1,97,2.498672962
126270,74,114,1,153,0.025882959,1,99,1.233118773
3460445,120,103,1,84,0.016111851,0,16,0.306633234
6943835,113,74,1,56,0.008220434,0,18,0.238449574
9396217,42,103,1,27,0.003480911,1,26,0.039313555
889097,81,92,1,72,0.010882378,1,63,0.418061018
9426335,45,94,1,29,0.003262997,1,29,0.049841166
5754615,118,60,1,20,0.002185583,1,20,0.023856401
5071164,125,81,1,65,0.011534214,0,7,0.141667843
1030156,33,105,1,65,0.0069561,1,65,0.484824896
1293936,110,32,1,68,0.006496429,1,68,0.372776031
828622,75,51,1,51,0.007307291,0,37,0.149517059
1150139,90,41,1,14,0.001532555,1,14,0.006187201
7220173,58,108,1,21,0.003013849,1,21,0.020304203
577878,105,35,1,45,0.005081415,1,45,0.157704353
4587003,68,118,1,77,0.013077497,0,13,0.113072634
8429396,71,76,1,13,0.001754761,1,13,0.005265236
2050633,74,95,1,88,0.013825178,1,80,1.17824626
3176304,118,127,1,118,0.023851156,0,8,0.160925865
9883990,55,121,1,20,0.003074169,0,8,0.011462688
5659804,61,93,0,47,0.005808115,1,60,0.23408103
2609563,33,85,1,55,0.005267859,1,55,0.293096304
8374500,96,83,1,37,0.023257017,1,37,0.12177062
532684,60,79,1,40,0.005514622,1,40,0.134595156
1777312,125,113,1,81,0.017826557,0,19,0.335963726
944141,63,111,1,44,0.006244421,1,44,0.084573984
3143346,93,63,1,77,0.009311438,0,12,0.15213418
4568822,45,95,1,17,0.0020473,1,17,0.00936079
6429371,94,112,1,78,0.012894392,0,18,0.136659384
8135189,47,54,1,75,0.00935173,1,35,0.123426199
7937515,51,37,1,4,0.000459433,1,4,0.000544786
9892319,116,121,1,8,0.001852512,1,8,0.002207994
794006,111,78,1,25,0.004432201,1,25,0.02174139
4937023,124,60,1,74,0.008719206,0,15,0.067621231
7345435,126,38,1,35,0.003402948,1,35,0.096092463
1402537,84,74,1,88,0.016123533,0,11,0.059584618
5562365,81,39,1,58,0.006700754,1,54,0.366545916
639328,74,91,1,72,0.01079011,0,47,0.21246171
515445,57,77,1,75,0.011230707,1,49,0.161556721
7939376,52,47,1,7,0.000867128,1,5,0.000598669
4878560,79,49,0,50,0.005486012,0,50,0.357240677
6195872,42,34,0,28,0.00377965,0,15,0.028061152
362928,91,79,1,50,0.006890774,1,50,0.292413712
201662,122,70,1,56,0.007061243,1,56,0.352125883
9600260,64,118,1,31,0.005652428,1,32,0.059292316
6127441,51,89,1,45,0.005198717,1,43,0.153236628
4823150,38,39,1,3,0.000298023,1,3,0.000274658
1366787,51,125,1,36,0.004199743,0,10,0.026158094
258741,85,37,1,44,0.005087852,0,31,0.118397951
9188853,83,92,1,42,0.005771637,0,4,0.011590958
5929391,120,104,1,126,0.031398773,1,31,0.05167222
6401029,34,80,1,40,0.004052877,1,32,0.095044613
4505488,92,112,0,30,0.005168438,0,29,0.01876545
3088662,93,73,1,38,0.005494118,0,9,0.054085493
5866424,63,80,1,79,0.00983429,1,77,0.83664465
6083509,55,87,0,45,0.005970955,0,32,0.119283915
1103047,42,45,1,58,0.00658989,0,14,0.052668095
8715659,46,62,1,8,0.001112223,1,8,0.002279282
1964180,81,105,1,68,0.011968851,0,13,0.273158312
8854040,119,114,1,110,0.022092819,0,21,0.157972336
6662044,111,118,0,0,0,0,0,9.54E-07
3535177,72,45,1,2,0.000258923,1,2,0.000159025
9958611,88,103,1,70,0.012710094,0,1,0.017132044
9857899,55,32,1,27,0.002982855,1,25,0.023764133
3929286,126,67,0,300,0.037564278,0,69,1.208091974
3980051,49,91,1,21,0.002985477,1,21,0.016275406
2055628,75,120,1,21,0.003844023,1,19,0.007368088
4906832,113,59,1,149,0.019441843,1,89,1.018887043
5053782,44,40,1,27,0.002963781,1,33,0.0725317
2622091,109,128,1,140,0.025245905,0,8,0.18863225
8091615,99,37,1,27,0.003376722,1,28,0.023471594
1020920,95,37,1,76,0.008112907,1,74,0.870621204
2258857,79,46,1,61,0.006998301,1,53,0.314640999
3892027,80,85,1,33,0.005849123,0,6,0.010294676
126638,118,127,1,4,0.001220465,1,4,0.000424385
2448359,79,105,1,33,0.005434036,1,27,0.017967701
5681292,97,55,1,26,0.003398657,1,25,0.040391445
1104559,108,102,1,57,0.00936842,1,55,0.393784285
5680365,47,48,0,26,0.003086567,0,5,0.039808035
6301484,62,127,1,7,0.001029015,1,7,0.001684666
4354577,96,88,1,45,0.007517576,1,45,0.123287678
4576630,66,76,1,26,0.004847527,1,20,0.017660856
1538739,54,85,1,30,0.004392862,1,30,0.033477783
8236056,39,108,1,22,0.00232625,1,22,0.029604197
9075639,42,97,1,86,0.010942459,1,66,0.695061445
7554942,79,83,1,60,0.009759903,1,46,0.125911951
2735398,85,40,1,24,0.002901793,1,24,0.018879414
5177834,32,106,1,14,0.001405478,1,14,0.006544352
1745375,65,105,1,29,0.004557133,1,21,0.014041185
2664058,105,88,0,47,0.008865833,0,69,1.469410181
2920126,128,63,0,300,0.034609795,0,45,2.350514889
6443215,65,38,1,14,0.00205636,1,15,0.008912563
2807489,75,37,1,28,0.003484726,1,28,0.073147774
8328517,36,39,1,52,0.005741835,1,27,0.032053232
99690,80,59,1,84,0.01054883,1,55,0.35428834
577843,74,117,1,120,0.018657923,1,44,0.126390696
8948262,59,42,1,42,0.005724907,1,30,0.050038576
6885612,77,39,1,30,0.003104687,0,7,0.006146669
5595142,72,33,1,52,0.006057739,0,36,0.057045221
8692956,119,67,1,126,0.015820026,0,28,1.233667135
5388326,123,90,1,12,0.002217054,1,12,0.005501032
6856416,86,40,1,23,0.00268054,1,23,0.039959431
5498799,62,74,1,134,0.019514799,0,17,0.151798725
1398773,113,60,1,52,0.00681138,0,29,0.302118301
6664685,79,68,0,23,0.003169298,0,20,0.032746315
4796119,95,116,1,105,0.021673679,0,27,0.193671942
4166514,98,51,1,101,0.011081219,0,12,0.165107012
4614964,111,64,0,45,0.006537437,0,23,0.296685696
2317799,86,50,1,12,0.00164175,1,13,0.005170345
8663149,34,112,1,21,0.002073765,1,21,0.014927387
2521483,98,43,1,18,0.002228498,1,18,0.016578913
3361311,95,46,1,37,0.00403285,1,37,0.038399696
5227870,124,112,1,10,0.002712727,1,10,0.003084421
5142973,112,81,1,51,0.0087111,0,23,0.331079245
8060550,110,50,1,16,0.002195835,1,12,0.005345583
1848613,117,37,1,36,0.003978491,1,36,0.067190886
6823212,118,108,1,97,0.023932457,0,52,0.749005079
8252156,104,64,1,44,0.007122993,0,12,0.03697443
8493804,39,104,1,5,0.000500202,1,5,0.000809908
4367347,101,52,1,56,0.007426739,1,58,0.234716892
2354077,55,46,1,18,0.002775908,1,18,0.008314133
1507248,91,111,1,43,0.007614851,0,5,0.026780367
934986,113,64,0,99,0.01402235,1,85,0.885472536
1780564,114,124,1,249,0.060450792,0,20,0.487910748
442595,46,106,1,10,0.001038074,1,10,0.00242877
427332,90,63,0,92,0.034165621,1,43,0.193662643
1619894,48,37,1,16,0.001889467,1,13,0.006879568
4050450,71,95,1,33,0.004772186,1,33,0.05814147
7262854,72,66,1,31,0.004867792,1,27,0.046678066
8652372,85,97,1,20,0.004036665,1,20,0.015876293
1263955,80,45,1,216,0.022316456,1,57,0.45058465
7561441,116,114,1,19,0.005391359,1,19,0.021220446
6610137,46,121,1,34,0.003768206,1,34,0.100275755
1949896,81,33,1,19,0.002306223,1,17,0.007862091
8450193,93,88,1,43,0.008442402,1,43,0.218440533
4747300,85,61,1,194,0.028335571,0,11,0.191339254
1403254,117,36,1,18,0.002436876,0,10,0.010196209
2661971,90,57,1,70,0.008368731,0,17,0.158983707
5351041,112,84,0,66,0.009591579,1,62,0.387039423
8550823,100,83,1,58,0.007651567,1,59,0.443915844
5847353,93,35,1,23,0.002512693,1,18,0.017562628
3347734,108,118,1,136,0.032478333,0,60,1.409773588
3825206,48,113,1,14,0.00186038,1,14,0.00933814
891607,128,107,1,27,0.005199432,0,7,0.031858206
2415083,42,120,1,25,0.002894402,0,5,0.019191027
5718242,124,94,1,21,0.004213095,1,21,0.009209633
3292300,33,111,1,19,0.001959324,1,19,0.013804913
9777725,45,120,1,269,0.026135445,1,23,0.033615589
9508752,52,74,1,25,0.003666639,0,7,0.024761438
8778866,70,127,1,47,0.006350279,1,42,0.040243626
7146270,84,75,1,76,0.011921406,0,37,0.286137104
1139127,106,103,1,31,0.005869627,1,25,0.024336576
7126020,49,127,0,11,0.0020473,0,5,0.381303072
578753,123,40,1,4,0.000484943,1,4,0.000611782
964140,91,97,1,95,0.013399124,1,59,0.494603395
3848625,38,75,1,26,0.003244638,1,26,0.031248808
4455889,64,115,1,50,0.00765729,0,46,0.299362421
8230044,69,59,1,33,0.004465342,1,38,0.107817173
4526770,112,97,1,99,0.023397446,0,15,0.045601845
6246019,109,104,1,84,0.020591259,0,17,0.091499329
1540577,75,47,1,22,0.002352476,1,22,0.010043144
8959310,110,44,1,17,0.001953363,1,17,0.009607553
3936284,89,83,1,48,0.00718236,0,29,0.114312172
3799216,42,106,1,93,0.011848927,0,66,1.696993113
9995906,34,49,1,17,0.001939774,1,17,0.012694597
8312611,107,34,1,21,0.002211571,1,21,0.010573626
7156304,76,79,1,52,0.007420063,1,36,0.058390141
2561549,112,122,1,72,0.015413523,0,6,0.061467171
6501817,84,113,0,300,0.042289495,0,93,2.078673601
5862028,104,98,1,72,0.012417316,0,3,0.064129114
2278982,56,106,1,103,0.013155937,1,73,0.922615528
6413720,52,70,1,30,0.004148245,1,28,0.039835453
9086143,48,67,1,35,0.00434351,0,4,0.028293133
2979956,43,76,1,213,0.02104044,1,26,0.032719612
2873965,83,62,1,32,0.004161596,1,29,0.038684845
4325338,84,39,1,77,0.008212328,1,53,0.113442183
5107516,119,124,1,46,0.009826899,0,8,0.02824378
4326044,128,93,0,78,0.014029741,0,4,0.020599127
4702053,49,128,1,32,0.003644943,1,32,0.05635047
5127286,63,90,1,29,0.003620386,1,29,0.077654123
6584160,39,87,1,87,0.011248827,1,81,0.430246592
1423000,60,118,1,48,0.006254673,1,30,0.081232071
6082092,120,85,1,6,0.000905991,1,6,0.001158476
959710,55,72,1,34,0.004087448,1,34,0.112821579
8669476,116,88,1,21,0.003761768,1,21,0.020241499
7583231,102,123,1,136,0.030559063,0,9,0.226271868
4348052,45,91,1,39,0.004437685,0,4,0.019512892
2173060,87,83,1,59,0.01033783,0,10,0.059694052
3334036,87,87,1,159,0.030754328,1,45,0.162268162
9865053,100,67,0,0,0,0,0,0
81856,44,120,1,51,0.005650759,0,20,0.074291945
6260641,109,125,1,42,0.008981943,0,3,0.013671398
638297,55,76,1,46,0.006270647,1,30,0.050172567
2818657,103,117,0,300,0.046198606,0,27,0.411992073
4944750,41,126,0,19,0.00236249,0,13,0.111026049
3339985,71,126,1,65,0.009059668,1,55,0.377783298
5906463,78,113,1,60,0.008071661,1,58,0.507797956
9311801,57,128,1,39,0.005343437,0,5,0.042335033
6635741,49,45,1,34,0.004862785,0,12,0.040239096
4231036,39,126,1,58,0.006281853,0,44,0.301954269
3142676,112,103,1,259,0.059417009,0,24,1.048470259
7196378,117,80,1,99,0.014316559,1,89,1.237831593
2176696,79,102,1,20,0.002775669,1,20,0.022713423
9423368,110,116,1,239,0.043391228,0,28,0.435267925
2704819,58,96,1,66,0.007877827,1,71,0.646983147
2500549,32,68,1,61,0.006164312,0,7,0.109429121
1309350,38,40,1,30,0.003796816,1,19,0.009181976
1061844,77,40,1,32,0.003656626,0,16,0.088615894
2605431,59,42,0,2,0.000279427,0,1,0.000519037
9163606,95,35,0,22,0.002587557,0,2,0.004181147
6721671,102,56,1,20,0.002490044,1,20,0.017593384
8054368,99,94,1,92,0.015906096,0,14,0.090686321
5546645,77,116,1,67,0.010398865,0,25,0.205430031
759823,115,107,1,24,0.006831884,0,17,0.023630381
3608084,58,107,1,74,0.011719465,0,39,0.4420259
197837,95,94,1,111,0.017345905,0,10,0.606802464
4315876,74,113,1,25,0.004572868,1,23,0.025411367
477796,54,107,1,13,0.001625776,1,13,0.006101131
7996660,44,92,1,26,0.002993584,0,18,0.012090206
2325704,33,46,1,6,0.000776768,1,6,0.001078129
6774165,95,109,1,71,0.014498949,0,3,0.0474298
5542049,34,49,1,28,0.002699852,1,24,0.025625467
6944514,51,65,1,55,0.006886721,1,33,0.079602957
2683224,97,73,1,4,0.000638962,1,4,0.000435829
874955,34,108,1,40,0.004402161,1,40,0.149963856
3549923,57,109,1,42,0.004958868,1,42,0.161684275
1209883,59,65,1,33,0.00502634,1,31,0.029354334
693180,84,71,0,46,0.036712646,0,22,0.186157942
7648688,128,77,1,142,0.022918224,0,70,1.351976871
143518,50,127,1,31,0.004299164,0,24,0.04100585
1833809,108,126,1,87,0.015907049,0,36,0.369930029
5975820,84,111,1,33,0.005024433,0,19,0.045502186
7692456,67,33,1,75,0.008520842,1,53,0.354685307
2158251,56,47,1,22,0.002979994,1,22,0.028269291
5721949,38,99,1,13,0.001365662,1,13,0.005630016
7873973,113,107,1,72,0.015279293,1,75,0.510837317
7365822,105,101,1,125,0.025057554,0,44,0.34655261
1037865,89,47,1,50,0.005664825,1,50,0.230641365
8808099,92,68,1,61,0.008888721,0,23,0.1902318
2861158,62,60,1,25,0.003544807,0,7,0.018668175
5569221,108,87,1,42,0.008767843,0,26,0.068606377
1949213,46,104,1,28,0.003446817,1,28,0.028915882
8737646,92,70,1,12,0.001600981,1,12,0.006522655
5673508,104,89,1,42,0.006742001,0,33,0.169686556
7050181,123,35,1,119,0.014387608,1,111,1.89508152
9724402,38,93,1,17,0.002061129,1,17,0.015590668
9114951,110,109,1,48,0.010118961,0,16,0.13885498
225953,124,98,1,110,0.022337914,0,4,0.061761141
4372695,73,38,1,39,0.003998518,1,39,0.077552557
864226,39,56,1,13,0.001784086,1,13,0.007843494
78806,112,50,1,50,0.006274939,1,57,0.279193401
548265,84,60,1,49,0.006729364,1,49,0.224565268
7617983,60,79,1,63,0.008583069,0,3,0.022314787
2454186,112,94,1,58,0.012238264,0,5,0.070387125
3949926,91,79,1,18,0.002823591,1,18,0.010281563
6630571,73,44,1,27,0.003427982,1,27,0.03408742
2139211,32,102,1,1,0.000103235,1,1,6.10E-05
3766973,110,65,1,77,0.010354042,1,53,0.152493
1135946,65,61,1,16,0.002501011,1,16,0.014742613
8067146,52,105,1,40,0.00458312,1,40,0.111133814
9409652,37,52,1,6,0.000782251,1,6,0.001118898
2776920,87,71,1,56,0.009739876,1,57,0.319239378
2390436,114,128,1,26,0.007826328,1,18,0.012366056
6212169,63,37,1,4,0.00047493,1,4,0.000436068
50503,88,33,1,22,0.002434015,1,22,0.022343636
3833433,101,68,1,45,0.00604558,0,11,0.04628396
8179153,74,51,1,19,0.002701044,1,19,0.015682936
5062828,108,64,1,37,0.004348516,1,37,0.043878794
2894699,123,119,1,159,0.043352365,0,53,1.5361166
7689610,49,35,1,10,0.001202822,1,10,0.003655195
7107197,33,116,1,28,0.0031569,1,28,0.065897942
4153156,58,49,1,51,0.006525517,0,34,0.128729343
3811809,117,72,1,42,0.005260468,1,42,0.122686863
8034694,66,74,1,53,0.007075071,0,31,0.206218958
3455707,42,109,1,19,0.002378225,1,19,0.018164873
5541951,41,78,1,20,0.002503395,1,20,0.019162416
4792625,100,95,1,14,0.002602816,1,14,0.003797531
5519446,105,38,1,12,0.001260757,1,8,0.00193429
621301,51,76,1,7,0.000864506,1,7,0.001358032
3861913,103,59,1,30,0.003965139,1,30,0.083382607
5060945,47,113,1,14,0.001492262,1,14,0.007981777
7710434,119,124,1,140,0.02906251,0,38,0.882010937
3004004,46,46,1,4,0.000517845,1,4,0.000512838
8753220,111,38,0,22,0.002725601,1,24,0.023264408
7525034,37,68,1,49,0.005947351,0,20,0.065338135
599730,74,95,1,64,0.01082468,0,25,0.121529818
7732858,78,127,1,8,0.001144648,1,8,0.002184868
1266385,113,80,1,5,0.000904799,1,5,0.000771046
2273250,42,116,1,106,0.011823654,1,96,0.665516376
8256780,84,39,1,55,0.006032944,1,55,0.343930006
2521784,82,47,1,33,0.00387454,1,25,0.019519567
1306634,84,46,1,50,0.005573511,1,50,0.167731047
2076052,105,75,1,47,0.007887125,1,39,0.115326166
2125064,59,107,1,36,0.005192518,0,8,0.020835876
4592094,116,95,1,35,0.006552935,1,35,0.075526714
4840908,86,52,1,34,0.004977703,1,33,0.081249237
3127470,117,67,1,56,0.008738995,0,27,0.291826248
9727350,68,78,1,64,0.01027894,0,5,0.116306543
7161188,116,111,1,125,0.025922537,0,74,0.784989119
4921566,67,71,1,4,0.000968218,1,5,0.000818253
9793174,108,59,1,36,0.005127907,0,9,0.029213428
2984223,72,70,1,36,0.005574226,1,36,0.035291672
8704445,111,121,1,63,0.012629032,1,37,0.101497173
9605951,112,59,1,28,0.003768206,1,28,0.033710957
1852617,90,54,1,32,0.005365133,0,18,0.032415152
2220449,119,128,0,3,0.000902176,0,1,0.010650873
8248142,117,117,1,75,0.017842531,0,62,0.382753372
7491556,104,60,1,59,0.006869793,1,59,0.610596657
1091438,71,37,1,20,0.002271175,1,18,0.014587879
942308,40,38,1,23,0.002594471,1,23,0.038425207
4788410,65,37,1,27,0.003053665,1,29,0.065518379
8127226,94,114,0,0,0,0,0,0
3263663,45,100,1,31,0.003593683,1,31,0.06449604
8726957,49,36,1,44,0.004696131,1,44,0.165903091
9638219,94,84,1,69,0.012140751,0,32,0.177489042
5243415,91,114,0,0,0,0,0,1.19E-06
267232,107,40,1,31,0.003626347,1,31,0.054794788
2055778,53,39,1,16,0.002027512,0,12,0.003589392
5606541,63,46,1,57,0.007917166,1,41,0.189350843
8115002,102,85,1,20,0.003678799,1,20,0.018500805
2549041,71,92,1,57,0.00682354,1,49,0.274881601
5001384,90,73,1,22,0.003384352,1,22,0.020117521
6369097,123,49,1,7,0.000734091,1,7,0.001482964
7620587,76,106,1,20,0.003035545,1,20,0.024330139
727989,84,39,1,34,0.003848791,1,34,0.064225435
1801919,84,113,1,21,0.003323078,1,21,0.012578726
8182264,98,100,1,14,0.002172232,1,14,0.004992485
4241914,54,106,1,16,0.002291679,1,16,0.013826609
6161118,82,34,1,54,0.005333662,1,53,0.332244873
1083082,128,119,1,188,0.049370766,0,43,0.97552681
9817678,46,93,1,37,0.00410533,1,34,0.039447546
7745694,60,85,1,132,0.015610933,1,70,1.038916588
78429,120,63,1,54,0.007580996,0,20,0.159090996
6867065,124,112,1,108,0.028860569,0,22,0.421920776
8961302,42,101,1,49,0.006304502,0,20,0.109978199
5493338,34,119,0,4,0.000558615,1,31,0.040605545
2303263,92,71,1,41,0.005983353,1,41,0.117921114
3940421,78,45,1,19,0.002237558,1,19,0.015282631
6367025,83,123,0,179,0.03477788,0,19,0.496205091
2840787,117,116,1,115,0.026699543,0,12,0.06623888
3857149,43,74,1,27,0.003400564,1,27,0.062067509
8207592,79,87,1,48,0.007169485,0,17,0.092324734
1455884,66,103,1,19,0.003296375,0,7,0.004981279
6637521,42,84,1,30,0.003082991,1,30,0.043933868
970991,90,114,1,76,0.016797066,0,15,0.076252699
9673404,36,127,1,15,0.00152874,1,15,0.006879807
8437724,111,118,0,50,0.011926413,0,10,0.105990887
3006275,42,33,1,36,0.004648447,1,34,0.033027172
9891100,74,128,1,51,0.006508112,0,32,0.08249259
3463996,45,83,1,30,0.003629446,1,32,0.040954351
3782300,100,90,1,29,0.006707668,0,8,0.011130095
4061816,41,50,1,11,0.0011549,1,11,0.003540277
7696698,91,101,1,34,0.005208731,0,11,0.037717342
3904124,70,65,1,37,0.005381823,0,21,0.084163189
5776208,88,48,1,108,0.011752844,0,75,0.828082323
2086929,98,128,1,123,0.022959709,0,19,0.162225723
8011145,88,40,1,59,0.006300926,1,59,0.51520443
6257755,96,62,1,53,0.006444454,1,56,0.294828415
1080054,77,70,1,48,0.008059502,0,4,0.010030746
3830848,102,63,1,61,0.009819746,0,4,0.034019232
7822833,53,65,1,7,0.000765324,1,7,0.001283169
7346517,126,127,1,68,0.020010233,1,58,0.41418004
1672142,118,34,1,38,0.004086733,1,36,0.067916632
6764502,118,62,1,38,0.006121397,1,38,0.114860058
4296068,52,128,1,30,0.004072666,1,30,0.036693811
4342639,101,47,1,109,0.011615276,0,2,0.03858304
6317762,107,66,0,0,0,0,0,9.54E-07
3236788,84,35,1,36,0.003521442,1,36,0.100939035
7581598,122,49,1,65,0.00690794,1,65,0.410498619
7298467,127,71,1,16,0.002243996,1,16,0.007702112
8199404,62,124,1,95,0.012904882,0,6,0.241078377
775109,54,60,1,20,0.002698421,1,20,0.026156902
9033503,93,69,1,21,0.00293088,0,7,0.01173234
7246077,102,36,1,21,0.002575397,1,21,0.015136719
1844150,72,97,1,66,0.011199951,0,50,0.158102989
8311681,68,43,1,7,0.000821114,1,7,0.001419544
3804787,120,75,1,112,0.016502857,0,21,1.753820896
6887259,74,35,1,7,0.000705719,1,7,0.001489878
7449485,100,51,1,12,0.001796961,1,12,0.003931522
5111358,88,43,1,34,0.003781319,1,34,0.115769625
658343,36,62,0,42,0.005413532,1,38,0.089070797
3334921,120,124,0,108,0.030029297,0,9,0.271849871
3424332,89,95,1,8,0.001701832,1,8,0.002284288
586116,114,58,1,61,0.009067774,1,42,0.172213793
9513371,35,67,1,7,0.000806808,1,7,0.001266241
1636989,95,106,1,127,0.026632786,0,18,0.310286283
7107583,64,47,0,0,0,0,0,0
2648940,63,76,1,30,0.00497961,0,26,0.078511477
8399660,64,123,1,102,0.0142591,0,32,1.160271883
3796532,49,112,1,37,0.005293131,0,3,0.008257866
9097630,65,82,1,43,0.005045176,1,43,0.240855694
6787807,49,71,1,40,0.005236149,0,8,0.037397623
7236632,55,55,1,35,0.004588604,1,33,0.077325821
8476341,86,91,1,30,0.00667119,1,20,0.020443439
4680890,73,70,1,30,0.003697157,1,30,0.037080526
8537407,75,100,0,27,0.032311678,0,5,0.046803474
3174960,85,73,1,29,0.004937649,0,20,0.036080599
242882,44,98,1,28,0.003344297,1,28,0.034834146
1619655,67,44,1,40,0.005256176,1,40,0.100476503
217235,62,103,1,86,0.011597395,0,51,0.716580629
7967464,91,58,1,17,0.002110481,1,17,0.011541367
5845500,40,64,1,41,0.005134583,0,10,0.036362171
2254117,81,84,0,135,0.027139425,0,21,0.70892477
1563194,53,54,1,22,0.003151894,1,22,0.01653266
6386401,102,123,1,235,0.038811207,0,15,0.050949574
6464249,69,32,1,13,0.001488209,1,13,0.003386259
259193,95,121,1,149,0.026805639,0,49,0.695006847
3306431,94,49,1,48,0.00543189,1,38,0.08212924
1400788,88,121,1,141,0.022358179,0,1,0.027476072
2414310,48,128,1,40,0.005516768,1,32,0.044768333
8823382,53,46,1,13,0.001870632,1,13,0.005708694
9296092,78,86,1,151,0.027094364,0,22,0.167141438
6866249,81,32,1,35,0.004092455,1,23,0.026860476
985998,109,123,0,0,1.19E-06,0,0,0
2916265,86,72,1,40,0.00584054,1,27,0.029405117
6182252,35,120,1,11,0.001356363,1,11,0.004750013
9125250,102,57,1,12,0.001743555,1,12,0.006202221
3680085,54,64,1,26,0.003362179,1,26,0.03626895
9313220,65,40,1,2,0.000225067,1,2,0.000185013
9440619,115,84,1,9,0.001409531,1,9,0.002547264
9857503,55,114,1,33,0.004048824,1,33,0.052280188
4926775,59,115,1,5,0.000813246,1,2,0.000154972
3914281,110,123,1,102,0.017955542,0,11,0.446038008
788370,91,89,1,59,0.010224342,0,32,0.243184328
7034163,80,33,1,44,0.005042076,0,27,0.107899904
1777481,106,54,1,51,0.006519556,1,51,0.333645582
5719061,76,53,1,81,0.01103425,0,38,0.344111443
9361111,125,58,0,35,0.00470376,0,22,0.272665739
8105742,76,48,1,22,0.002738953,0,10,0.013013601
4421277,85,121,1,49,0.007967234,0,27,0.184578419
5829452,110,77,1,156,0.027638435,1,70,0.606180668
1342825,52,118,1,62,0.007400274,1,62,0.296792746
2152515,75,105,1,9,0.001466751,1,9,0.003251553
3992689,64,77,1,7,0.001003504,1,7,0.001276016
6745228,87,125,1,10,0.002118111,1,10,0.003309011
8070937,116,63,1,47,0.006350756,1,47,0.068622589
2080683,99,68,1,26,0.003638983,1,26,0.018400669
5404343,56,108,1,49,0.007136822,0,49,0.336079836
1437732,56,107,1,78,0.011095524,0,41,0.610680819
6509290,105,96,1,23,0.004493713,1,23,0.029961348
4469831,106,57,1,74,0.010713339,1,74,0.414283037
7317229,32,97,0,45,0.004683018,1,53,0.167283773
6004022,104,35,1,55,0.005880594,1,55,0.122736454
3493863,112,85,1,110,0.016791105,0,26,0.233378649
3712693,77,43,1,25,0.003018618,1,25,0.019464254
228802,52,54,1,26,0.003130913,1,26,0.027723312
6867696,96,102,1,96,0.01632762,1,96,1.105055332
7543249,72,76,1,5,0.001021862,1,5,0.000769138
6433578,106,39,1,86,0.008934021,0,14,0.221690416
3813922,121,77,1,119,0.018580675,0,11,0.094244003
6578632,65,76,1,39,0.005748987,0,11,0.110600471
2017858,69,123,1,43,0.00599575,0,35,0.15072608
1068224,82,41,1,32,0.004300356,1,32,0.072926521
6093542,111,68,1,126,0.018974543,0,13,0.066055298
1260155,85,99,0,102,0.021415949,0,46,0.964511156
4591281,66,74,1,23,0.003047943,1,23,0.026053905
780640,84,91,1,33,0.005441189,1,33,0.093440533
567828,88,45,1,66,0.008452892,0,2,0.014477968
3324035,53,33,1,18,0.002394199,1,18,0.013974667
8561083,72,83,1,53,0.009152651,1,48,0.19430232
6584701,82,48,1,29,0.003836155,0,13,0.036329746
3313504,124,83,1,112,0.015709162,0,57,0.996017694
473888,85,102,1,27,0.004141331,1,27,0.017271996
1648483,77,97,1,29,0.004225254,1,27,0.029320955
4592294,58,64,1,57,0.008986235,1,51,0.180514097
9155117,91,110,1,39,0.007788181,1,15,0.011411905
6672267,70,40,1,26,0.003087044,1,26,0.048070908
2468224,32,63,1,13,0.00133872,1,14,0.008258104
1764899,35,99,1,31,0.003519058,0,12,0.038841724
6505089,49,84,0,5,0.000604868,1,7,0.001548529
7008400,78,63,1,34,0.00497508,0,11,0.024471045
5638669,86,102,1,187,0.036346674,0,63,1.312160492
7420085,36,68,1,21,0.002366304,1,21,0.015510082
9642546,44,33,1,13,0.001267672,1,13,0.005378723
6304119,118,69,1,100,0.016640663,0,27,1.896052599
7475442,74,98,1,88,0.013334513,1,45,0.189194441
5927926,40,37,1,33,0.003847837,1,31,0.089415073
1457900,34,117,1,94,0.009122372,1,94,0.581119537
6656373,99,62,1,97,0.014713526,0,48,0.228134871
4672748,86,90,1,49,0.007641792,1,41,0.077473879
2073099,82,90,0,34,0.006085873,1,25,0.031508207
2385942,94,109,1,89,0.018270731,0,12,0.137942314
4977786,100,116,1,33,0.006860733,1,29,0.055020809
8013269,93,47,1,13,0.0014956,1,13,0.00682807
1117086,64,68,0,26,0.003365755,1,41,0.080094814
4061884,41,106,1,15,0.001739025,0,11,0.007118464
1131096,114,106,1,36,0.009492397,1,35,0.072250605
5291982,119,123,1,43,0.011603594,1,39,0.107131958
2768425,102,47,1,18,0.001993418,1,19,0.017787933
7775951,105,73,1,27,0.004558086,0,16,0.026066542
2838163,43,47,1,77,0.009835005,0,7,0.010136604
5629592,43,45,1,10,0.001437187,1,7,0.001370907
5723161,65,85,1,57,0.00728488,0,16,0.221814632
929435,98,96,1,42,0.006561518,1,40,0.160832167
2649427,50,77,1,16,0.002034426,1,16,0.012318373
2623936,101,37,1,45,0.005663157,0,36,0.166522264
4184953,123,87,1,101,0.020166397,0,60,0.261870146
1089969,128,38,1,139,0.016592026,0,9,0.221125126
8279973,126,54,1,15,0.001912594,1,15,0.010596037
9512975,90,91,1,33,0.006815434,1,34,0.063088179
3520923,80,65,1,38,0.005657434,0,23,0.143559933
9344652,81,83,1,161,0.02922225,0,4,0.139610052
8829721,47,87,1,40,0.00417614,1,44,0.142128229
7653203,109,104,1,100,0.019829512,0,70,1.083273411
3161567,91,38,1,22,0.002502918,1,22,0.027826786
8760348,39,77,0,7,0.000947237,0,7,0.003301382
7286461,46,110,1,30,0.003326178,1,30,0.085814714
4641084,35,124,1,6,0.000652075,1,6,0.001074553
4265504,48,50,1,32,0.004401207,0,20,0.035461426
152884,88,89,0,300,0.044102192,0,37,0.315968275
7474415,108,65,1,34,0.004179478,1,34,0.052226305
8510839,68,79,1,19,0.003569126,1,26,0.058801174
5436713,97,50,1,40,0.00525713,1,38,0.16625905
1458163,65,36,1,25,0.002709389,1,25,0.049240112
2832601,35,114,1,66,0.007249594,1,62,0.36865449
1186009,65,45,0,48,0.006409645,0,11,0.112612963
3507618,45,98,1,24,0.00288415,1,22,0.016577482
5649057,96,85,1,52,0.00956893,1,50,0.172852516
7180123,94,103,1,96,0.017806768,1,48,0.213757992
3949978,45,70,1,30,0.003418446,1,30,0.02672267
4009498,120,88,1,15,0.003085136,1,15,0.008358955
4179652,44,72,1,62,0.007320404,1,60,0.364447355
824160,98,39,0,300,0.030772448,1,24,0.015212297
7286910,102,83,0,48,0.008405447,0,29,0.197838068
1593032,91,118,1,33,0.006103039,1,33,0.108276367
7815659,78,36,1,25,0.002647877,1,25,0.041925192
3159094,34,60,1,15,0.00169611,1,15,0.010279417
2186753,124,68,1,17,0.00259757,1,17,0.005392075
7649467,81,39,0,22,0.028035641,1,29,0.04348588
3422728,119,44,1,35,0.003698587,1,35,0.083052874
8456638,38,89,1,109,0.011220932,0,21,0.157412052
1213293,121,102,1,15,0.002650261,1,15,0.012439489
9639964,100,87,1,48,0.009086609,1,40,0.119924068
9647195,99,49,1,62,0.007095337,1,62,0.514702082
8750727,103,43,1,55,0.006205082,1,36,0.092941999
6616312,126,96,1,104,0.018433094,1,62,0.474629402
9106503,123,93,1,57,0.013481379,1,40,0.079764128
1302943,53,51,0,18,0.002422571,1,25,0.025372982
6128688,117,116,0,228,0.056057453,0,46,2.030090809
8182866,88,124,1,36,0.00616622,0,2,0.017119646
44220,103,109,1,98,0.020031452,0,54,0.473123789
9362136,74,45,1,34,0.004418135,0,7,0.020519257
1815061,84,48,1,45,0.005613565,0,12,0.130115986
2617628,85,47,1,9,0.001119375,1,9,0.003397942
7454101,105,33,1,27,0.002944231,1,27,0.059566975
3249647,120,55,1,36,0.003959417,1,36,0.050482988
8340743,104,54,1,10,0.001253366,1,10,0.003167868
7848513,80,44,1,42,0.004615545,1,37,0.069277048
2289920,93,99,1,120,0.022723436,0,7,0.14353919
166158,85,121,1,131,0.018970728,1,87,1.417363167
4738328,111,98,1,81,0.019554853,1,53,0.111821175
4758018,46,38,1,51,0.006694555,0,1,0.002709866
3948526,88,60,1,98,0.012208939,0,24,0.3113029
6972885,72,32,1,37,0.004085541,1,36,0.047454119
8121637,112,53,1,16,0.001749516,1,16,0.008252621
2027323,84,99,1,11,0.001702785,1,11,0.005149126
3195660,33,83,1,31,0.003210306,1,31,0.051781416
3039879,126,50,1,66,0.007376671,0,21,0.060235739
3662706,80,71,1,34,0.004837751,1,34,0.087024689
4524818,69,83,1,14,0.001864195,1,14,0.008252144
8773397,58,41,1,13,0.001420021,1,12,0.004303217
2914454,46,97,1,40,0.004891157,1,27,0.031653404
9225589,83,93,1,109,0.019224882,0,24,0.337371588
3783159,108,100,1,21,0.004764557,0,8,0.010540247
8582163,49,47,1,7,0.001004934,1,7,0.001816988
6734736,124,94,1,58,0.011682034,0,28,0.146647453
8402375,69,48,1,66,0.008622885,1,54,0.187097549
6492061,34,126,1,19,0.002085447,1,19,0.022211313
4754620,127,92,1,99,0.018615007,0,65,1.288127899
755932,76,44,1,52,0.006124496,1,52,0.10711503
782926,50,52,1,12,0.001544714,1,10,0.00298667
6544677,94,75,1,83,0.013232946,0,30,0.37021327
976291,32,93,1,29,0.003499985,0,9,0.028728485
2182052,40,77,1,39,0.004546404,1,37,0.090974331
1347322,42,57,1,50,0.006080389,1,39,0.071261644
4360380,117,109,1,44,0.009722233,0,21,0.192012072
7980924,81,125,1,57,0.01088047,0,1,0.005736828
5528291,66,50,1,10,0.001378775,1,10,0.004011393
6058735,79,121,1,48,0.007760048,0,34,0.144526243
6348996,52,54,1,40,0.006044626,1,39,0.051149607
6890575,53,121,1,46,0.00607729,1,40,0.059795618
2623870,127,106,1,72,0.012779474,1,42,0.082579136
7687197,38,71,1,18,0.002031326,1,18,0.010202169
818921,89,95,1,32,0.00619173,0,22,0.057309866
6456030,71,37,1,72,0.009112835,0,33,0.116259813
8788869,128,123,1,105,0.029402256,0,65,0.540488482
7036050,60,39,1,186,0.020200968,1,26,0.041709423
5125495,123,51,1,185,0.021368027,1,49,0.25070262
1670383,39,74,1,9,0.001065016,1,9,0.002860546
9764483,59,121,1,50,0.006687164,0,11,0.075743675
7455256,99,68,1,70,0.011566639,0,22,0.185980797
3460793,51,108,1,39,0.004284382,1,39,0.081618786
6674751,56,64,1,48,0.00692296,0,10,0.041315794
5073217,56,121,1,37,0.004542112,1,37,0.148103476
1530079,61,80,1,6,0.000753164,1,6,0.001116991
5634474,91,91,1,100,0.018056631,0,13,0.252222538
5430632,122,60,1,36,0.004744768,0,10,0.048141956
1894246,108,75,1,75,0.012898922,1,73,0.565500498
8508329,65,59,1,35,0.004224777,1,35,0.134706497
2795736,69,38,1,27,0.00295949,1,25,0.015628338
320658,67,91,1,79,0.010666847,1,63,0.191807508
3049835,119,104,1,6,0.001152754,1,6,0.001292944
5070525,122,42,1,111,0.012152433,0,4,0.067064047
2947206,48,66,1,15,0.002155781,1,11,0.003866673
3190812,75,116,1,29,0.004240751,1,29,0.028722286
9018798,86,97,0,164,0.024371147,0,48,1.164016485
6668304,40,40,1,3,0.000422716,1,3,0.000311613
4481155,64,77,1,41,0.007279873,0,29,0.036592245
6309780,93,90,1,76,0.014478445,0,43,0.222247601
6043259,128,108,1,30,0.00727725,1,30,0.052168846
983537,46,99,1,68,0.008649588,0,8,0.161845207
4665892,83,78,1,13,0.002355337,1,13,0.00433135
3105767,114,117,0,22,0.004592896,0,22,0.047609329
2360287,97,107,1,100,0.02090764,0,20,0.451621771
6314859,55,43,1,30,0.00356245,1,30,0.038573742
6869383,79,113,1,51,0.009033918,1,50,0.347310066
5843522,70,112,1,116,0.01581502,0,3,0.12870121
7614250,95,37,1,16,0.002003193,1,16,0.013004541
1540920,119,64,1,33,0.00474143,1,33,0.106062651
9507783,83,77,1,39,0.007323265,1,40,0.074328184
5579159,40,126,1,60,0.007234812,0,5,0.049492836
9386298,91,78,1,42,0.006568432,1,42,0.215882063
2309430,105,43,1,28,0.003474474,0,19,0.036417484
7038916,55,95,1,42,0.00531745,1,44,0.208521843
2590052,109,121,0,189,0.043822289,0,23,1.065361261
1002133,71,99,1,123,0.016211271,1,67,0.326375246
1769150,69,90,0,40,0.006689787,1,60,0.490338087
7764431,60,49,1,16,0.001998425,1,16,0.010648966
5903812,77,95,1,29,0.004037857,1,29,0.018875599
9604511,64,45,1,12,0.001610994,1,12,0.005246639
4883065,87,117,1,68,0.009150982,0,1,0.001574993
3653749,82,73,1,42,0.006853342,0,19,0.039168596
5500999,103,68,1,22,0.003556013,0,1,0.001258612
5935425,45,70,1,64,0.008397341,1,63,0.386955976
2627512,83,84,1,69,0.013486147,0,25,0.1122787
6747860,65,82,1,41,0.006042957,0,2,0.008834839
4145268,67,126,1,32,0.004348516,1,32,0.082735062
4795095,64,41,1,11,0.001300812,1,11,0.006067514
4756324,123,39,1,24,0.002580404,1,24,0.0103755
9947320,44,44,1,16,0.00205183,1,16,0.014891624
2000384,70,126,1,53,0.008078337,0,37,0.22191
964677,48,78,1,69,0.009793997,1,67,0.353205919
9269260,122,97,1,39,0.008353472,0,25,0.082416296
4224872,73,91,1,108,0.017107964,0,7,0.197950125
5563832,32,124,1,24,0.002799749,1,22,0.020836115
5366294,120,68,1,76,0.009763479,1,67,0.669817448
4145612,88,33,0,28,0.003482819,1,38,0.083284855
7548581,97,127,1,114,0.020438671,0,25,0.816094398
2294412,73,101,1,31,0.004593849,1,31,0.065468311
786575,50,89,1,33,0.003935099,1,27,0.061546564
6178374,88,96,1,113,0.020684004,0,8,0.054196358
9296634,82,108,1,68,0.010053158,0,19,0.21145916
3690208,101,116,1,89,0.01719141,0,7,0.034558296
1118873,91,71,1,20,0.003619909,1,20,0.012175083
9823487,121,67,1,80,0.011601686,1,80,1.371912479
3141650,110,84,1,1,0.00019002,1,1,5.98E-05
4693631,123,110,0,31,0.00749445,0,21,0.061472893
175607,99,112,1,46,0.008250237,1,43,0.185603857
2654273,44,128,1,64,0.007738352,1,64,0.423362017
3115371,101,87,1,53,0.00961566,1,44,0.181506872
228786,40,92,1,2,0.000202179,1,2,0.000189066
7231124,98,103,1,129,0.032042742,0,39,0.750929832
4707379,104,92,1,90,0.016487837,0,7,0.177982092
7382130,85,62,1,18,0.006839752,1,18,0.015205383
2100745,33,67,1,38,0.004310608,1,37,0.069355488
9282890,112,100,1,264,0.044528008,0,20,0.201236486
8700585,73,66,1,35,0.005815744,0,24,0.029355764
3759374,61,32,1,46,0.004824162,1,46,0.087054253
4994082,109,123,1,151,0.027522802,0,10,0.282172203
7246620,39,93,1,54,0.005890131,1,54,0.264876604
3321915,44,84,1,17,0.00208497,1,17,0.017068148
2461255,62,122,1,25,0.003811836,1,29,0.054759979
1574476,33,82,1,33,0.003175259,1,33,0.044683695
6054396,49,93,1,14,0.001770258,1,14,0.010023355
7045305,65,63,1,68,0.01016593,0,15,0.095097303
3543536,33,88,0,2,0.000262022,0,2,0.000535488
4496549,72,70,1,57,0.01041913,1,31,0.084972382
2538377,118,55,1,30,0.003825665,1,31,0.073424339
1811695,107,38,1,53,0.005639553,1,31,0.079882622
2058355,84,119,1,76,0.012555361,0,7,0.016401529
3746298,53,100,1,26,0.004004717,1,29,0.05412674
1912204,124,61,1,54,0.007541895,0,15,0.307235479
9966954,38,61,1,28,0.003317356,1,28,0.03077054
9336407,97,124,0,0,9.54E-07,0,0,0
9922456,41,119,1,42,0.005125761,0,40,0.115072489
4814547,112,105,1,2,0.00044322,1,2,0.000157833
3680963,50,47,1,76,0.00914669,1,24,0.036331892
8122074,66,74,0,62,0.010049343,0,20,0.244556427
5068775,48,125,1,83,0.011282682,1,83,0.455727339
8551552,54,33,1,17,0.001842976,1,11,0.004960299
3789679,75,68,1,71,0.012369871,1,31,0.067232132
3654392,72,89,0,0,0,0,0,0
7343060,39,39,1,22,0.002682924,1,20,0.016303301
1154119,64,40,1,42,0.005440235,1,39,0.101376534
6511196,60,106,0,64,0.009576321,1,70,0.238519192
1997916,32,61,1,80,0.009224415,1,28,0.040538311
9203604,62,77,1,37,0.00525713,1,35,0.039992332
8594650,72,105,1,25,0.004442215,1,20,0.021793127
3698271,79,75,1,54,0.007683754,1,54,0.21633172
6106769,56,124,1,19,0.002694607,0,10,0.008540154
6348739,48,111,1,72,0.008425236,1,72,0.605969429
2786709,119,41,1,59,0.006231546,1,38,0.088894606
2877222,109,35,1,63,0.006339788,1,63,0.668503046
6162052,95,125,1,44,0.007846355,1,29,0.023606539
6159450,115,43,1,13,0.001440048,1,13,0.005612135
6732099,104,79,1,63,0.009963512,1,44,0.253821611
2450383,38,128,1,37,0.003763199,1,37,0.104959011
1517859,95,46,0,0,0,0,0,0
3007597,127,38,1,53,0.006082058,1,49,0.22071743
5952556,110,46,1,13,0.001434565,1,13,0.005972624
4944639,99,55,1,43,0.00518465,1,43,0.231671333
3846169,70,119,1,19,0.002907038,1,19,0.014360428
8851684,86,60,1,57,0.008575916,1,35,0.097501993
639697,76,108,1,87,0.015425444,1,83,1.014031172
4332295,78,38,1,29,0.003489971,1,33,0.045011282
551105,41,113,1,45,0.005186081,1,45,0.179700851
6669140,110,53,1,33,0.003695726,1,33,0.045572042
5622599,73,34,1,23,0.002258778,1,23,0.022000551
7372736,40,60,1,11,0.001288891,1,11,0.003177643
1229805,123,82,1,49,0.006768942,1,50,0.163440228
4589037,102,68,1,11,0.001823187,1,11,0.005668163
1776937,52,94,1,29,0.003707886,1,29,0.062258244
9515425,56,110,1,56,0.008151293,1,56,0.26364398
5522162,58,66,1,36,0.005406141,1,18,0.015315294
8566265,62,61,1,49,0.006672859,1,50,0.155271769
2592939,119,62,1,206,0.031188011,0,68,2.364447832
7553806,106,52,1,39,0.004889011,1,35,0.044403315
7494864,119,110,1,46,0.009049892,1,38,0.110148668
338243,120,54,1,41,0.005877972,1,41,0.206636429
515550,117,109,1,87,0.019206762,1,95,1.267282009
5109965,119,123,1,104,0.020260811,0,82,1.13738203
2282492,113,110,1,72,0.017025232,0,32,0.244145632
6577521,39,41,1,8,0.000792265,1,8,0.002301455
6597059,114,126,1,70,0.014056206,0,19,0.069839478
3549852,117,34,1,56,0.00602746,0,8,0.109185457
1384233,36,58,1,73,0.007450581,1,43,0.225837708
2521866,54,119,1,50,0.006430149,0,26,0.227205753
8774577,115,86,1,98,0.01443553,0,10,0.14938283
4108134,45,83,1,14,0.001746178,1,14,0.006706715
1241727,72,112,1,111,0.01776886,1,93,1.688202381
199375,66,112,1,80,0.012573242,1,17,0.013751745
2015205,120,89,1,14,0.002837896,1,14,0.006367683
777968,60,117,1,39,0.006544828,1,40,0.129992485
4885172,119,125,1,35,0.00945735,1,27,0.014596939
5538007,76,50,1,31,0.003652811,1,31,0.061638117
8679793,126,101,1,32,0.006273031,1,32,0.047394991
4786317,39,84,1,16,0.001986742,1,16,0.012277126
4845745,97,95,1,87,0.018131971,0,2,0.054074049
1803065,39,42,1,29,0.003792286,1,23,0.025713444
6837794,112,51,1,27,0.003180504,1,26,0.045583725
7477107,73,42,1,22,0.002318859,1,20,0.017530918
5472070,83,121,1,16,0.003290653,1,16,0.011778831
1029901,111,57,1,82,0.011399031,0,11,0.135397196
3253354,78,107,1,51,0.009727001,0,40,0.048628807
6716619,32,69,1,22,0.002784491,1,22,0.013488293
2784485,71,39,1,25,0.003204823,1,25,0.027018547
7410112,112,123,1,83,0.021025896,0,72,0.749215126
623079,123,92,1,51,0.010334015,0,12,0.107492447
8411451,102,54,1,29,0.004066467,0,7,0.016484976
8694412,113,105,1,150,0.02883935,0,16,0.183990717
6929433,125,119,1,135,0.038101435,0,27,1.305675983
7567923,95,71,1,22,0.003658533,1,22,0.030989408
6499210,102,74,0,11,0.001918554,1,18,0.01518321
3739824,99,38,1,100,0.010373116,0,17,0.381406307
5982384,107,124,1,51,0.01017189,1,51,0.177474976
7805057,37,113,1,73,0.00895524,1,73,0.227414846
8437090,52,57,1,36,0.00437212,1,36,0.071997643
4653390,58,97,1,11,0.001421928,1,11,0.004942179
4860258,64,99,1,43,0.005605936,1,29,0.055827856
2735353,101,114,0,70,0.015382051,0,14,0.406771898
2237082,73,40,1,20,0.002557516,1,18,0.011623621
1509280,78,34,1,19,0.002361298,1,18,0.015074968
5487240,59,101,1,30,0.00449729,0,26,0.052792788
4453770,59,115,1,89,0.011722565,0,37,0.259958506
9974189,77,81,1,19,0.003433228,1,19,0.016993046
4720159,38,74,1,51,0.005439997,0,27,0.134962797
6259223,74,57,1,47,0.007124901,0,28,0.17408967
152240,98,94,1,46,0.010575771,1,36,0.086987734
4181767,62,62,1,7,0.000871181,1,7,0.001538754
2169717,128,111,0,52,0.009366512,1,90,0.215407372
8603213,83,93,1,44,0.006911993,1,51,0.277017593
3195913,40,115,1,29,0.003198147,0,21,0.035342693
8565056,69,108,1,10,0.001827955,1,10,0.003154993
9604851,126,115,1,105,0.023911476,0,25,1.06918025
1760421,114,85,1,74,0.011567116,1,70,0.828207731
9502196,81,119,1,77,0.012038946,0,49,0.480711222
3098629,60,69,1,61,0.010591507,0,19,0.087856054
1947587,62,115,1,135,0.017080069,0,11,0.960858822
6809237,46,120,1,54,0.006109238,1,54,0.266777754
3775181,72,126,0,34,0.005282164,0,9,0.07573843
6914038,93,97,1,17,0.003293753,1,17,0.01321888
1229745,86,39,1,44,0.00496459,1,44,0.231841564
8726839,58,115,1,33,0.004004955,0,2,0.012629747
7208335,46,116,1,59,0.007021666,0,7,0.015697479
4903905,127,66,1,50,0.006844759,1,50,0.031756163
1681929,116,63,1,43,0.005163908,1,41,0.124550104
5838407,57,67,1,21,0.002464771,1,21,0.018459558
3175302,33,71,1,84,0.009665966,1,47,0.197177649
4739639,111,55,1,35,0.003762007,1,35,0.016064167
8615185,43,118,1,64,0.006454706,1,64,0.382315397
1773733,35,52,1,14,0.001422405,1,12,0.006373167
5311361,111,59,1,74,0.01025486,1,44,0.126311302
8817703,64,33,1,26,0.002737761,1,26,0.032237291
3222214,88,93,1,82,0.012554646,1,60,0.53894043
3475524,104,105,1,58,0.010974407,0,16,0.040357351
938855,92,77,1,32,0.005495071,0,4,0.022439241
2408259,74,76,1,20,0.002829075,1,20,0.024661779
9528751,69,77,1,45,0.007029533,0,4,0.021048784
2436324,76,117,1,63,0.010415554,0,19,0.200807571
7495057,35,106,1,37,0.004015207,0,5,0.020735979
8648254,44,42,1,34,0.004383326,1,23,0.026173353
9122398,88,127,1,33,0.005435467,1,27,0.047912121
5976991,33,95,1,33,0.003518343,1,33,0.047037125
215343,76,103,1,69,0.011007786,1,43,0.180719852
4816685,55,110,1,126,0.015833139,0,13,0.904356241
8855105,101,87,1,13,0.002468109,1,13,0.008331299
5174528,33,37,1,20,0.002542496,0,16,0.01656723
4617525,104,55,1,100,0.014620304,0,55,0.777099133
5998010,106,125,1,85,0.018044472,0,10,0.149927855
4655508,35,128,1,55,0.006104708,1,55,0.089337826
6756666,89,99,1,98,0.017437935,1,86,0.464754343
3776267,124,63,1,39,0.005265951,0,35,0.113066673
9086643,92,47,1,25,0.00306797,1,25,0.028256893
7042780,76,100,0,85,0.016504049,1,74,0.96919322
9448356,38,56,1,18,0.002309084,1,20,0.014434814
8879601,124,94,1,29,0.004894257,1,29,0.037275076
3378654,37,63,1,29,0.003603697,1,19,0.017002344
3013782,32,76,1,33,0.003714085,0,17,0.012510061
1369698,102,124,1,65,0.013138771,1,65,0.209679365
1555048,116,38,1,47,0.004639149,1,47,0.227780104
3597572,113,89,1,71,0.010418653,1,63,0.273164272
3412073,61,34,1,6,0.00071764,1,6,0.00116086
3859435,89,128,1,69,0.010797501,0,46,0.872750282
233024,94,82,1,64,0.011991262,0,7,0.083088398
4239820,61,105,1,77,0.009386301,1,77,1.409502268
4609421,70,65,1,14,0.002319098,1,14,0.008652925
1879367,79,97,1,63,0.010332108,0,22,0.101289034
6125454,35,123,1,20,0.001918554,1,20,0.010952711
3162278,42,64,1,52,0.006416321,0,9,0.011332989
6784282,115,110,1,46,0.008127928,0,14,0.106648445
8502631,82,118,1,52,0.0096035,1,52,0.090340376
9285602,99,63,1,24,0.003031254,1,24,0.031225681
2096994,73,79,1,35,0.006231785,1,31,0.093669653
3093289,62,127,1,36,0.004892826,1,36,0.068290472
8479150,122,65,1,19,0.002542496,1,19,0.00752449
638241,77,84,1,70,0.01004982,0,7,0.186663151
1495866,62,92,1,59,0.008691549,1,48,0.185537815
2854453,100,112,1,248,0.053765535,0,34,0.278432846
7466514,98,79,1,12,0.002008677,1,9,0.002812147
1710598,62,67,1,117,0.017230511,1,72,0.470951557
5747565,80,58,1,41,0.006127119,0,1,0.006292105
4559174,127,83,1,15,0.002551556,0,2,0.001232147
1564452,39,45,1,28,0.003527403,1,29,0.052134037
6111236,106,107,1,48,0.009437323,0,23,0.209061384
6535584,128,128,1,153,0.036890745,0,5,0.160867453
6501913,34,38,1,9,0.000876665,1,9,0.002636671
8885287,127,101,1,33,0.00490427,1,33,0.066090107
8513690,85,47,1,52,0.006143808,1,46,0.049086332
3138148,90,89,1,52,0.008040905,0,33,0.169680119
6156151,35,66,1,17,0.002028942,1,17,0.015783787
5707674,35,88,1,21,0.002492905,1,22,0.02587533
6450391,75,114,1,95,0.017058372,0,7,0.04713726
8945048,51,124,1,27,0.003103256,1,27,0.019434214
8911781,120,114,1,19,0.004355192,1,19,0.013823509
5331916,78,109,1,38,0.005282879,0,2,0.00454402
4665962,121,95,1,26,0.00537014,1,26,0.058635235
7308806,63,42,0,11,0.001685619,0,8,0.013163805
5843435,105,123,1,18,0.004826784,1,18,0.015489578
5677671,77,44,0,50,0.00715065,0,24,0.071748495
1533078,48,95,1,19,0.00245738,1,19,0.010721922
4473792,111,93,1,171,0.031155109,0,36,2.253874063
193652,113,63,1,12,0.00181365,1,12,0.004590034
6255387,92,71,1,52,0.0092628,0,3,0.023583889
9000426,97,98,1,17,0.002779722,1,17,0.010744333
251018,83,43,1,64,0.007231951,0,16,0.260238409
5584856,84,123,1,147,0.025805473,0,6,0.111884356
3742215,50,98,1,93,0.012643814,0,30,0.753980637
1311279,98,120,1,122,0.023167133,0,75,0.850842714
4706645,64,43,1,20,0.002476215,1,20,0.021261692
4177340,79,33,1,12,0.001396179,1,12,0.006608486
8736447,103,54,0,69,0.009276628,1,68,0.167408943
133531,80,113,1,35,0.006940365,0,4,0.006621838
7107552,87,114,1,55,0.009897709,1,53,0.157417297
1107504,113,127,1,11,0.00223732,1,11,0.005636692
5462904,46,114,1,21,0.002528429,1,21,0.016777277
2847743,61,51,1,11,0.001620054,1,11,0.0031991
2703287,77,88,0,50,0.006971121,1,44,0.147378206
269828,62,109,1,242,0.031787157,0,19,0.087245226
8424907,112,43,1,59,0.006274462,1,59,0.203150988
5536834,65,71,0,21,0.002907038,0,18,0.036946535
666814,109,105,1,50,0.013151646,0,22,0.076338053
7450214,46,73,1,59,0.00785017,1,55,0.358115673
2530807,121,65,1,39,0.006741285,1,39,0.09649086
9424751,60,92,1,26,0.003772259,1,26,0.051046371
4985719,121,49,1,91,0.010560989,1,75,0.179850817
9257346,80,122,1,92,0.012508869,0,6,0.035741806
9533520,116,106,1,104,0.018678904,1,74,0.322495937
6826882,101,65,1,105,0.015850544,0,10,0.089211702
2606718,51,53,1,37,0.004515886,1,29,0.037854195
3512846,34,43,1,4,0.000462532,1,4,0.000517607
5718297,65,45,1,43,0.006240368,0,19,0.088027
9636558,51,40,1,43,0.004929543,1,39,0.108534575
6150460,86,127,0,76,0.015754223,1,43,0.116798401
3350921,43,119,1,95,0.012013435,0,78,0.551017284
7919364,45,127,1,7,0.000844002,1,7,0.001293659
339626,81,66,1,16,0.003996611,0,2,0.001516104
2912338,85,102,1,32,0.00510478,1,24,0.027238846
1881408,101,80,1,62,0.008483648,1,65,0.6342237
9726427,63,38,1,21,0.002105474,1,21,0.017966747
3982136,114,33,1,15,0.001447678,1,15,0.012206554
9469384,118,67,1,124,0.016673088,0,26,0.939462185
3220476,47,111,1,39,0.004927635,1,40,0.136636972
3752093,53,69,1,209,0.027377129,1,40,0.133694887
6287597,96,65,1,27,0.003977776,1,27,0.03285265
2931783,39,34,1,17,0.001966238,1,15,0.008447886
5844385,94,55,1,124,0.013844013,1,29,0.053371906
2806829,76,122,1,59,0.010322571,0,9,0.049562454
4206294,67,45,1,45,0.00495863,1,37,0.208415031
9273841,115,87,1,142,0.026100159,1,108,1.229896069
7132613,59,82,1,41,0.005884647,1,32,0.063047886
4518713,61,78,1,30,0.003706217,1,27,0.044017792
2160319,37,86,1,29,0.002893686,1,29,0.06969738
4611238,123,39,1,78,0.007407665,0,4,0.146721125
8514474,95,82,1,68,0.010445118,0,27,0.183386087
1423075,37,75,1,16,0.001775503,1,16,0.005450249
3542172,122,94,1,130,0.025905609,0,85,1.787059307
584022,77,39,1,8,0.001014709,1,8,0.001856565
315394,77,85,1,46,0.008580685,1,38,0.077214003
7060361,125,75,1,28,0.003673792,1,25,0.020977974
3472736,102,81,1,53,0.009701014,1,22,0.021293879
997730,120,107,1,17,0.003368139,1,17,0.010976553
6221619,39,96,1,22,0.002668381,1,22,0.030202627
5722348,82,47,1,81,0.008646488,0,8,0.042277098
6662590,86,122,1,30,0.006329536,0,16,0.023709059
7274889,60,110,1,66,0.00859046,1,52,0.359743595
4343783,41,41,0,0,0.000135899,0,1,0.001163006
2203934,95,33,1,26,0.002970457,0,3,0.009042978
3401548,68,105,1,54,0.007925749,1,54,0.411873102
1544780,63,91,1,8,0.001242876,1,8,0.001399279
326363,125,86,1,27,0.004893064,1,27,0.034307718
1653920,110,112,1,86,0.023223877,0,37,0.159256935
7213982,56,90,1,31,0.00475812,0,20,0.054102182
849861,114,126,1,109,0.027040482,1,44,0.136347294
3792651,46,123,1,106,0.01328373,0,53,0.896960735
9683925,75,60,0,0,1.19E-06,0,0,0
2423701,41,84,1,10,0.001100779,1,10,0.003696442
5461342,60,40,1,18,0.00225544,1,18,0.007333755
5418062,75,110,1,26,0.003648281,1,26,0.056327343
6326615,112,106,1,23,0.005015135,1,23,0.035416842
5727089,57,128,1,14,0.001897812,1,14,0.011139631
9604148,127,40,1,59,0.00618577,1,59,0.426160336
7350916,102,108,1,98,0.015893459,1,70,0.882894039
9987075,88,78,1,47,0.009441376,0,22,0.121038675
6081365,36,120,1,31,0.003139734,1,31,0.087401628
9108357,60,116,1,7,0.000883341,1,7,0.001898527
51438,71,85,1,24,0.004032612,1,24,0.028574705
1039617,68,77,1,37,0.005114794,0,32,0.156342506
5132930,68,65,1,52,0.008433104,1,39,0.051385164
3691553,91,106,1,87,0.013064384,0,31,0.227020979
2200876,121,77,1,33,0.005120516,0,18,0.029654264
1419170,39,35,1,30,0.003670931,1,22,0.019773006
2367044,87,127,0,0,0,0,0,0
9980689,123,67,1,118,0.01702857,1,113,1.286825657
5771540,39,98,1,20,0.002211809,1,20,0.015724182
3792851,82,54,1,8,0.001055241,1,8,0.002135754
255703,44,63,1,26,0.002706528,1,26,0.047321796
7359492,35,58,1,11,0.00153923,1,11,0.003671169
810754,88,61,1,23,0.003787756,1,23,0.018659592
6705722,121,38,1,91,0.009623051,1,73,0.143228054
2659510,127,94,1,120,0.023914576,1,76,0.576314449
7735910,110,111,1,229,0.048599005,0,35,1.132956505
5019243,66,128,1,64,0.009130239,0,22,0.059113979
2579510,121,97,1,24,0.004995584,1,24,0.022828102
3572175,125,95,1,256,0.044221401,1,114,2.846030951
4520724,83,44,1,21,0.002338648,1,18,0.012721539
2945315,128,118,1,45,0.011758089,0,12,0.098854542
7164545,34,37,1,75,0.009286642,0,15,0.056412458
2025857,34,44,1,9,0.000941038,1,9,0.00313592
9592274,80,126,1,48,0.008337736,0,42,0.356914997
7162625,68,102,1,38,0.006070614,0,6,0.037688017
6640923,123,33,1,107,0.012207747,1,90,1.590170145
2158536,108,86,1,12,0.001902342,1,12,0.005372763
9829162,35,109,1,20,0.002288818,1,20,0.012783051
4463012,70,44,1,13,0.001524925,1,13,0.00802207
7408491,46,94,1,25,0.003641129,1,25,0.030060053
8282501,95,105,1,16,0.002968311,1,8,0.002625942
6049074,57,44,1,20,0.00275588,1,18,0.009223938
578672,108,66,1,65,0.010864496,0,35,0.163116693
9799242,91,57,1,37,0.004369974,1,31,0.049042463
7518819,95,83,1,115,0.016721249,0,36,0.378130436
3661535,51,122,1,69,0.008284092,1,69,0.976561069
449983,58,126,1,30,0.003513813,1,30,0.061561823
8942198,90,68,1,83,0.012215853,0,4,0.070138931
8483566,58,59,1,25,0.003489256,1,26,0.035224438
2962507,62,34,1,19,0.002128601,0,5,0.012382746
4333587,35,111,1,6,0.000575542,1,6,0.001051664
2004577,118,39,1,28,0.003196239,1,26,0.04475522
6780109,39,49,1,6,0.000679016,1,6,0.000853777
4387616,54,53,1,18,0.002479792,0,11,0.007060051
7728093,51,61,1,29,0.004101992,0,7,0.011590242
8186838,50,60,1,43,0.005550623,0,42,0.179887295
8387735,103,40,1,89,0.009963989,1,63,0.554770947
7038820,101,32,1,85,0.009481907,1,77,1.162315369
4727102,43,45,1,17,0.00237608,1,17,0.008585691
7204431,124,83,1,16,0.002245665,1,16,0.014297485
5391430,74,84,0,13,0.002193451,1,19,0.017917156
9669655,120,84,1,106,0.016842842,0,57,1.027258158
535087,110,109,1,78,0.014303923,0,14,0.32577014
2499455,104,55,0,4,0.000552654,1,48,0.247799873
6314959,54,67,1,21,0.003014088,0,16,0.017418623
7465173,53,123,1,17,0.001957178,1,17,0.009854794
422348,101,43,0,59,0.007890224,1,95,2.242471457
9896246,75,47,1,16,0.002264023,1,16,0.015103579
7713581,75,118,1,29,0.004400253,1,29,0.017196417
5382792,73,55,1,56,0.007656097,0,42,0.081338882
8807842,32,78,1,16,0.001718044,1,2,0.000152111
2999266,46,41,1,17,0.001865625,1,18,0.015692472
5510567,113,86,1,57,0.009439468,0,36,0.064034224
6493626,64,50,1,30,0.003696442,1,23,0.0300529
4820238,101,35,1,77,0.008688927,1,73,0.490983009
8757690,82,41,1,50,0.006856918,0,9,0.024132967
6964942,77,107,1,125,0.023872375,1,71,1.003088713
8575594,63,100,1,81,0.011021614,1,70,0.337285995
8993668,98,63,1,6,0.00083971,1,6,0.001003981
7750326,35,72,1,29,0.003370285,0,3,0.017509937
525459,54,52,1,5,0.000546932,1,5,0.000736237
8710305,122,56,0,54,0.008159637,0,38,0.817590475
5268959,120,119,1,112,0.031240702,0,18,0.069031954
7351420,124,88,1,86,0.016661882,0,9,0.092125416
9225702,96,39,1,37,0.003820181,1,36,0.074171543
2868588,100,107,1,43,0.008803844,1,43,0.172291517
6861665,108,113,1,54,0.011007309,1,35,0.089647293
9871258,64,40,1,27,0.00350523,1,24,0.036957979
5149482,36,66,1,36,0.004198551,1,34,0.074141979
869537,34,39,0,0,9.54E-07,0,0,0
3457861,62,47,1,67,0.008543253,1,50,0.19785881
5055890,126,93,1,97,0.021296263,0,1,0.02946806
6237880,38,79,1,12,0.001506805,1,12,0.0054245
8261945,89,125,1,78,0.016073704,0,49,0.221571445
3127018,97,54,1,31,0.003583431,1,31,0.049455404
3332478,56,94,1,27,0.004170895,0,8,0.015135765
7788750,101,54,1,68,0.007597923,0,33,0.673178911
2546524,50,75,1,103,0.012078762,1,11,0.003530979
7935416,57,50,1,29,0.004165411,1,29,0.051687002
8991697,117,59,0,0,0,0,0,0
431649,40,62,1,12,0.001403332,1,12,0.006569147
818372,45,113,1,31,0.003531218,1,31,0.028419018
2451108,83,119,1,43,0.00635457,1,37,0.057697773
2232720,47,43,0,23,0.031335592,1,19,0.018065929
7107798,66,39,1,16,0.002051592,1,13,0.00454545
2066967,79,100,0,40,0.007374287,1,43,0.158367634
4318730,78,113,1,32,0.006211042,0,9,0.026074886
8720364,128,82,1,70,0.013258934,0,11,0.258343697
7330204,121,109,1,66,0.011754513,0,17,0.363086462
7127639,33,108,1,16,0.001833916,1,16,0.012120724
4260510,74,79,1,28,0.004475832,1,28,0.025575161
7601747,61,37,1,68,0.007714987,0,17,0.071480989
5015708,113,48,1,39,0.005003929,1,39,0.179260015
816546,112,49,1,40,0.004678249,1,37,0.115628958
1206520,97,33,1,29,0.003597975,0,24,0.054916143
4490116,48,98,1,23,0.003171921,1,23,0.017288208
7203745,81,126,1,173,0.030968904,1,26,0.040608406
8759957,123,39,1,37,0.00412035,1,37,0.080604553
3202054,95,106,1,40,0.006044149,1,40,0.093468904
4732850,104,102,1,16,0.004133463,1,16,0.008540154
1091937,76,80,1,37,0.005761147,0,25,0.112979412
8147805,125,76,1,80,0.011303902,0,28,0.267936945
9074886,76,48,1,26,0.003679991,0,4,0.010942459
4944702,51,60,1,7,0.000909328,1,7,0.001545429
4395728,96,90,1,156,0.033186913,0,15,0.143037319
1895708,115,69,1,51,0.006596804,0,6,0.045037031
8223144,57,112,1,58,0.008127928,1,46,0.167097092
9633457,49,38,1,32,0.003234625,1,32,0.037753105
7814891,101,62,1,39,0.004958391,1,33,0.070077896
8921535,74,99,1,34,0.005839348,0,6,0.027553558
9131550,120,80,1,11,0.001866817,1,11,0.005104542
4216799,117,127,1,21,0.004054308,1,21,0.025266409
3577812,99,43,1,94,0.011095524,0,42,0.727963448
8481682,86,86,1,90,0.01607275,0,9,0.069858313
2806445,60,53,1,27,0.003177166,1,21,0.028438568
9985493,48,97,1,49,0.006889343,1,49,0.185257196
9810045,65,126,1,77,0.012349129,0,12,0.088245392
9697198,112,100,1,22,0.004817963,1,22,0.016666174
8248042,117,91,1,134,0.0210042,0,5,0.047500134
1063466,86,65,1,43,0.006054163,1,41,0.182467222
1687244,125,69,1,54,0.007719755,0,44,0.217602968
1464451,119,96,1,105,0.019759417,0,11,0.451144457
3385791,83,93,1,76,0.01012063,1,66,0.252693653
4266004,73,121,1,28,0.004282713,1,27,0.025811911
3425377,58,93,1,27,0.003745079,1,27,0.030617237
7885980,33,90,0,10,0.001090765,0,8,0.003291368
8376742,127,93,1,40,0.007317543,1,28,0.060787678
9042066,89,67,1,43,0.006482124,1,41,0.13424325
2238596,95,125,0,79,0.016867161,0,32,0.851089001
3883732,65,90,1,14,0.002140284,1,14,0.007024765
5223055,119,33,1,58,0.006331682,1,52,0.136516809
3317441,126,65,1,6,0.001044273,1,6,0.001316071
8587855,63,86,1,52,0.006160498,0,40,0.207805872
8034728,79,64,1,48,0.008144617,1,46,0.234148264
2393353,103,113,1,46,0.0111866,0,1,0.01857686
2091532,37,65,1,31,0.003752232,1,35,0.07497859
1635750,68,111,1,71,0.009023905,0,35,0.074320078
61057,73,120,1,30,0.004639626,1,30,0.041777849
3979066,107,126,1,37,0.008078814,1,36,0.098951817
2842814,84,95,1,68,0.011389256,0,30,0.480026245
6006366,92,95,1,155,0.032381058,1,50,0.30255723
6164161,113,100,1,15,0.002332449,1,15,0.007571697
6255588,54,38,1,34,0.004339933,1,32,0.049030542
1787617,76,120,1,66,0.01203084,1,42,0.06162262
8347959,61,51,1,15,0.001674652,1,15,0.011705875
3792066,66,74,1,43,0.00642252,0,4,0.011018515
2811429,123,84,1,18,0.003765106,0,12,0.005754948
6215417,58,123,1,47,0.005301237,1,47,0.194901943
2433257,88,51,1,66,0.015953541,1,34,0.086618185
1050377,56,94,1,19,0.002308369,1,19,0.01588583
2195989,53,100,1,49,0.007251263,1,37,0.071235657
9872118,38,38,1,23,0.002651691,1,23,0.022536993
2924349,63,42,1,40,0.005108595,1,35,0.061523914
4414,76,100,1,8,0.001229048,1,8,0.002111912
173652,60,32,1,38,0.003823042,0,6,0.020427704
9109696,46,124,1,33,0.003845692,1,33,0.089881659
8502784,120,47,1,48,0.005976439,1,38,0.059377909
3871692,108,59,1,25,0.003882408,1,25,0.019937515
2522010,81,104,1,205,0.037964344,1,111,1.752998829
9538803,110,93,1,58,0.012523651,0,16,0.143310308
5893140,116,105,1,132,0.024431467,0,1,0.04378581
1110120,109,76,1,63,0.009054661,0,34,0.11468482
2630997,57,125,1,34,0.004573822,1,34,0.051902533
4704864,39,49,1,12,0.001367807,1,12,0.005957842
3777077,105,113,1,5,0.000997782,1,5,0.00077796
7358584,56,124,1,41,0.00454092,1,41,0.14635849
4942105,52,78,1,38,0.005752563,0,1,0.001581192
3069138,126,109,1,21,0.004337072,1,21,0.026433468
4814025,40,80,1,8,0.000908136,1,8,0.002086878
8578295,113,128,1,51,0.008935213,1,51,0.170180082
9203727,62,104,1,53,0.007629395,0,21,0.071032524
9381460,48,46,1,30,0.003632307,0,5,0.03006196
8652645,74,118,0,48,0.007079363,0,50,0.184746265
6932300,90,87,1,40,0.008328438,0,25,0.09652853
5734116,81,127,1,67,0.008938074,0,34,0.188466311
5124594,35,59,1,13,0.001620054,1,13,0.007871389
6701564,56,39,1,5,0.000536203,1,5,0.000819921
1236563,32,109,1,68,0.006877661,0,16,0.461102962
4078812,70,123,1,195,0.027072906,1,107,1.364742041
709641,121,48,1,26,0.003569603,1,26,0.026210785
3224012,127,95,1,115,0.019435406,0,49,0.963565826
1940226,126,36,1,44,0.004878759,0,17,0.143317461
9144065,46,88,1,29,0.003546715,1,30,0.053580761
6340697,59,37,1,50,0.0054214,1,45,0.063105583
2295525,103,120,1,32,0.005869627,1,25,0.049236059
9118106,117,77,1,29,0.00462532,1,29,0.032742023
9403637,105,59,1,25,0.003377199,1,27,0.035326719
9392582,33,103,1,57,0.006412506,0,32,0.366755486
6999968,113,45,1,3,0.000323296,1,3,0.000222206
11512,66,83,1,64,0.008884668,0,5,0.043297052
9973141,70,105,1,9,0.001312256,1,9,0.003087282
8368651,49,116,1,57,0.006667376,1,57,0.545210361
9959179,39,71,1,25,0.003038168,1,23,0.039569855
9158465,53,62,1,17,0.001922131,1,17,0.010865688
5028786,118,81,1,4,0.00064373,1,4,0.000492096
2498215,108,93,1,8,0.001616001,1,8,0.002422333
6946055,99,36,1,22,0.002268314,1,22,0.036245108
8612970,92,114,0,41,0.008961201,1,55,0.350798845
8782842,126,70,1,50,0.008793831,1,48,0.229839325
3976866,41,72,1,34,0.003845453,1,34,0.058508635
6161893,72,56,1,16,0.002454519,1,9,0.00179553
1760519,116,127,0,181,0.043996096,1,79,0.734181881
3723769,46,38,1,24,0.002712011,0,9,0.029742002
6876242,53,112,1,31,0.004061937,1,31,0.028814316
5774612,107,102,1,39,0.007078409,1,39,0.039452076
3716958,101,100,1,25,0.004524708,1,25,0.039034605
8614416,114,94,0,183,0.047234297,0,40,0.775555372
4007081,65,54,1,31,0.003739595,1,31,0.06584239
8044912,120,108,1,78,0.016447783,1,59,0.27600646
2534311,67,34,1,5,0.000545025,1,5,0.000774384
6303873,101,36,1,34,0.003977299,1,26,0.046520233
9894867,67,117,1,85,0.013132334,0,60,1.616910934
9254012,120,84,1,37,0.007452488,1,31,0.041122675
6702989,91,61,1,63,0.009625196,0,23,0.170270443
4532423,83,54,1,47,0.006651163,0,14,0.022389174
348017,120,118,1,18,0.004846334,0,2,0.001589537
4425175,40,64,1,17,0.00233674,1,17,0.014961243
289605,60,81,1,22,0.003022432,1,22,0.0178864
6332585,128,77,1,141,0.026026249,0,28,1.507248163
2207359,62,69,1,46,0.006876945,0,24,0.111462355
8344155,109,48,1,33,0.003602028,1,36,0.054565191
6591216,88,39,1,31,0.003395081,1,31,0.042663574
5371095,63,42,1,10,0.001182556,1,10,0.003264427
3719814,71,96,1,14,0.001886606,1,14,0.00788331
3133514,85,95,1,53,0.008312464,1,32,0.089024782
8797348,105,123,1,98,0.025024176,0,42,0.619487047
5520729,32,66,1,79,0.008405209,1,63,0.598710299
3060271,88,34,1,15,0.001576185,1,15,0.013014793
571178,52,67,0,0,9.54E-07,0,0,0
677107,44,65,1,45,0.005932331,0,25,0.092290401
5331547,96,67,1,31,0.004118204,1,26,0.025810957
3279332,99,41,1,13,0.001657248,0,4,0.005150318
748941,115,39,1,45,0.004751682,1,47,0.26149559
6042220,76,66,1,29,0.004719257,0,1,0.002671719
1091084,39,38,0,21,0.028255939,1,26,0.080887794
7697148,50,104,1,21,0.002516747,1,21,0.010104179
1566694,83,95,1,7,0.001168489,1,7,0.001342773
954385,114,39,1,18,0.002270937,1,18,0.010832548
8967696,35,109,1,17,0.002045155,1,13,0.0082407
8619488,94,79,1,94,0.013379335,0,27,0.444184065
3117818,42,61,1,13,0.001485825,1,13,0.004286766
4393559,119,34,1,14,0.001636505,1,14,0.007699251
4701000,90,124,0,0,0,0,0,0
4055364,71,111,1,45,0.00773406,0,35,0.096112967
3737959,41,109,1,49,0.005721569,1,49,0.13698101
8873292,88,58,1,25,0.003753662,1,19,0.00829339
1268205,50,70,1,40,0.005516291,1,40,0.097587824
6806723,89,71,1,12,0.001825809,1,12,0.005463839
6038708,72,119,1,36,0.005466223,1,33,0.084000111
618901,49,73,1,17,0.002529383,1,17,0.009706497
9585096,45,121,1,21,0.002840519,1,21,0.020174265
2536040,82,54,1,40,0.005217791,1,40,0.188515425
2149816,104,63,1,8,0.001198053,1,8,0.002261877
6603908,125,82,0,300,0.057333946,1,89,1.855353594
4157509,62,104,0,300,0.035342455,0,34,1.744959831
2737557,113,126,1,128,0.034143925,0,11,0.144235611
2855120,32,103,1,27,0.002975464,1,23,0.030097961
1967933,75,108,1,33,0.004254818,1,33,0.041491508
71068,59,53,1,29,0.004177809,0,15,0.024123907
566089,116,56,1,13,0.00173068,1,13,0.006948948
9021849,114,38,1,24,0.002469301,1,19,0.019938946
7861500,32,48,1,2,0.000255823,1,2,0.000159979
1989498,47,47,1,18,0.002224445,1,18,0.019878864
4305930,86,49,1,21,0.002567291,0,14,0.019978762
7646274,115,72,1,46,0.006211281,0,20,0.0780406
4127635,43,125,1,11,0.001187086,1,11,0.002457857
8949068,50,127,1,47,0.005646467,1,45,0.05517292
7969280,80,121,1,152,0.023658991,0,23,0.317409277
9474083,81,100,1,27,0.005834818,1,24,0.025172472
3141965,32,81,1,25,0.0029006,0,12,0.007453918
1913489,44,124,1,29,0.003148556,1,29,0.033019781
6104389,84,72,1,33,0.005752325,1,31,0.047838449
1231412,98,53,1,20,0.002547264,0,5,0.004644632
8206108,114,58,1,91,0.011240721,0,3,0.056432247
3041894,126,125,1,138,0.025640249,0,62,2.608958721
8195499,44,67,1,24,0.002707005,1,24,0.026899338
6874583,44,63,1,21,0.003034115,0,10,0.015491486
9342230,66,45,1,23,0.003220081,1,27,0.069135904
5885360,117,86,1,58,0.00823164,0,2,0.010944843
8520844,68,119,1,112,0.015254259,0,92,1.289546967
7756011,61,127,1,67,0.008311033,0,35,0.861449718
2311637,69,74,1,39,0.006191015,0,8,0.040990829
9559116,103,88,1,26,0.005148411,1,26,0.042052269
1358115,102,52,1,67,0.007735729,0,16,0.436752081
4426689,48,98,1,32,0.004569292,1,31,0.032461166
3619940,43,87,1,87,0.010656357,0,7,0.315291405
5918818,44,58,1,11,0.001320362,1,11,0.004558325
6058369,72,81,1,27,0.004229546,1,23,0.009902477
1336846,51,97,1,20,0.002405643,0,4,0.004906178
5649621,99,39,1,58,0.007060289,1,58,0.319851398
1198718,72,66,1,41,0.006057739,1,37,0.037864208
7788071,41,100,1,8,0.000785828,1,8,0.001598597
7573396,90,104,0,265,0.041846514,0,42,0.625543594
2765862,37,75,1,76,0.009209156,0,13,0.07941699
6632600,99,62,1,72,0.011541605,1,70,0.876801729
1047592,120,63,1,28,0.004137039,1,28,0.03921175
7279201,70,124,0,22,0.003057718,1,28,0.024052143
5261697,71,92,1,13,0.001848698,1,13,0.006403923
1826955,120,84,1,35,0.005752087,1,35,0.048098326
8244911,128,71,0,300,0.03706646,0,67,3.170735836
2920668,115,127,1,73,0.01529336,0,35,0.616502047
715369,32,40,1,13,0.001640081,1,13,0.00804162
6791896,68,74,1,28,0.004650593,0,18,0.050477266
4174199,126,50,0,300,0.032316208,1,62,0.510881186
9669434,64,102,1,99,0.014027834,0,12,0.26428771
7229960,128,123,1,36,0.009628296,0,23,0.08323741
2221499,79,86,1,49,0.008806467,1,33,0.088719845
79712,70,124,1,32,0.003713846,1,32,0.072472811
8819661,90,48,1,5,0.000585318,1,5,0.000658751
546030,99,49,1,106,0.013999462,0,17,0.641581535
8410087,87,67,1,63,0.009688139,0,47,0.26076293
8421186,106,110,1,12,0.002737999,1,12,0.006239176
5400910,59,45,1,7,0.000869274,1,7,0.001351833
6507499,101,120,1,18,0.003691673,1,18,0.013290644
2848645,79,73,0,0,0,0,0,9.54E-07
7606116,79,85,0,28,0.004661798,0,1,0.040647268
3875243,62,58,1,7,0.000874043,1,7,0.001636744
6008543,116,110,1,115,0.029280186,0,13,0.063578606
2927448,38,90,1,29,0.00304389,1,29,0.078809023
4649220,99,113,1,31,0.005812645,1,31,0.064453602
7279277,89,106,1,26,0.004752636,1,26,0.02383852
8964976,118,54,0,84,0.010738611,0,33,0.294797421
7383822,90,65,1,59,0.009512663,1,53,0.219505787
8992850,86,126,1,84,0.015599728,1,82,1.228770494
4872822,38,105,1,17,0.002041101,1,17,0.009708643
2554747,83,61,1,51,0.006762743,1,44,0.146270037
639438,78,100,1,33,0.004934788,1,27,0.029858589
9470665,45,94,1,10,0.00143218,1,10,0.00442934
4581854,82,89,1,35,0.006869078,0,10,0.018007278
8555537,56,60,1,4,0.000562906,1,4,0.000546932
3809720,115,48,1,20,0.002277374,1,20,0.021158218
3871408,53,89,1,33,0.003640413,1,33,0.036317348
648833,85,43,1,63,0.00782156,0,11,0.22939086
9951293,38,90,1,20,0.002361774,1,20,0.012893915
7163160,110,55,1,102,0.01188159,1,84,1.689515352
6211992,98,103,1,104,0.022486448,0,56,0.756318808
5240525,92,91,1,97,0.01762104,0,45,0.638846636
5012985,75,68,1,80,0.011592865,0,27,0.198379993
4642770,128,95,1,125,0.025252104,0,2,0.134951115
3743972,32,84,1,16,0.001952648,1,16,0.012744188
447100,109,60,1,12,0.001913309,1,12,0.004961491
6093182,69,66,1,88,0.012142181,1,20,0.014857054
2740964,65,116,1,35,0.005055189,1,35,0.037587166
5968465,74,105,1,77,0.012494326,1,64,0.505152941
3993074,56,96,1,51,0.006329298,1,54,0.336608648
9029145,104,45,1,50,0.006000996,0,36,0.047977448
2154398,105,105,1,29,0.006868839,1,23,0.019405127
7636091,95,50,1,38,0.004905462,0,22,0.085253954
6866148,51,80,1,59,0.007345438,0,1,0.010159016
1976379,38,123,1,78,0.008315563,1,78,1.398891211
8917074,38,45,1,10,0.001178265,1,9,0.002205372
9494362,58,33,1,48,0.006170511,1,25,0.023221254
1018156,101,111,0,16,0.00415659,0,16,0.015485287
3620169,111,89,1,2,0.000393867,1,2,0.000153065
8334695,104,46,1,44,0.005714417,1,44,0.099351883
2940449,127,47,1,51,0.005476952,1,45,0.101372242
3493727,123,119,1,69,0.022342205,0,18,0.082722664
1737577,82,92,0,70,0.013720512,0,18,0.12583518
4918046,98,53,1,95,0.011891603,1,80,1.043030739
2174178,34,83,1,41,0.00454998,1,41,0.093565464
1221091,43,41,1,6,0.000643492,1,6,0.001023531
7621425,115,89,1,153,0.030001402,0,1,0.037145853
4096564,65,68,1,13,0.00223875,1,7,0.001544952
1895772,123,36,1,63,0.006055593,1,63,0.165974379
688845,65,47,1,30,0.003876925,0,9,0.054694891
2452276,56,99,1,41,0.00527072,0,31,0.10482645
9927943,121,46,1,140,0.015976906,0,38,2.130798817
6285531,76,55,1,45,0.006849289,1,39,0.079822302
3992381,36,73,1,1,0.000119925,1,1,6.10E-05
2162996,102,108,1,143,0.034312248,0,9,0.223403215
4991937,117,126,1,61,0.012173414,1,40,0.112509966
2392142,87,121,1,112,0.017751217,1,76,1.224650621
4736460,96,104,1,62,0.014427423,0,39,0.288049221
1203709,94,79,1,9,0.001437902,1,9,0.00335145
9118317,89,54,1,15,0.002309799,1,13,0.006641865
8625508,50,120,1,11,0.001233101,1,11,0.005265236
4087840,78,32,1,26,0.002614737,1,26,0.038684845
3983317,83,97,1,3,0.000428677,1,3,0.000277519
9372632,97,87,1,139,0.021439791,0,12,0.483293533
9811947,106,94,1,258,0.045011044,0,5,0.155323982
4888201,46,128,1,22,0.002696514,1,22,0.034703016
7179152,103,60,1,44,0.00615716,0,1,0.00833416
1513807,75,116,0,14,0.002705574,1,24,0.031911612
7246831,96,41,1,25,0.003080368,1,25,0.026958466
2384621,67,75,1,14,0.001878977,1,13,0.005469561
1895841,92,86,1,75,0.012267351,0,62,0.416904688
466468,59,49,1,36,0.0043118,1,35,0.055387497
6663307,112,70,1,7,0.001018047,1,7,0.001149178
7176612,47,65,1,11,0.001155615,1,11,0.003335714
7515307,76,126,1,26,0.004945755,1,26,0.017100096
6909029,106,78,0,75,0.013430357,0,2,0.055661678
9724106,82,72,0,19,0.003129959,0,10,0.034126282
6639537,55,101,1,33,0.004459381,1,33,0.102827072
6098008,81,38,1,45,0.005078554,1,45,0.042433023
858032,44,93,1,16,0.001683235,1,16,0.007398367
3370078,124,56,1,51,0.005766153,0,35,0.264736891
5215887,59,68,1,7,0.001032591,1,7,0.001622915
9311558,52,82,1,30,0.003572226,1,30,0.042034388
4184356,115,63,1,34,0.005022287,1,36,0.060976505
5950194,118,42,1,63,0.006718636,0,7,0.018770695
1718561,103,105,1,70,0.011785984,0,9,0.081023216
5483453,86,45,1,36,0.004807711,1,37,0.088625908
1420215,60,118,1,33,0.004171371,1,33,0.067397356
6194249,50,111,1,35,0.004435778,1,35,0.095764875
7227441,95,39,1,43,0.004666567,1,43,0.147068977
7047259,60,36,1,16,0.001676321,1,16,0.012889147
7677788,103,113,0,133,0.031430244,0,6,0.255800486
550024,70,62,1,8,0.001275301,1,8,0.002129078
9099815,116,114,1,58,0.014352083,0,16,0.092972994
7008782,123,46,1,54,0.006278038,1,54,0.095463514
5588002,101,55,0,145,0.018624067,0,12,0.037685871
2866417,57,111,1,125,0.018013954,0,61,0.443781614
9425107,78,109,1,62,0.011762381,1,40,0.07536006
5867256,60,97,1,49,0.007725954,1,32,0.066077471
2447650,73,123,1,110,0.016583204,1,54,0.352288723
2521302,51,55,1,21,0.00275588,1,21,0.016024113
5463272,123,37,1,24,0.002595663,1,24,0.022296429
4749290,73,40,1,42,0.004993439,1,42,0.117955446
7695285,104,60,1,114,0.016877413,0,68,0.415910244
4404086,75,82,1,90,0.014536858,1,66,0.469362974
530802,101,113,1,40,0.006566048,1,45,0.110405445
349772,70,47,1,15,0.001547337,1,15,0.008488655
61582,42,70,1,70,0.008081913,1,53,0.358825445
1518655,38,43,0,8,0.001173019,0,1,0.001419783
2858365,118,46,1,36,0.004431725,1,37,0.087858677
7984518,63,69,1,35,0.005809784,0,14,0.043174028
2142655,80,114,1,58,0.00941968,1,58,0.436178684
2707266,115,46,1,111,0.014304638,1,64,0.440360069
6189166,88,43,0,14,0.001714945,0,7,0.007245779
5023147,84,58,0,22,0.003433943,0,33,0.070744038
1512039,126,42,1,93,0.011032104,1,27,0.030170202
4586962,123,73,1,111,0.015511274,0,43,0.919853449
6725424,54,93,1,8,0.001200438,1,8,0.00196147
164041,95,119,1,46,0.007287741,0,18,0.174865007
1696560,109,99,1,216,0.038678646,0,19,0.678094387
6508617,107,43,1,60,0.006886721,1,56,0.479132891
2564195,41,94,1,56,0.00674367,0,18,0.114845514
5618593,111,47,1,25,0.002827168,1,25,0.02438879
2080592,36,34,1,32,0.00462985,1,28,0.050719261
5880716,127,39,1,76,0.008757114,0,30,0.461756468
9647599,116,54,1,82,0.011270285,1,60,0.431071758
7428348,48,90,1,21,0.002962589,1,21,0.018293858
7403136,124,65,1,100,0.01680541,1,72,0.826973915
396118,53,57,1,36,0.004689932,0,9,0.043030977
8869663,52,99,1,24,0.003242016,1,24,0.026416302
54421,111,60,1,40,0.006274462,1,34,0.041386366
5847109,45,65,1,34,0.004733086,0,20,0.084899187
7317051,84,43,1,24,0.002978802,1,24,0.033596516
351266,89,52,1,13,0.001743078,1,11,0.002740622
49037,52,109,1,63,0.008827209,1,58,0.454554081
8938909,115,47,1,64,0.007343292,1,64,0.597985744
1674197,57,100,1,39,0.00487113,0,5,0.030688286
9351978,50,96,1,8,0.001135826,1,8,0.001539946
7242646,122,59,1,114,0.015723944,1,79,0.179003477
4854070,100,59,1,21,0.002488375,1,21,0.029831886
5459904,68,97,1,40,0.006013632,1,38,0.077365398
735274,124,65,1,63,0.008571863,1,66,0.354591846
8583510,114,69,1,7,0.000870228,1,7,0.001793861
270865,70,83,1,44,0.006743908,0,7,0.011845112
9161867,50,95,1,3,0.000420332,1,3,0.000295639
7488253,118,94,1,124,0.019167423,0,7,0.410632133
5796391,87,120,1,52,0.009255648,0,25,0.049796581
3374639,47,116,0,283,0.030877829,0,12,0.087111235
9939648,49,58,1,33,0.004564047,1,33,0.065202475
2215377,110,128,1,29,0.005329847,1,30,0.072793007
5186806,79,115,1,76,0.013504982,1,79,0.720760345
6128551,54,53,1,24,0.003499508,0,13,0.0213902
3897742,102,102,1,54,0.008771181,0,39,0.100759506
9710867,114,78,1,92,0.014502525,0,13,0.121302366
4492808,78,123,1,23,0.004158497,1,22,0.015205383
8628586,52,67,1,35,0.004179716,1,35,0.05657053
665837,77,51,1,47,0.005172968,0,11,0.050130844
811168,95,63,1,44,0.00676775,1,44,0.16824007
1220109,55,53,1,68,0.009629488,0,7,0.065417051
7444797,93,36,1,20,0.002410889,0,16,0.01966548
7894524,97,58,1,74,0.009271145,0,30,0.867167711
9081385,116,85,1,12,0.002101898,1,12,0.002109289
6155959,118,68,1,83,0.012550354,0,71,1.479907513
9628349,105,32,1,18,0.001905203,1,18,0.006210089
9084084,70,114,1,40,0.00575161,1,40,0.138087511
9191957,52,88,1,43,0.005935431,0,20,0.0923841
8075178,36,85,1,49,0.005192757,1,38,0.108555079
6013479,121,72,1,100,0.015928268,0,13,0.141167164
7514088,67,122,1,59,0.009579897,0,28,0.236712694
1353746,55,57,1,23,0.003490448,0,3,0.008531809
5874235,111,58,1,14,0.00171566,1,14,0.007665873
2955913,56,32,1,19,0.002207994,1,17,0.009564877
3329870,67,43,1,49,0.00592494,1,48,0.205675125
5212855,128,107,1,24,0.00601697,0,9,0.024777889
9299993,88,116,1,108,0.023816347,0,17,0.367384195
9774651,48,39,1,15,0.001629114,1,15,0.005898237
9945379,98,120,1,60,0.012447357,0,59,0.170022964
6254032,57,59,1,48,0.005991697,1,40,0.123343945
3064946,75,72,1,29,0.005165339,0,4,0.012452841
9733688,101,78,1,144,0.02635169,0,12,0.493360996
936998,65,41,0,36,0.004019022,0,18,0.037658691
4230510,46,41,1,9,0.001268864,1,9,0.002671242
7024256,105,62,1,47,0.006300211,1,45,0.201313972
750946,59,106,1,56,0.007261515,0,28,0.228321552
9345300,57,124,1,34,0.005580187,1,17,0.015959978
7910486,37,69,1,19,0.001961946,1,19,0.022346497
6075335,121,64,1,90,0.012219429,0,19,0.183662415
5079280,53,37,1,31,0.003279448,1,36,0.074151993
6185636,92,32,0,0,0,0,0,9.54E-07
6643388,35,55,1,26,0.002964973,1,23,0.028262138
6945509,88,105,1,22,0.004250765,1,22,0.019460917
6527448,34,111,0,37,0.004096031,0,16,0.558919191
8227229,110,54,1,54,0.00616765,0,4,0.035126448
4660770,43,96,1,20,0.002641439,1,17,0.009843826
5832902,76,128,1,6,0.001250982,1,6,0.001146078
9234262,55,117,1,82,0.011446476,1,76,0.516068459
1257821,72,46,1,27,0.003954887,1,23,0.032589674
2380324,104,75,1,54,0.010356903,0,13,0.078477621
640422,37,68,1,49,0.005546093,0,15,0.240522385
2982391,94,86,0,300,0.057934523,0,32,0.345200777
2269387,110,82,0,5,0.000893116,0,5,0.00186038
3736440,71,86,1,43,0.006361246,1,43,0.075276852
2032726,52,83,1,25,0.002878189,1,25,0.030529022
7657309,60,128,1,55,0.007436752,1,53,0.091799498
3101,119,37,1,51,0.004945755,1,51,0.045779467
6275383,57,74,1,13,0.002193213,1,13,0.005432606
3321253,75,83,1,28,0.003810167,1,28,0.038363934
6429417,78,57,1,15,0.00219059,1,15,0.004387617
3144706,68,49,1,44,0.005795956,0,5,0.024576187
5068849,124,96,1,71,0.012846708,0,14,0.176436424
2097543,109,59,1,18,0.002330065,1,18,0.010559559
6546953,95,88,1,7,0.001248837,1,3,0.000293493
9210701,79,119,1,50,0.007525206,0,28,0.191234112
6058381,101,72,1,36,0.006545067,0,13,0.020177126
533775,114,79,1,30,0.005129814,1,30,0.025351524
4215382,120,62,1,12,0.001590014,1,12,0.006670713
3786285,61,49,0,78,0.01195693,1,57,0.301694632
1724244,82,37,1,12,0.001374722,1,12,0.006856203
5018283,76,77,1,85,0.013990641,0,6,0.097647429
6170714,90,42,1,14,0.001680851,1,13,0.006355762
521731,38,42,1,20,0.003074646,0,6,0.003461599
7128383,108,78,1,27,0.004551172,0,19,0.058122635
1463171,83,55,1,55,0.006925583,0,1,0.014202356
1022011,72,56,1,119,0.014957666,1,5,0.000671148
370182,64,81,1,32,0.004311323,1,21,0.016344547
9898036,43,87,1,68,0.00854373,1,60,0.362369299
7625586,51,104,1,26,0.003191233,1,27,0.031233788
5744194,121,104,1,84,0.018149853,0,31,0.878033876
7691625,58,42,1,53,0.006265879,0,19,0.044562578
5917242,120,92,0,0,9.54E-07,0,0,0
4999575,116,74,0,90,0.013937473,0,51,0.716547012
7052305,98,48,1,43,0.005116224,0,8,0.025798559
333521,42,95,0,10,0.001269341,0,10,0.006134987
7345370,85,93,1,70,0.014147997,0,9,0.158537626
982782,107,97,1,22,0.004185438,0,1,0.001852036
719703,90,120,1,93,0.017109156,1,63,0.305650234
2562827,67,108,1,29,0.003711462,1,29,0.048196793
1189009,101,116,1,53,0.01084137,1,53,0.16949296
6897445,103,65,1,49,0.007800579,1,47,0.209178686
5294025,44,73,1,65,0.007293224,1,55,0.288979053
5151507,103,119,1,157,0.03805542,0,37,0.87165451
402331,125,125,1,39,0.012449265,1,39,0.176970005
6873365,63,100,0,0,1.19E-06,0,0,0
7204011,79,116,1,63,0.009393215,1,57,0.360867023
4547173,118,102,1,121,0.02348423,1,71,0.598727226
6215128,85,76,1,13,0.001973629,1,13,0.007261753
5170418,45,108,1,88,0.009455681,1,86,0.192149878
5398036,73,35,1,64,0.007356644,0,36,0.243806839
4890126,84,54,1,69,0.008404255,0,35,0.103527784
4466310,69,122,1,20,0.003009081,1,20,0.023574114
4956124,117,88,1,24,0.003778458,1,24,0.036130905
5095086,61,111,1,81,0.012109041,1,61,0.204743624
8852838,53,117,1,8,0.001276016,1,8,0.002300978
7445950,73,116,1,193,0.031122684,1,69,0.538676262
2685040,66,74,1,35,0.005978823,1,36,0.072638988
903063,86,54,1,36,0.004518032,1,36,0.037551403
7287942,86,121,1,57,0.010283709,0,10,0.234871149
5117498,49,96,0,29,0.004237175,0,7,0.146398783
6672159,86,57,1,60,0.007539511,1,60,0.189467669
3098047,97,127,1,67,0.014535666,1,55,0.178431273
5654813,56,43,1,40,0.005026579,1,30,0.038079262
9679876,99,66,1,44,0.006584406,1,41,0.106321335
2899243,44,121,1,101,0.012058258,0,48,0.793326139
9009316,75,105,1,27,0.004027843,1,27,0.065678358
3254302,58,98,0,0,0,0,0,0
6606202,99,89,1,46,0.010770798,0,14,0.029554844
3892161,128,109,1,129,0.029483557,0,28,0.93580389
9737858,85,94,1,116,0.022252083,0,14,0.201501369
123570,70,64,1,6,0.000784636,1,6,0.00116086
5662973,64,83,1,50,0.009166718,0,14,0.067950487
2453258,73,88,1,93,0.016003132,0,1,0.040894985
9876613,57,63,1,38,0.005718946,0,30,0.116028547
9839269,48,86,0,46,0.005705833,1,59,0.535078764
4066082,43,112,1,47,0.005527973,1,47,0.257229567
693116,120,107,1,111,0.021277905,1,62,0.111287355
1347236,96,52,1,3,0.00032711,1,3,0.000286102
1225157,85,66,0,26,0.0044384,0,23,0.088445902
2120218,86,124,0,175,0.096171618,1,94,1.580123186
2084383,56,37,1,23,0.003708124,1,23,0.105998039
4502835,70,108,1,30,0.005240917,1,30,0.041614532
7723841,35,42,1,45,0.00489068,0,11,0.023279667
8209469,125,58,1,49,0.006110191,0,26,0.242835522
3228015,84,113,1,89,0.017211437,0,68,0.699306011
1163262,102,47,1,2,0.000218868,1,2,0.000154018
5107702,49,113,1,40,0.005208969,1,40,0.089970827
4697445,96,56,1,83,0.009250879,1,83,0.852201462
993226,110,73,1,69,0.011882067,0,8,0.098771811
5398249,78,107,1,21,0.003410339,1,19,0.009421349
8120318,125,78,1,111,0.017556667,0,48,0.288091421
793314,76,32,1,10,0.001134157,1,10,0.003616333
7695378,54,75,1,25,0.003002167,1,25,0.031812429
159472,105,37,1,15,0.00150466,1,15,0.007446051
4650866,118,91,1,153,0.024357796,0,20,0.516123056
6501765,76,37,1,17,0.002093077,0,1,0.000623941
5134581,58,104,1,48,0.005954981,1,49,0.266096354
2701249,47,56,1,27,0.00377512,1,27,0.040201187
8366480,119,112,0,4,0.001437902,0,5,0.228906631
8377650,90,91,1,122,0.022941828,0,61,0.377862453
7837320,45,50,1,26,0.003281355,1,22,0.024969578
3053953,86,125,1,23,0.004051924,1,23,0.020216465
8647241,116,38,1,78,0.00848031,1,78,1.0546
550993,70,83,1,44,0.006664753,1,44,0.06607461
5658032,125,54,1,22,0.002932787,1,22,0.023573637
951158,118,46,1,48,0.005932808,1,45,0.089410067
4211201,56,101,0,29,0.008281946,1,34,0.060910463
1606240,126,110,0,82,0.016380072,0,82,0.588863611
147729,92,78,1,56,0.008619785,0,11,0.081767797
886487,120,128,1,130,0.02742815,0,45,1.068582296
126004,108,43,1,28,0.003102064,1,28,0.019669294
8673044,50,81,1,4,0.000478983,1,4,0.000523806
6614994,91,126,1,33,0.005835533,1,33,0.075965881
5001322,47,74,1,37,0.003991604,1,37,0.069234848
8318617,81,55,1,58,0.006925344,0,21,0.161271572
2591793,88,63,1,53,0.008488655,1,51,0.11103797
4557922,34,117,1,42,0.004150152,1,42,0.142937422
7866816,39,37,1,16,0.001970053,0,5,0.002356291
4472546,77,114,1,47,0.007901907,1,47,0.095980167
891301,70,107,1,42,0.005815268,0,12,0.104488134
251947,77,43,1,40,0.004663706,0,32,0.085591316
6005351,37,47,1,18,0.002238512,1,18,0.010341406
3086348,66,94,1,15,0.002451897,1,15,0.008761644
1916996,112,93,1,30,0.005783319,1,20,0.021735191
1027388,38,81,1,14,0.001508236,1,14,0.004190922
5623329,34,128,1,13,0.001374722,1,13,0.005793095
1570871,122,102,1,58,0.008851767,1,58,0.382594109
4006619,66,42,1,11,0.00139451,1,10,0.003609419
2481066,96,92,1,127,0.023708105,0,13,0.239245892
7718546,39,112,1,48,0.005216599,1,48,0.16808176
643354,66,69,1,52,0.006433487,0,2,0.012819767
8508846,71,103,1,117,0.015992165,0,67,0.349198103
4177695,114,46,1,77,0.008589506,0,14,0.353789806
1265142,99,62,1,90,0.010828018,1,54,0.329619884
6563703,113,89,1,41,0.006344795,1,35,0.086462975
1826636,72,81,1,47,0.007417202,0,8,0.096515656
2881319,46,51,0,19,0.002666235,1,26,0.048345804
1801019,41,71,1,18,0.002637625,1,7,0.001077414
7051107,58,40,1,27,0.003636837,0,16,0.025685787
4135133,59,96,1,81,0.012337685,0,21,0.398954868
1343819,42,35,1,11,0.001294374,1,11,0.004686356
4939980,85,73,1,7,0.001247406,1,7,0.001524925
5561474,116,62,0,0,0,0,0,9.54E-07
7528643,100,82,1,134,0.027677059,1,24,0.012685061
5478926,42,49,1,13,0.001712084,1,13,0.005493879
866,98,90,1,113,0.02142024,0,42,0.642416954
1202949,115,52,1,71,0.009361506,1,71,0.638388872
5465607,55,116,1,47,0.005460024,1,47,0.162596941
6889285,83,78,1,117,0.019634247,0,22,0.365841627
550771,116,57,1,50,0.007079124,0,28,0.120264292
7441438,112,39,1,39,0.00428009,1,39,0.165690422
8181609,107,47,1,14,0.001600981,1,14,0.007773876
1393508,81,70,1,80,0.014069796,0,4,0.02551198
4229621,83,73,1,126,0.018438816,1,67,0.449685812
425000,96,116,1,77,0.017867804,0,5,0.032775879
1074260,85,33,1,40,0.004208326,1,40,0.028185606
7632748,66,54,1,56,0.008313417,1,44,0.173281193
7659047,117,46,1,39,0.003954649,1,37,0.107816219
2929705,56,83,1,26,0.003516674,1,26,0.021241903
8683749,126,108,0,0,9.54E-07,0,0,0
3924592,122,66,0,37,0.005441904,0,19,0.103648424
3010032,81,83,1,41,0.008752584,1,41,0.068365097
7308431,115,74,1,17,0.003055811,1,17,0.014471054
6397998,51,125,1,69,0.008592606,1,67,0.214946032
9325519,62,96,1,9,0.001256704,1,9,0.002926111
4174207,59,73,1,39,0.004748344,1,37,0.057017326
7777874,86,120,1,2,0.000301123,1,2,0.000184059
3060987,63,59,1,42,0.004975557,1,42,0.04042697
127188,128,46,1,54,0.005738258,0,34,0.319148302
3527400,82,99,1,51,0.008205175,0,9,0.050476074
2543148,119,58,1,40,0.005308151,1,40,0.054517746
3094030,98,70,1,85,0.01315856,0,20,0.241780758
5083392,99,78,1,117,0.017908573,0,27,0.210008144
5758029,43,52,0,30,0.005573988,1,33,0.066072702
3650554,126,74,1,74,0.011151552,0,18,0.212404013
794834,81,54,1,59,0.006666422,0,41,0.393697023
8106536,89,47,1,47,0.005762815,1,51,0.208138943
2940975,53,77,1,56,0.006854773,1,56,0.121206522
5029323,41,60,1,50,0.005461693,1,42,0.111268282
894038,85,79,1,36,0.005217552,1,36,0.125501871
953440,95,101,0,300,0.064299345,0,1,0.001729727
3342570,90,107,1,47,0.00771451,1,43,0.210564613
7542985,78,36,1,33,0.01431489,1,30,0.063522339
9959588,105,121,1,39,0.007788181,0,1,0.001538038
4213129,104,124,1,41,0.008094311,0,24,0.033035994
6202708,127,104,0,29,0.00728488,0,17,0.053149223
230795,42,57,1,33,0.004758596,0,14,0.008646727
7276418,128,118,1,71,0.015789747,0,8,0.115435839
828714,32,106,1,20,0.002215147,1,20,0.019217014
6330336,122,81,1,46,0.007679224,0,10,0.122042418
2559251,125,65,1,197,0.028128147,0,4,0.350596905
2006228,122,38,1,105,0.010660648,1,97,0.681486845
4786851,59,44,1,46,0.006412506,1,40,0.164910555
4815285,75,65,0,41,0.005723715,0,34,0.105669975
6599141,113,44,1,11,0.001413822,1,11,0.004199982
1800098,104,36,1,48,0.004756927,1,48,0.234356403
4097413,34,59,1,3,0.000297785,1,3,0.000286102
2849036,52,48,1,30,0.004071474,1,30,0.057761192
1924945,127,117,1,17,0.003693342,1,13,0.004570961
3146794,70,43,1,34,0.003914595,1,33,0.114397526
6636480,109,76,1,27,0.003358841,1,27,0.063405991
9136226,104,50,1,21,0.002485037,1,21,0.016132116
7296382,68,128,1,146,0.020705462,0,2,0.168301344
3424181,100,93,1,66,0.010877848,1,72,0.831168175
7721896,94,39,1,31,0.003207684,1,33,0.044753313
1577820,32,71,1,31,0.003494978,1,31,0.079518795
6329252,53,82,1,41,0.005360842,1,36,0.03337431
1143665,47,63,1,39,0.005028725,1,39,0.049037695
83738,113,102,1,71,0.011502028,0,4,0.046055317
9324667,115,79,0,35,0.006017208,0,3,0.007021904
810974,110,65,1,110,0.013898134,0,59,1.568472862
8950048,82,67,1,202,0.025180101,1,62,0.17894578
2982177,62,68,1,20,0.00278759,1,20,0.014069319
7379797,99,96,1,79,0.015688181,1,59,0.382306814
2806985,45,65,1,6,0.000691175,1,6,0.001121283
4695250,60,94,1,83,0.012734413,0,57,0.42917037
4796101,113,80,0,0,1.19E-06,0,0,0
4646168,108,122,1,78,0.019680977,0,9,0.05051899
5085590,118,86,1,136,0.023163557,0,74,1.126788139
2346821,122,55,0,300,0.030606031,1,62,0.22997117
3816835,101,78,1,77,0.014175177,1,80,0.597546101
9939747,38,89,1,18,0.0020082,0,8,0.009658575
2461623,123,90,1,21,0.004243135,1,20,0.02580452
4711949,55,73,1,56,0.007860422,1,40,0.020650387
3115483,127,72,1,64,0.009958029,1,62,0.560105801
5692083,42,79,1,17,0.002080679,0,8,0.009596348
5061459,122,77,1,54,0.008249998,1,54,0.162615538
1184527,105,116,1,23,0.005972147,1,3,0.000281334
5963501,103,112,1,66,0.015966415,0,39,0.201402903
1361170,110,34,1,29,0.003135204,1,29,0.030289412
9142549,115,125,1,50,0.013741016,1,50,0.231881618
5004337,123,53,1,39,0.005012989,1,39,0.175530434
9936738,63,44,1,22,0.002895832,1,11,0.003175974
4636199,92,117,1,61,0.009579897,1,67,0.410037041
6365800,82,89,0,49,0.009281397,0,5,0.071439028
9378247,110,82,1,36,0.006600857,1,36,0.109141111
228609,40,92,1,10,0.001209259,1,10,0.002967119
4245723,128,93,1,40,0.006718159,1,36,0.079194069
5392411,119,33,1,19,0.002022982,1,17,0.016422987
2104052,55,107,1,66,0.009085894,1,58,0.143446922
9544662,37,94,1,34,0.003488779,1,34,0.029184103
8685633,111,101,1,43,0.007538319,1,43,0.229115486
8393864,78,120,1,52,0.007233381,0,15,0.148318768
6172960,64,110,1,65,0.010035992,1,68,0.282377005
91017,65,70,1,21,0.003061295,0,15,0.017240047
7212410,98,41,1,55,0.00633049,0,30,0.232750893
8862851,72,82,1,28,0.004752159,1,28,0.035049677
2280955,75,40,1,13,0.001823902,1,16,0.010432005
2383830,98,90,0,0,0,0,0,9.54E-07
2798306,65,119,0,300,0.040632725,0,18,0.319718122
8226257,104,36,1,24,0.002499342,1,22,0.029251099
4662681,83,36,0,0,0,0,0,0
1104982,78,63,1,257,0.035811186,0,32,0.26737833
7846285,87,93,1,8,0.001425982,1,8,0.001909494
7510940,63,115,1,64,0.009078026,1,45,0.16740489
526292,127,116,1,44,0.010129213,1,46,0.174473524
9232487,119,37,1,19,0.002287149,1,19,0.019203424
1277850,120,115,1,113,0.023839474,0,50,0.379342794
1303218,71,69,1,16,0.00240469,1,14,0.007333279
2988839,121,63,1,17,0.002083778,1,17,0.009640455
8893189,55,77,1,57,0.007767677,0,28,0.106195927
9224877,83,45,1,38,0.003874779,1,38,0.131842375
2748252,40,90,1,14,0.00193429,1,15,0.010750294
241533,101,50,1,35,0.004806042,1,31,0.038745165
9606575,58,96,1,51,0.006355524,0,17,0.250575304
183445,44,89,1,44,0.005558968,1,38,0.062575102
9781393,75,43,1,20,0.002168894,1,20,0.011223078
3259696,94,88,1,70,0.011571407,0,7,0.120707273
4093372,59,106,1,86,0.012590885,0,50,0.863309622
2497527,110,71,1,82,0.013077259,0,35,0.064397812
5728407,72,86,1,28,0.005428553,0,24,0.032561302
9538545,51,42,1,29,0.008697748,0,19,0.061038971
7219308,122,108,1,65,0.011459589,1,65,0.721146822
4958396,79,124,1,76,0.012223244,1,63,0.674108744
2296267,56,112,1,41,0.005285978,1,41,0.086705923
3880540,36,97,1,15,0.002036095,1,14,0.008920193
4682951,54,119,1,57,0.006445646,1,57,0.351387024
1092161,81,99,1,31,0.005967617,0,28,0.024820328
9486030,68,110,1,29,0.004676819,1,23,0.023604631
5207396,37,126,1,61,0.006537437,1,59,0.2962327
5597352,58,61,1,26,0.00398469,1,25,0.031881571
3936850,101,86,1,23,0.004134417,1,23,0.016261578
4494667,95,46,1,40,0.004939318,0,11,0.01920867
5804456,90,119,1,73,0.012889862,1,54,0.365363836
7455986,98,80,1,32,0.005582094,0,16,0.011238575
4270827,40,80,1,20,0.002153873,1,20,0.014863491
6963851,122,126,1,255,0.059043884,0,33,3.908097506
5244249,86,125,1,21,0.003125906,1,20,0.013618231
8955355,120,77,0,22,0.003777027,0,12,0.016135931
3896705,58,49,1,26,0.003494024,1,20,0.010429144
7990760,63,37,1,20,0.002052307,1,20,0.010667324
6487181,69,85,1,11,0.001402855,1,11,0.004155159
9719702,72,51,1,18,0.002108097,1,18,0.014731407
9401776,43,75,1,37,0.004834414,1,37,0.093335867
5009956,54,98,1,30,0.004611731,0,16,0.026489019
1739376,103,35,1,62,0.006875992,1,55,0.434216738
46232,33,37,1,21,0.00274229,1,21,0.011349678
2527406,62,38,1,11,0.001116514,1,11,0.004812479
7118430,115,104,1,100,0.022439241,0,77,2.71249032
764851,42,106,1,7,0.000813961,1,7,0.001609325
6420414,120,108,1,44,0.007898331,1,44,0.1714499
8354632,99,119,1,157,0.034842968,1,89,1.98926568
1950622,32,74,1,10,0.001241922,1,10,0.00204134
146241,70,114,1,61,0.009772539,1,57,0.185593605
317681,101,35,1,36,0.004121542,1,36,0.031300306
200454,126,107,1,208,0.048337221,0,10,0.771807432
2538796,126,74,1,80,0.011290312,1,80,0.84431839
91639,54,61,1,6,0.000669718,1,6,0.000819445
9787835,87,51,1,38,0.004057884,1,38,0.03703928
9119852,113,90,1,57,0.008426189,1,51,0.105289221
5139563,82,52,1,28,0.003891945,1,29,0.068607569
9566211,86,44,1,23,0.00276804,1,23,0.028518677
6673741,113,99,1,117,0.021500826,1,88,1.096722841
5275052,37,64,1,5,0.000503063,1,5,0.00074935
119686,98,39,1,33,0.003236771,1,33,0.050521135
6815110,55,80,1,37,0.005211592,0,11,0.030259848
1114392,115,65,1,96,0.014320374,0,51,0.434432745
694184,47,47,1,24,0.003033161,0,16,0.016874552
9456313,65,71,1,58,0.007994413,1,58,0.32149148
2939897,46,74,0,0,0,0,0,9.54E-07
8936102,64,97,1,67,0.009417772,0,1,0.014662981
5652148,101,124,1,16,0.002661228,1,13,0.006351471
9041997,48,36,1,3,0.000357389,1,3,0.000277042
9839735,60,42,1,41,0.004637718,0,19,0.037734509
3550160,83,45,1,60,0.007942915,0,56,0.346918344
9669778,56,55,1,8,0.000977993,1,8,0.001822233
9289503,61,74,1,57,0.00786829,1,28,0.065134287
5009876,62,61,1,104,0.012423992,1,38,0.02690196
7269694,128,103,1,189,0.043608904,0,103,1.444284678
7495117,83,52,1,24,0.003429651,1,24,0.018035412
6743445,84,55,1,13,0.00163722,1,9,0.002569199
407555,51,90,1,29,0.003617287,1,27,0.033456564
1150637,98,106,1,37,0.006364822,0,12,0.073357582
7427592,64,50,1,12,0.00165844,1,12,0.003665686
1542482,119,39,1,19,0.001962185,1,19,0.006737947
3387682,78,122,1,65,0.00895071,1,65,0.20504427
9757000,108,109,1,53,0.009433031,1,53,0.187143803
8483250,95,50,1,2,0.000250101,1,2,0.000185251
1506106,65,90,1,69,0.011603594,1,55,0.160187006
4393169,68,46,1,11,0.001402617,1,11,0.004320145
2689979,50,55,1,165,0.021567583,0,24,0.083036661
3390398,102,100,0,98,0.02164793,0,22,0.31757164
9772328,103,80,1,57,0.0092659,0,16,0.198409319
6033529,86,68,1,14,0.002360106,1,14,0.009467125
1900378,42,121,1,44,0.005448818,0,12,0.054864168
2967856,106,45,1,106,0.013236761,1,60,0.366638899
1244187,81,103,1,104,0.014436007,0,43,0.167901754
5782176,113,93,1,66,0.012117863,0,1,0.017634153
8635037,33,58,1,69,0.008628845,0,6,0.047819614
5422720,53,102,1,74,0.00934267,0,12,0.306887865
8270003,75,124,1,126,0.020357132,0,19,0.264676332
400765,62,94,1,39,0.005687237,0,13,0.052951574
9083461,42,100,1,81,0.009702444,0,63,0.879626036
5180490,70,47,1,30,0.003786325,0,12,0.052079678
4540764,125,82,1,66,0.012630939,0,28,0.186312675
839529,126,124,1,116,0.037823915,0,18,0.227676868
7397700,33,58,1,31,0.003567219,1,31,0.046662807
9743855,126,60,1,87,0.011062145,1,89,2.079138994
3717505,55,80,1,43,0.006335497,0,15,0.030353308
6359818,38,72,1,59,0.007218361,1,51,0.100998163
7952905,127,113,1,55,0.013351202,1,30,0.057466507
2656164,41,100,1,26,0.002855062,1,26,0.046509743
7669069,86,72,1,32,0.005571365,1,32,0.063256741
6114297,104,48,1,76,0.01000452,1,38,0.122926474
7930272,47,124,1,55,0.005746603,0,3,0.041373014
4029270,81,105,1,87,0.014276505,0,14,0.164922953
7597797,40,63,1,43,0.004865885,1,43,0.190990925
3511501,101,70,1,72,0.010955572,0,14,0.101114035
1522318,82,70,1,36,0.006285667,1,45,0.186398506
1064640,59,42,1,12,0.001416922,1,12,0.002183676
9550676,105,45,1,84,0.009861231,1,84,1.707485914
9554710,79,87,1,29,0.005710602,0,11,0.048312187
8795009,71,117,1,12,0.002012968,1,12,0.004557133
7979163,53,103,1,76,0.008342028,0,13,0.027143002
9165435,103,59,1,81,0.009328127,1,19,0.01597929
8500786,78,81,1,22,0.003548622,1,20,0.008280993
5789071,43,81,1,15,0.001961231,0,8,0.010747194
6203058,110,86,1,44,0.008500338,0,33,0.162469864
5764651,82,38,1,54,0.005978107,0,30,0.120379686
1419284,77,78,1,69,0.012513399,0,10,0.064016342
9843783,63,77,1,46,0.00632143,1,46,0.189926147
793242,107,63,1,45,0.006582022,1,45,0.133505344
495240,32,109,1,16,0.001790524,0,11,0.006505013
2267395,85,58,1,52,0.006254673,1,52,0.277037859
2310641,90,64,1,9,0.001404762,1,9,0.00243926
3643032,75,67,1,30,0.004460573,1,30,0.046753168
5918950,117,52,1,266,0.02711463,1,41,0.128432751
2370646,38,52,1,16,0.001957417,1,14,0.010736227
4877276,42,105,1,28,0.00342679,1,28,0.030498981
6262012,114,60,1,28,0.004198551,1,28,0.020224094
9992992,52,38,1,11,0.001203537,1,11,0.003586769
9536917,64,33,1,17,0.001821756,1,17,0.00720787
6751981,72,101,1,36,0.005341768,1,34,0.048533916
4973721,99,44,1,29,0.003326416,1,20,0.017422915
4975061,48,122,1,118,0.016731024,0,1,0.049382925
4240837,58,55,1,51,0.007828712,0,9,0.041768551
3091968,41,87,1,17,0.002278566,1,20,0.015529156
1606543,79,71,1,13,0.001729012,1,13,0.00700736
8802742,37,95,1,13,0.0014534,1,13,0.003308296
4938647,122,80,1,18,0.002488136,1,18,0.010081768
1929216,74,119,1,65,0.009685516,1,47,0.181063414
7112946,54,32,1,31,0.003668785,1,27,0.050102949
920269,87,52,1,14,0.001681566,1,14,0.006960869
8841846,42,36,1,28,0.003089666,1,28,0.063628435
7228876,63,110,1,15,0.002146959,1,15,0.007949114
2655588,87,92,1,144,0.029383183,0,6,0.120483398
7113519,58,81,1,45,0.006269217,0,7,0.056948185
1447347,52,35,1,47,0.004971266,1,33,0.07921648
5079534,66,106,1,51,0.008072376,0,7,0.141350508
7807573,68,47,0,17,0.00210762,1,24,0.044005632
7316232,65,58,1,22,0.002878428,1,22,0.017938137
6167714,118,69,1,75,0.011659384,1,76,0.442561388
8626481,74,63,1,8,0.001173973,1,8,0.002031326
299839,46,97,1,55,0.00649333,1,55,0.347494364
2448805,67,35,1,34,0.003423691,1,34,0.050010204
1822433,78,39,1,38,0.00453186,1,37,0.066791534
9548673,99,124,1,53,0.010450125,0,22,0.120526075
7876403,46,86,0,63,0.007452488,0,12,0.124534369
3529579,35,72,1,20,0.002033949,1,20,0.009938478
5401530,61,79,1,20,0.002837658,1,20,0.011471272
7780468,122,60,1,28,0.00325942,1,28,0.029166698
3358333,93,79,1,34,0.005217075,1,34,0.055794001
6673743,59,102,1,15,0.002040863,1,12,0.005505085
1866688,103,83,1,30,0.005674124,0,15,0.026272535
3674387,125,73,1,33,0.004812002,0,23,0.03583169
5487864,39,33,1,3,0.000332594,1,3,0.00022316
1623912,128,107,1,141,0.028989315,0,44,0.468922377
7631107,44,72,1,7,0.000939369,1,7,0.001427889
8843839,81,60,1,24,0.003270626,1,24,0.036336184
213498,70,69,1,47,0.006601095,1,57,0.215246916
3267883,39,80,1,38,0.004750252,1,38,0.0669837
7846042,57,92,1,43,0.005852699,0,28,0.213364363
7752610,90,64,1,46,0.006457329,1,38,0.105139256
6748089,105,69,1,45,0.006718159,0,21,0.230028868
3202186,43,39,0,0,0,0,0,9.54E-07
5277442,43,57,1,17,0.0017941,1,17,0.005476475
9691235,79,86,0,0,0,0,0,9.54E-07
2384053,91,113,1,46,0.010587692,0,31,0.134044409
6706106,122,68,1,55,0.008402586,0,8,0.035937548
3625468,83,51,1,55,0.007445335,0,2,0.022761822
626586,116,119,1,70,0.018900156,1,51,0.24096632
2484647,32,93,1,34,0.003683805,0,8,0.009177685
948385,64,82,1,81,0.01158905,0,16,0.395093441
7243460,65,81,1,55,0.007549524,1,50,0.158868313
693634,69,40,1,27,0.003365993,0,19,0.029782772
65291,117,85,1,52,0.008036137,0,19,0.111165524
3257109,89,56,1,2,0.000283957,1,2,0.000157118
2251182,53,37,1,22,0.00245285,0,2,0.005106926
2641948,50,53,1,9,0.001084566,1,9,0.002687693
4388682,64,104,1,104,0.016051769,1,37,0.085425377
9564865,48,73,1,37,0.004996538,1,27,0.023154497
9830855,73,68,0,7,0.001416206,0,29,0.193470478
6646806,70,41,1,6,0.0006814,1,6,0.00129509
2314207,71,60,1,22,0.003507614,1,14,0.008223772
2014948,39,107,1,74,0.008157015,1,70,0.426110029
989126,72,66,1,39,0.005871534,1,37,0.039782763
3668935,56,90,0,300,0.034124851,0,33,0.956682444
4524647,98,102,1,81,0.018837929,1,51,0.276936293
5420137,53,50,1,72,0.008144855,0,17,0.088268995
6752077,111,110,1,41,0.009369612,1,36,0.081194639
7000516,35,84,1,12,0.001276731,1,12,0.004714251
9018739,74,99,1,16,0.002385855,1,16,0.014711142
2254805,44,68,1,5,0.000592232,1,5,0.000769377
6754892,110,101,1,55,0.012682438,1,57,0.274708509
7567506,87,52,1,17,0.002429485,1,16,0.013111115
5274277,54,109,1,33,0.003578901,1,31,0.078187227
5029644,33,52,1,14,0.001619816,1,14,0.006469488
9810927,43,79,1,68,0.007466078,1,66,0.626758575
3720647,112,54,0,300,0.037786484,0,11,0.413299084
9710554,55,39,0,28,0.00310421,0,1,0.00919199
1510847,67,41,1,3,0.000392199,1,3,0.000375032
9735179,96,110,1,15,0.002800226,1,15,0.011945724
4972214,61,116,1,42,0.006008387,0,12,0.039130688
957967,124,115,1,183,0.043028593,0,33,2.277736664
7350387,54,106,1,46,0.00631094,1,46,0.109649897
3503109,52,62,1,36,0.00481534,1,34,0.054694414
6507289,112,110,1,68,0.013843775,0,22,0.329755068
4320087,125,95,1,50,0.00946784,0,2,0.012355566
1587704,105,101,1,184,0.035334826,0,7,0.61481142
8164523,69,91,1,46,0.005726814,0,17,0.240291595
2605042,47,93,1,30,0.003949404,1,30,0.037304878
399264,62,126,1,69,0.010470629,1,67,0.460465193
6663125,119,71,1,17,0.002710342,1,17,0.005564213
687589,45,121,1,36,0.003869057,1,36,0.038295031
7754098,91,63,1,20,0.002963781,1,20,0.015422344
4060344,91,48,1,64,0.008182764,0,22,0.172911406
9057013,73,112,1,36,0.006039858,1,34,0.04659009
6023574,101,36,1,4,0.000446558,1,4,0.000458956
9701876,105,70,1,69,0.009599447,0,69,0.859369278
8403113,61,71,1,45,0.00657773,1,45,0.068684578
8263602,33,71,1,54,0.006402493,1,50,0.220859051
193891,88,99,1,46,0.010443926,0,8,0.036721945
8197945,115,95,1,86,0.014476299,0,31,0.507329464
4220992,51,128,1,21,0.002912283,0,13,0.031902552
6529954,74,77,0,21,0.003037214,0,21,0.031366587
4187823,84,82,1,43,0.007265091,0,21,0.067346334
3949398,86,32,1,14,0.001467228,1,14,0.008372784
8122513,65,45,1,18,0.002032518,1,18,0.010192156
9781003,122,108,0,201,0.05220437,0,55,1.517003536
1973296,107,69,1,76,0.010880709,0,22,0.519444466
198047,36,92,1,87,0.010262728,1,59,0.380980253
1810446,122,91,1,128,0.023020744,0,11,0.069504738
875450,96,73,1,94,0.016713381,1,81,1.487890959
9565318,67,53,1,25,0.002970457,1,23,0.034935474
5008943,112,120,1,38,0.007965803,1,29,0.051371336
393639,80,78,0,74,0.015031576,0,19,0.055500746
5277548,76,85,1,187,0.029016733,1,53,0.371447086
8956438,98,124,1,70,0.014766455,0,48,0.727353811
713349,56,40,1,26,0.002858639,0,7,0.008197069
5823672,112,110,1,111,0.026702881,0,54,1.441622734
9977291,120,103,1,52,0.008985996,1,52,0.408471823
153006,99,65,1,67,0.009364605,1,67,0.216632605
1453914,47,121,1,42,0.005218983,1,35,0.119521856
5834787,114,53,1,40,0.005518675,1,40,0.065928936
7269284,107,32,1,28,0.003153086,1,27,0.037416935
3866035,92,88,1,31,0.005734921,1,31,0.078839302
3483129,113,68,1,115,0.014291763,0,11,0.320755005
3993112,92,34,1,58,0.006597757,1,56,0.377800226
1037375,88,55,0,300,0.032607079,0,41,0.199880838
9824114,36,103,1,21,0.002872467,1,21,0.039125204
8598341,42,111,1,22,0.002412081,1,22,0.016784906
6107363,51,48,1,36,0.004375219,0,9,0.019749403
6874237,124,92,1,36,0.00684762,1,31,0.027731419
2261092,38,33,1,10,0.001172304,1,8,0.001894236
2071389,69,43,1,20,0.002340794,1,16,0.010946035
8014172,111,97,1,14,0.002329826,1,14,0.010365009
2322969,49,50,0,21,0.002895832,0,18,0.049901962
9879225,38,42,1,16,0.001662493,1,16,0.011916876
2767933,87,96,1,74,0.012274504,1,63,0.427985668
4766706,32,74,0,31,0.003467321,0,31,0.099274397
4528886,90,42,1,100,0.011473656,0,22,0.5937078
5795539,88,45,0,14,0.001637936,0,10,0.070645809
1602694,64,93,1,40,0.005796194,1,40,0.172278404
6149736,127,96,0,49,0.010691643,0,23,0.306646824
6088082,113,111,1,38,0.00946188,0,20,0.121507645
3403397,67,75,0,0,9.54E-07,0,0,0
4596834,118,47,1,65,0.006951571,1,65,0.530265093
8102207,39,38,1,13,0.001582146,1,13,0.0049088
2874037,45,114,1,33,0.00375843,1,33,0.059816599
249628,82,48,1,29,0.003805399,1,32,0.051454067
3237767,97,88,1,57,0.013017178,1,25,0.032069445
551764,98,125,0,23,0.004313946,0,21,0.045274019
3518962,38,76,1,37,0.003938198,1,30,0.058830976
1611428,54,112,0,54,0.006705761,0,54,0.401434898
9220153,44,70,1,19,0.0026474,0,12,0.01271534
5161507,46,110,1,72,0.009229898,0,25,0.107704401
6791672,76,46,1,17,0.002209663,1,17,0.01272583
3925735,98,128,1,47,0.011297464,0,20,0.199503422
737429,77,68,1,38,0.005335093,0,17,0.066228151
7299125,57,125,1,46,0.005414009,1,46,0.171106339
2708270,40,38,0,0,0,0,0,9.54E-07
9810523,49,84,1,46,0.00587821,1,46,0.297156811
4303382,121,104,1,54,0.012299299,1,53,0.368920803
1465407,71,98,1,56,0.008364201,1,50,0.11699748
6775355,42,70,1,76,0.00931406,1,25,0.040091753
3188623,101,105,1,27,0.004313946,1,27,0.041756153
2527603,69,80,1,52,0.008840799,0,4,0.027592182
8219001,33,68,1,12,0.001492739,1,11,0.003670931
7249153,88,73,1,33,0.005221128,1,31,0.072960377
4498241,82,43,1,47,0.005427837,1,47,0.19018054
1727494,69,86,0,0,9.54E-07,0,0,0
2849940,86,86,1,149,0.030449629,0,18,0.34142375
9429430,40,83,1,78,0.008816719,0,14,0.164794445
8710624,81,120,1,133,0.023298264,0,12,0.478418112
8039966,119,122,1,18,0.004086971,1,18,0.012756348
4831797,71,56,1,89,0.012396812,0,38,0.122433424
161920,82,36,1,11,0.001128435,1,11,0.003616333
5154047,97,124,1,108,0.023046732,0,9,0.685806274
6038749,36,128,1,10,0.001219511,1,10,0.003423929
2813377,116,52,1,96,0.01113081,1,86,0.418011427
8321537,32,75,1,55,0.006053209,1,49,0.302263498
1445364,56,127,1,30,0.003778219,1,19,0.019978523
2967689,67,61,1,10,0.001442194,1,10,0.003611803
9159276,112,81,1,38,0.006784439,0,19,0.065878868
9459617,96,80,1,50,0.008432865,1,46,0.199352741
1326513,117,123,1,54,0.010897636,0,25,0.177329779
8848100,111,118,1,186,0.042553663,0,16,0.226602077
7878871,120,58,1,47,0.006447077,1,29,0.048504353
3521268,118,107,1,129,0.023089886,1,98,2.15002656
6855113,54,43,1,10,0.001551151,1,9,0.003270388
4547672,90,49,1,28,0.004096508,1,19,0.014117479
1458996,97,80,1,129,0.021289349,0,34,0.863631248
699938,70,94,1,56,0.008152485,0,10,0.042673826
3863981,57,47,1,6,0.000729084,1,6,0.000870228
4432459,112,82,1,61,0.008828163,0,7,0.024024963
6768224,86,46,1,77,0.008559227,0,31,1.063590288
4271220,121,42,1,267,0.031914473,0,62,0.397840023
3318466,118,109,1,13,0.003000975,1,13,0.005533695
3515517,43,79,1,44,0.005464792,0,6,0.016433477
4242716,34,128,1,19,0.001820564,1,19,0.01362586
7196914,102,99,1,93,0.021725178,0,26,0.218740702
491210,33,124,1,114,0.010450363,0,29,0.209933519
2838494,42,64,1,5,0.000699759,1,5,0.000663996
7753023,78,90,1,40,0.0063169,1,36,0.091440201
4834261,104,100,1,6,0.00138855,1,6,0.00125742
7749743,124,57,1,100,0.014457703,0,7,0.064951897
3510685,77,92,1,61,0.009194851,1,55,0.150854111
5324166,86,118,1,16,0.003502131,1,16,0.011501074
5243200,107,104,0,210,0.055483818,0,1,0.050042152
7984287,52,72,1,25,0.003278494,1,25,0.028290033
8591617,91,45,1,56,0.007614374,1,56,0.202013969
9147345,111,74,1,37,0.00537014,1,37,0.139136314
2520815,96,61,1,5,0.000579119,1,5,0.000763655
8896351,67,111,1,122,0.01580596,0,54,1.660664558
9923848,34,119,1,51,0.005167246,1,49,0.057862997
4573685,96,39,1,54,0.006577015,1,32,0.046443701
7322265,44,76,1,78,0.010015488,0,18,0.058615208
8989590,79,87,1,19,0.00289011,1,19,0.012492895
8961105,82,56,1,39,0.004859447,1,39,0.030386686
4318963,112,122,1,111,0.033276081,0,11,0.521621943
1886389,80,87,1,52,0.009143591,1,42,0.1763165
8999098,87,93,0,26,0.053904772,0,4,0.021828651
6265386,123,37,1,94,0.010528088,1,84,0.938027382
5961029,93,110,1,182,0.02615118,0,28,0.526561499
8738596,55,69,1,17,0.002545118,1,17,0.008643389
2352786,80,90,1,28,0.005730391,1,28,0.028431892
4605425,109,43,1,42,0.005629778,1,38,0.110680819
6338969,35,40,1,9,0.00098443,1,9,0.002736568
627285,111,80,1,60,0.010198116,0,16,0.154323816
4468968,48,94,1,74,0.010301113,0,41,0.538825274
6306024,101,68,1,17,0.00261116,0,3,0.003461123
6450016,120,113,1,42,0.009868145,0,36,0.237708569
8552690,92,109,0,300,0.049210787,0,13,0.451592922
1650075,115,73,1,47,0.008039713,1,47,0.126328707
6895350,63,117,1,18,0.002146721,1,18,0.018761396
708142,80,127,1,99,0.014477491,0,14,0.43405509
8218722,89,107,1,101,0.022227049,0,3,0.046900034
2787799,80,33,1,17,0.002062559,1,17,0.011830568
4492527,106,103,1,80,0.016873121,0,35,0.521939993
2194232,90,38,1,20,0.002301216,1,21,0.022494316
6114964,66,115,1,61,0.008121014,1,57,0.161854982
9722945,85,116,1,95,0.016767502,1,83,0.779979706
4812092,123,78,1,36,0.006421328,0,10,0.021389484
6435553,81,46,0,20,0.002768278,0,20,0.01631093
6775905,116,78,1,40,0.005565643,1,34,0.036469221
4078243,77,118,1,33,0.006011963,1,30,0.046669722
6545414,122,88,1,56,0.008110285,1,59,0.309862137
731626,110,55,1,24,0.003102779,1,14,0.004955053
6278365,120,78,1,182,0.022908211,0,44,1.766292095
1510464,123,44,1,59,0.00665617,1,59,0.210981369
8069857,117,53,1,125,0.01566124,0,48,1.05993557
884036,83,63,1,23,0.003604174,1,23,0.022048712
6833317,73,39,1,23,0.00230217,1,23,0.026363373
6678649,127,89,1,74,0.012649059,0,38,0.928052187
5139597,99,45,1,81,0.010245085,0,19,0.703770638
5209694,49,57,1,57,0.007302284,0,8,0.026890755
2357420,120,58,1,97,0.012453318,0,3,0.101764917
7803436,75,49,1,2,0.000270128,1,2,0.000165224
9898804,72,33,1,74,0.008350849,1,58,0.43769145
9982257,91,44,1,36,0.004465818,0,11,0.029910564
3484666,80,68,1,30,0.004107475,1,33,0.065731287
9962529,77,103,1,53,0.007101297,1,53,0.416429281
7730664,58,40,1,32,0.004569292,1,25,0.025410652
4794914,52,123,1,34,0.004629374,1,38,0.135791779
6367802,100,95,1,103,0.021356583,0,13,0.125504255
1900451,104,91,0,118,0.022511482,0,24,0.880143881
3317008,87,85,1,56,0.010255814,0,8,0.104241371
541807,38,100,1,14,0.001444817,1,14,0.006134033
8983049,124,73,1,67,0.009053946,1,62,0.485720158
997102,108,121,0,0,0,0,0,1.19E-06
4899586,99,112,0,14,0.003878355,0,46,0.463906288
6262119,50,65,0,18,0.002617598,1,23,0.027549982
1466469,82,68,1,46,0.006096125,0,18,0.168596745
8183642,37,94,1,24,0.002553701,1,24,0.042452812
548062,67,47,1,50,0.005846739,1,41,0.069004536
5187017,41,109,1,65,0.007162809,1,65,0.259278297
4711932,50,112,1,100,0.012590885,0,28,1.307179451
1339482,56,54,0,10,0.001353264,0,13,0.006820679
3159833,59,109,1,118,0.017899275,1,80,1.03281641
2905587,112,43,1,44,0.006039858,0,3,0.009789705
9270916,39,92,0,15,0.002065897,1,19,0.012135744
8683483,76,43,1,30,0.003644228,1,21,0.028634548
9322778,90,71,0,92,0.015263319,1,59,0.395026207
6559886,85,65,1,65,0.008888006,1,45,0.057355404
4478900,106,115,1,12,0.002440691,1,12,0.004213572
4236701,99,82,1,89,0.013234138,0,7,0.064480305
4513771,46,114,0,6,0.000866175,0,4,0.037792444
9388703,119,33,1,75,0.007890463,0,6,0.12553668
6438076,117,34,1,77,0.007635593,1,77,0.189005136
7956048,96,65,1,24,0.004171371,1,16,0.008289337
9251123,46,86,0,1,0.000265837,0,2,0.00149107
3285006,87,84,1,36,0.006934166,1,40,0.147369146
3157053,123,100,1,40,0.005842686,1,40,0.130375624
8855032,44,46,1,16,0.002230167,1,14,0.007358789
9784563,122,61,1,47,0.005974054,0,14,0.029036999
1566833,97,72,1,31,0.004220009,0,13,0.016460657
9633881,37,48,1,18,0.002247095,0,11,0.019158363
8736422,90,37,1,17,0.001739264,1,17,0.012690306
5669333,41,106,0,40,0.004860878,1,48,0.265794277
5612754,53,40,1,49,0.006080627,0,10,0.070367336
3754990,88,124,1,99,0.017974138,0,86,1.159111023
594606,124,94,1,14,0.00305295,1,14,0.01023221
2564464,112,80,1,41,0.005501986,1,41,0.097229719
6189666,126,93,1,54,0.010106325,1,48,0.106790304
3567503,119,102,1,60,0.012079716,0,38,0.596184969
8009331,51,89,1,31,0.004853964,1,23,0.032751083
2527199,108,81,1,33,0.005259991,1,33,0.059483767
4851352,125,100,1,58,0.009217262,1,63,0.567140102
1819561,128,92,1,12,0.002506733,1,10,0.00292778
6901029,77,57,0,300,0.041244507,0,29,0.919467449
8043445,40,121,1,65,0.007553577,1,43,0.22729516
1379701,107,40,1,42,0.005126715,1,42,0.039345741
5776189,49,64,1,9,0.001153231,0,1,0.000389099
4148372,68,90,1,56,0.007124186,0,33,0.295011997
7398371,56,108,1,41,0.00481081,1,41,0.127122879
5664924,107,85,1,78,0.013272285,0,49,0.324118376
5167328,126,55,1,61,0.008281231,0,49,0.280707359
5694631,40,98,1,20,0.002134085,1,13,0.005242109
2404542,124,95,1,30,0.005681515,0,19,0.021723032
2484513,38,39,1,20,0.002158165,1,20,0.016161203
8366624,127,62,1,59,0.008324146,0,17,0.237487078
1946403,67,96,1,47,0.008074522,1,43,0.12279582
1499714,95,114,1,119,0.019541979,0,22,0.835944891
9999371,66,82,1,9,0.001349926,1,9,0.002753019
1709117,48,74,1,50,0.005577087,0,39,0.280364513
3139343,54,73,1,57,0.006932497,0,22,0.240163088
2017571,104,56,1,61,0.008783579,1,61,0.589566708
2678723,43,88,1,14,0.001628637,1,14,0.009656429
6808814,80,42,1,22,0.00272131,1,22,0.021932125
2533645,113,71,1,139,0.021881342,1,52,0.401330709
5744672,112,111,1,3,0.000708342,1,3,0.000370741
3315752,106,105,1,28,0.006679773,1,33,0.081133842
7565438,79,123,1,105,0.013439894,1,97,1.949699879
4099950,33,111,1,11,0.001457214,1,10,0.002955675
3771293,56,75,1,73,0.010304451,0,23,0.123111725
9846286,84,39,1,22,0.0022223,1,22,0.020136118
3594119,57,53,1,29,0.003398657,1,27,0.034727097
1932555,57,73,1,55,0.009780884,0,6,0.005368233
5971918,46,104,1,13,0.001580715,1,13,0.008890867
5914142,127,97,1,60,0.012144327,1,38,0.092799187
7394525,60,34,1,58,0.007353544,0,38,0.182946682
7535426,61,36,0,7,0.001087904,0,8,0.002492428
6843248,106,101,1,27,0.006298304,1,27,0.052736998
7502235,112,74,1,65,0.010262012,0,5,0.132256746
8472879,32,112,1,17,0.001821041,1,18,0.016065121
6646262,56,128,1,87,0.010965824,1,87,1.040964842
9505253,111,107,1,57,0.013239622,1,41,0.15124917
7287206,113,86,1,92,0.01631403,0,2,0.054929018
61864,113,97,1,165,0.03707099,0,8,0.397037983
349518,105,69,1,39,0.006094694,1,39,0.048692942
1349365,81,83,1,8,0.001056433,1,8,0.002142906
6902731,32,68,1,41,0.004692554,1,41,0.179371834
382613,34,63,1,54,0.00602603,1,11,0.002354383
3958572,114,38,1,80,0.00804472,0,1,0.01721406
4358500,97,118,1,9,0.001540422,1,8,0.001649857
240229,72,93,1,21,0.004442692,0,17,0.022017002
2891422,83,113,1,116,0.017555237,0,10,0.523933411
2911069,82,88,1,134,0.022996187,0,7,0.061961412
7955513,105,77,1,36,0.005438089,0,22,0.127446413
7943270,101,57,1,35,0.004296303,1,30,0.035118818
4700417,77,78,0,0,0,0,0,1.19E-06
5669050,103,67,1,111,0.018079758,0,18,0.272338867
987815,109,76,1,71,0.009361029,0,38,0.49636054
3726307,102,49,1,18,0.002343178,1,18,0.01062274
1200581,38,104,1,20,0.002965212,1,20,0.023492336
785453,101,115,1,107,0.023737907,0,73,2.471589804
7533565,34,73,1,54,0.005614996,1,50,0.296422482
9066044,43,117,1,86,0.010228872,1,74,1.041926384
5576228,121,102,1,80,0.016755819,0,32,0.629067421
1890438,87,48,1,28,0.003159285,1,28,0.029516459
7228642,34,59,1,148,0.016450405,1,59,0.582715273
3656052,83,112,1,122,0.022580862,0,25,1.269441605
8976439,41,85,1,37,0.008394957,1,35,0.075116634
1481831,104,126,1,33,0.00797534,1,33,0.082166672
1553918,55,71,1,12,0.001986027,1,4,0.00053525
5986158,108,117,0,277,0.068876505,0,3,0.088282824
334609,60,128,1,17,0.002751112,1,11,0.003775358
1946916,91,98,1,188,0.043933392,0,33,1.021535397
6826653,105,122,0,144,0.031726599,1,86,1.038107872
3952931,56,35,1,29,0.003160238,1,29,0.044078588
1726954,53,106,1,18,0.002538681,0,11,0.014973879
982577,95,68,1,38,0.005012035,1,38,0.04445219
4430407,77,93,1,51,0.00769186,1,49,0.059952736
1209581,62,76,1,53,0.007616997,0,32,0.058895111
4464175,124,58,1,28,0.003671169,1,28,0.060647488
5682521,42,101,0,24,0.002985716,0,19,0.039277077
6423061,113,63,1,68,0.008046627,1,52,0.22317481
8546787,127,89,1,74,0.01352787,0,38,0.203176022
5441684,68,80,1,19,0.002885342,1,19,0.012669563
1302366,99,100,1,11,0.002486467,1,11,0.005310297
1183130,121,33,1,3,0.000342846,1,3,0.000284195
4885980,87,98,1,23,0.00442338,1,23,0.038275242
7813266,77,98,1,100,0.017729521,0,14,0.160013676
2003377,115,121,1,64,0.015865564,1,62,0.331573248
5246692,50,87,1,58,0.007958412,0,10,0.031076908
8710686,81,127,1,24,0.004709005,0,6,0.008838654
4718719,50,118,1,6,0.000687361,1,6,0.001221657
4257684,58,46,1,46,0.005645752,1,34,0.085690975
55381,92,118,1,165,0.031475067,0,12,0.531614542
8409166,64,80,1,14,0.002385616,1,14,0.005634785
7045179,66,92,1,30,0.00515151,0,8,0.010608912
6915396,108,38,1,48,0.005003691,1,48,0.296307325
7333559,79,85,1,20,0.003435135,0,16,0.009724855
5425814,45,110,1,19,0.002174139,1,19,0.019484997
3710378,75,43,1,14,0.001801968,1,14,0.00692153
3954065,49,126,1,47,0.006633043,0,23,0.091617823
2505996,52,91,1,22,0.002659321,1,22,0.0224576
3607544,80,54,1,83,0.011623144,0,43,0.959901094
3215014,75,49,1,57,0.007302761,0,47,0.157318115
6993899,105,36,1,102,0.011339903,1,88,0.875607252
3575386,80,118,1,84,0.015608788,0,7,0.096970797
4219184,117,121,1,74,0.017796278,1,69,0.741318464
6107369,48,116,1,19,0.002638578,1,19,0.01324296
2867019,47,110,1,224,0.023930073,1,94,0.531359434
495896,33,63,1,11,0.001276016,1,11,0.004053831
8177842,117,95,1,65,0.01084137,0,16,0.126112938
8938635,86,110,1,34,0.007033587,1,34,0.059285164
8129978,88,72,1,16,0.003218651,1,16,0.012369871
1205374,113,113,1,147,0.041080713,0,4,0.02464509
3344718,61,81,0,62,0.008253336,0,61,0.465433836
8678062,40,41,1,30,0.013436079,1,30,0.059712172
1077557,49,46,1,7,0.000983,1,7,0.001771927
582426,50,55,1,69,0.008389473,0,3,0.031845093
3415579,121,86,1,76,0.011289835,1,76,0.545817852
209194,85,115,1,145,0.026644707,0,7,0.13539052
7333658,50,46,1,12,0.002292156,0,9,0.003317118
9408599,73,46,1,33,0.004196644,1,36,0.071216822
7884442,103,122,1,46,0.010766983,0,13,0.030040741
9016103,98,34,1,27,0.003068924,1,27,0.025414705
1005924,100,78,1,58,0.011314392,0,49,0.293359041
9605090,45,58,1,3,0.000381708,1,3,0.000295162
7526946,39,85,1,14,0.001610279,1,14,0.006896734
174833,96,33,1,54,0.005510092,1,54,0.210957527
7318319,41,34,0,300,0.027389288,0,2,0.000396967
9849975,89,120,1,25,0.0054214,1,23,0.019530773
7324433,33,48,1,25,0.003252029,1,25,0.042420387
389865,125,128,0,245,0.063297749,1,34,0.053741693
8888503,72,77,1,102,0.018666267,0,44,0.258081436
6903164,115,117,1,89,0.017938852,1,65,0.331372738
9685270,64,52,1,10,0.001446247,1,4,0.000557661
657822,37,90,1,31,0.003761768,1,30,0.0213449
4024408,98,60,0,31,0.004732132,0,24,0.157265902
1585305,67,39,1,27,0.003460884,0,1,0.00091815
9998536,79,119,1,11,0.001915693,1,11,0.005613327
9688536,127,114,1,55,0.012598515,0,17,0.129793167
5548367,62,44,1,37,0.004399538,0,7,0.028038025
1748915,57,99,1,68,0.008971453,0,15,0.137172937
9046984,46,95,1,72,0.008421898,1,48,0.309441566
7432659,40,73,1,10,0.001090288,1,9,0.001695156
2074397,66,49,1,37,0.005079031,1,27,0.056715488
4174709,82,43,1,39,0.005054951,0,25,0.055280209
7960059,39,81,1,20,0.002388239,0,3,0.003134966
3517002,36,68,1,28,0.002715826,1,28,0.040804148
2397163,61,49,1,42,0.004897118,0,1,0.009059906
170493,49,103,1,22,0.002565145,1,22,0.017995358
6618845,119,44,1,15,0.001749277,1,15,0.008059502
1918436,80,98,1,29,0.004355192,1,30,0.080849886
5443162,68,56,1,30,0.003987312,1,30,0.026373863
3304193,81,96,1,141,0.025577307,0,32,0.268029451
3245349,90,82,1,15,0.002225161,1,15,0.012091875
6284365,102,68,1,33,0.004949093,1,33,0.089042902
2896631,54,85,1,45,0.006088018,0,38,0.148570299
8995492,115,71,1,63,0.009071589,0,10,0.147370577
8436468,53,54,1,82,0.010406017,0,10,0.095423222
6838139,108,51,1,25,0.002983332,1,25,0.037095785
9981019,73,35,1,34,0.003875732,1,31,0.039115191
1318644,43,112,0,0,0,0,0,9.54E-07
8034836,107,119,0,300,0.067476034,0,3,0.252913952
5066486,87,93,1,68,0.00989151,0,9,0.088098764
5513622,120,119,0,39,0.009741306,0,13,0.089556932
2997745,67,70,1,71,0.011640549,0,29,0.304146528
7293084,92,126,1,88,0.017985344,0,40,1.184058905
7079474,74,122,1,23,0.003204584,1,21,0.020413399
2378126,68,84,0,0,0,0,0,1.19E-06
5912167,126,40,1,49,0.005078316,1,49,0.096549273
1590372,123,126,1,23,0.004946947,1,23,0.035457373
2439927,116,39,1,4,0.00047493,1,4,0.000506878
8534198,75,36,1,16,0.00189352,1,16,0.006490231
1008881,82,108,1,22,0.003284454,1,22,0.025720835
5102109,120,67,1,51,0.007120609,1,36,0.040057182
1956548,110,41,1,34,0.004019022,1,34,0.059119701
7425137,125,43,1,113,0.013925314,0,40,1.668780088
3678015,38,45,1,13,0.001416683,1,13,0.005265474
3165306,77,41,0,23,0.003054142,1,31,0.055631161
5009489,73,83,1,24,0.004003763,1,20,0.014406919
6456821,87,98,1,12,0.002543211,1,5,0.000897884
4734819,83,93,1,36,0.006394148,1,36,0.029791832
5588258,93,119,1,119,0.025111437,1,62,0.293944359
5491786,36,56,1,17,0.002283335,1,18,0.012259245
6726714,128,63,1,30,0.004729271,1,30,0.029789209
7545460,93,74,1,82,0.011512041,1,82,1.363414288
9879400,46,88,1,80,0.009912014,1,84,1.514960051
4359268,118,35,1,26,0.003255606,1,26,0.059942722
8876335,111,63,1,52,0.007484436,1,58,0.192501545
8404603,95,73,1,25,0.003889799,1,25,0.033245564
5512160,42,86,0,25,0.003828764,1,21,0.021693468
9290957,96,42,1,8,0.000981808,1,8,0.001461983
4236199,100,127,1,17,0.003390789,1,17,0.0095191
8941695,49,126,1,109,0.015420198,1,107,2.190311432
3888149,37,80,1,11,0.001721382,1,11,0.004704237
7377398,35,108,1,23,0.0024755,1,23,0.023352861
8184547,80,46,1,34,0.004327536,1,35,0.055950642
4438657,110,53,1,65,0.00731802,0,27,0.102948904
8886910,60,115,1,51,0.008120298,0,37,0.131815672
190503,96,111,1,68,0.014775038,1,38,0.110434771
7641851,44,118,1,52,0.005591154,1,52,0.261219263
2104034,55,120,1,46,0.006566525,1,42,0.083940029
5588074,92,54,1,43,0.005454779,1,30,0.047850847
9291892,42,61,1,34,0.003952026,1,32,0.06119442
867613,83,71,1,13,0.001888037,1,13,0.0079
4037449,41,67,1,39,0.004779339,0,36,0.160058022
3910580,41,32,1,14,0.001443386,1,14,0.005534649
4856702,106,88,1,58,0.009813786,0,1,0.002032995
2535139,38,44,1,19,0.001990318,1,19,0.024459839
9441108,51,65,1,52,0.005862951,0,7,0.062621832
4681610,127,95,1,48,0.010638714,0,38,0.169565439
3651683,86,79,1,121,0.018594027,0,16,0.128874302
2280744,120,111,1,12,0.00299716,1,8,0.001864433
6752970,119,53,1,45,0.005693436,1,45,0.158373117
2978518,88,119,1,56,0.009534836,1,56,0.109754801
3235048,96,72,1,51,0.007441521,0,2,0.014111996
2506493,98,85,1,23,0.003379107,1,21,0.016560078
3653572,75,112,1,91,0.013264418,0,25,0.161402702
5877057,124,113,1,96,0.021856308,1,52,0.27077508
4141336,94,72,1,31,0.004266739,1,31,0.096283674
1825179,93,55,1,32,0.004230499,1,32,0.057191372
3934568,51,33,1,30,0.00358057,1,26,0.0422647
4819254,65,72,1,27,0.004187822,1,28,0.021395206
9323435,106,49,1,8,0.00195837,0,8,0.004704475
9681630,39,125,1,111,0.010783434,0,25,0.515218496
2346612,114,65,1,117,0.016039848,0,9,0.458297491
7536945,71,69,1,24,0.003201485,1,24,0.040040016
998506,105,88,1,107,0.017524958,1,65,0.141788721
9493793,81,81,1,21,0.003023624,1,21,0.026477337
1496549,114,57,0,46,0.00568223,0,44,0.26452589
784876,128,104,1,72,0.012330294,0,30,0.388130188
4929777,34,68,1,31,0.003306866,1,31,0.03135252
7341090,115,117,0,46,0.009776831,0,29,0.20450592
9637612,115,104,0,161,0.036175013,0,4,0.241739988
7103114,97,121,1,53,0.011404514,1,58,0.500335693
1058162,51,58,1,75,0.010685205,0,20,0.120949268
606287,56,49,1,12,0.001500607,1,12,0.00632906
9533630,33,62,1,24,0.002647161,1,24,0.023289204
5812687,112,104,1,86,0.017014503,1,80,0.771394491
8034773,74,90,1,61,0.008003712,1,57,0.276165962
5395411,64,56,1,49,0.007909775,0,18,0.048662186
4309916,63,56,1,9,0.001137018,1,9,0.002549648
148530,48,60,0,40,0.006344795,0,15,0.051217794
2364293,113,115,1,89,0.022509098,0,12,0.153658867
4075125,103,56,1,26,0.003365517,1,22,0.023030281
4534394,69,70,1,13,0.002360344,0,1,0.000751972
8225862,65,33,1,33,0.003682375,0,22,0.05704689
356937,95,94,1,38,0.006483316,0,23,0.029536486
4904213,79,52,1,46,0.006088734,1,42,0.136108875
9858853,52,45,1,46,0.005880356,1,42,0.068947554
6244600,88,78,1,94,0.016943455,0,38,0.573136091
2555470,48,124,1,26,0.003454685,1,26,0.05503583
2125524,37,58,1,49,0.005175352,1,43,0.187262774
9613632,109,34,1,6,0.000709534,1,6,0.001029491
1528261,38,123,1,29,0.003035307,1,29,0.029539347
5774574,61,61,0,120,0.019697428,0,20,0.091116667
5890177,99,81,1,62,0.009074211,1,61,0.123626709
8105023,106,60,1,45,0.005903721,1,37,0.045942307
208240,109,104,1,98,0.019975185,0,12,0.046000004
9996213,90,54,1,29,0.003823996,1,29,0.0292871
4186335,40,124,0,12,0.001433611,0,6,0.02435565
7279736,96,65,1,76,0.010275126,0,48,1.268065691
82597,65,74,1,56,0.008706093,1,56,0.565223932
4745932,40,88,1,20,0.002103329,1,20,0.02449131
6638178,34,71,1,18,0.002242327,0,9,0.016801596
3799019,56,81,0,138,0.015973091,1,19,0.009162664
4347061,58,115,1,11,0.001283169,1,11,0.004989862
346046,104,88,0,0,0,0,0,0
4014959,124,40,1,23,0.002625942,1,23,0.014318466
2772498,50,89,1,81,0.010820866,0,11,0.051765203
5942425,47,110,1,32,0.003278732,1,32,0.05406642
7558572,34,109,1,35,0.003565311,1,35,0.069337845
3818636,69,54,0,32,0.004943132,1,35,0.046620131
5840389,62,106,1,10,0.001494408,1,10,0.002610445
6659399,85,42,1,38,0.004642248,0,13,0.12000823
9194015,93,64,1,50,0.006700516,0,11,0.108599424
7079074,94,96,1,49,0.008373976,1,49,0.057926178
8332255,75,40,1,224,0.020514011,1,52,0.072985649
983024,38,90,1,8,0.000842094,1,8,0.002561808
3617057,122,81,1,34,0.005084753,1,32,0.073035479
6301740,120,71,1,38,0.005529642,0,19,0.140720844
7056248,38,60,1,27,0.002927303,1,27,0.040922403
2754158,37,100,1,17,0.001796722,1,17,0.009791374
1250115,80,40,1,26,0.003179312,1,24,0.024161577
2939211,101,79,1,14,0.001919031,1,14,0.009999037
237401,122,61,1,23,0.003091812,1,23,0.018277407
8705624,72,53,1,39,0.005280018,1,39,0.106103182
2805831,110,87,1,64,0.010108948,1,74,0.81292963
3961309,32,53,0,27,0.003181458,0,14,0.015192509
2253716,75,85,1,16,0.002488375,1,13,0.004737616
1030098,79,123,1,22,0.003988981,1,22,0.017493725
7404810,73,53,1,76,0.011073112,1,58,0.468360901
2508632,33,43,1,32,0.003625393,0,4,0.002827883
4603750,128,124,1,67,0.01848793,0,50,0.093136549
9888938,66,112,1,35,0.005680323,1,35,0.030860662
2450374,57,95,1,40,0.004848719,1,43,0.106443644
1389551,56,83,1,123,0.017503738,1,69,0.898465157
4748916,119,68,1,26,0.004246712,1,27,0.055000067
9370064,81,38,1,40,0.004621983,1,41,0.069862843
5986699,115,117,1,50,0.010745525,0,16,0.328800201
,,,0.9104,52.1663,0.008382238,0.6282,28.2069,0.24709732
,,,,40.4629099,0.006036678,,,