seed,width,height,rl_success,rl_steps,rl_time,astar_success,astar_steps,astar_time
7727465,126,80,1,69,0.011228085,1,69,0.396481991
9654485,76,71,1,39,0.004911661,0,18,0.044157982
571686,41,121,1,27,0.002688169,1,27,0.029675484
6041994,66,117,1,71,0.01067543,0,27,0.409958601
5306708,106,101,1,53,0.00778842,0,28,0.21293807
3859555,87,55,1,74,0.009572029,0,23,0.737710238
3745138,49,113,1,118,0.012069225,0,12,0.72735548
8056216,33,53,1,20,0.002182722,1,20,0.013809443
8000260,64,39,1,15,0.001417875,1,15,0.007528543
9645752,104,108,1,73,0.016690969,1,61,0.228229523
3738691,121,59,1,1,0.000143051,1,1,6.39E-05
3102155,51,110,1,37,0.004800797,1,37,0.131308079
6083358,74,51,1,63,0.008255005,1,59,0.436893225
561902,59,108,0,9,0.001396894,0,13,0.012968302
7997347,106,75,1,94,0.013370991,0,28,0.044604063
2527774,63,91,1,16,0.002586365,1,16,0.011590242
7041279,99,36,1,22,0.002166986,1,22,0.031048059
1328327,36,98,1,39,0.00475359,1,39,0.08109355
169385,65,42,1,37,0.004033804,1,33,0.08558917
8805787,64,32,1,52,0.005980492,0,4,0.027797937
2530628,77,94,1,59,0.009552717,0,54,0.313611984
6296077,91,62,0,0,0,0,0,0
9131515,69,40,1,6,0.00083828,1,6,0.000921965
7664639,33,85,1,7,0.000707626,1,7,0.001746893
6951583,97,69,1,31,0.004622698,0,2,0.006809235
2853170,105,43,1,47,0.005812407,1,47,0.176124573
4206191,117,49,1,5,0.000628233,1,5,0.000696659
5616212,76,68,0,0,1.19E-06,0,0,0
4189925,117,124,1,34,0.009222984,1,27,0.034838676
3422781,89,104,0,6,0.001351357,0,5,0.023030519
9984562,37,50,1,8,0.00090909,1,8,0.001473427
289376,74,124,1,19,0.002565384,1,19,0.015693903
4196237,118,103,0,300,0.057532072,0,50,2.503244162
4440131,88,80,1,52,0.01133585,0,42,0.349888802
6618246,80,123,1,93,0.016588926,0,3,0.047919035
4793005,74,60,1,20,0.002779961,1,20,0.008377552
1385261,54,78,1,42,0.005700111,0,4,0.023139954
1035793,99,96,1,52,0.008022308,1,51,0.290840626
5021919,87,127,1,83,0.016453505,1,94,1.428932667
3577016,107,76,0,54,0.009123564,0,44,0.283301353
9026108,75,114,1,27,0.003777027,1,30,0.046582699
5439250,64,42,1,20,0.002605915,1,20,0.016824961
7477535,44,87,1,71,0.010292292,1,74,1.022446156
6745981,76,100,1,106,0.018719435,1,26,0.016104937
7779344,59,119,1,32,0.004882813,1,32,0.102954626
5295041,119,78,1,22,0.002852201,1,22,0.025847435
6422215,118,45,1,104,0.013447523,1,100,0.287255764
9117287,76,37,1,12,0.001462221,1,12,0.006961823
446076,126,80,1,85,0.0127635,0,90,1.372145414
2109209,125,48,1,84,0.009245396,1,84,1.274670839
6357708,50,109,1,53,0.007255793,1,53,0.346146584
751413,57,63,0,25,0.003431559,0,24,0.036612034
749816,77,79,1,13,0.002394438,0,6,0.003085375
4562513,102,119,1,34,0.008136511,1,30,0.03579998
4866193,97,56,1,22,0.00322032,1,14,0.007311821
1965124,91,73,1,32,0.006064653,1,33,0.058120251
3318127,114,72,1,31,0.005801678,1,28,0.043633223
6142371,35,95,1,183,0.016741037,1,80,0.645636559
8483099,105,38,1,6,0.000647306,1,6,0.001101255
7336747,93,38,0,37,0.031306744,0,13,0.045404196
4013324,66,81,1,25,0.00357151,1,25,0.04590559
410186,96,105,1,56,0.009488583,0,12,0.130838633
6253973,33,116,0,300,0.026712418,0,94,0.466338873
5484886,39,47,0,38,0.004354,1,42,0.085380554
1123372,53,103,1,60,0.006539345,0,20,0.400645494
8846498,61,41,1,55,0.00608182,1,41,0.168218613
94745,73,128,1,80,0.011774778,0,33,0.231486082
7792571,108,83,1,49,0.008836985,1,43,0.164803505
5318512,79,105,1,33,0.005284548,1,33,0.06896019
9388530,33,65,1,22,0.002629519,1,22,0.017834902
901905,65,115,1,49,0.006787777,1,49,0.316841364
3237927,45,97,1,11,0.001544237,1,11,0.005710602
2119278,96,119,1,151,0.027621269,1,88,1.097275972
9940709,89,43,1,47,0.0061481,0,32,0.076113939
4315383,69,60,1,11,0.001790762,1,11,0.004014254
523650,85,56,1,58,0.007039309,0,2,0.01755619
2118508,108,122,1,107,0.019168139,0,35,0.346223116
9158251,46,93,1,63,0.007704973,1,63,0.673535824
6526662,104,85,1,54,0.008310556,0,29,0.408789158
3487683,125,39,1,74,0.0085392,0,3,0.006115913
7657170,49,124,1,112,0.012355089,1,47,0.301342487
8919409,112,35,1,31,0.003765345,1,31,0.026457787
2758234,53,110,1,13,0.001645327,1,10,0.003584623
1117903,49,95,1,12,0.001542091,1,12,0.005462646
9979844,113,37,1,44,0.005346775,1,42,0.070712805
9354864,64,101,1,87,0.013584852,0,36,0.482263565
1833224,122,113,1,163,0.045020819,0,6,0.085083723
7534305,71,123,1,16,0.002035618,1,16,0.013963223
1677424,49,78,1,34,0.004109383,1,34,0.113953829
6023081,91,35,1,51,0.00556922,0,8,0.137817383
7435954,47,34,0,12,0.001505375,1,17,0.011373997
5626855,90,48,1,19,0.002102137,1,19,0.017467499
8169400,62,80,1,19,0.002551317,1,19,0.022536516
4221685,98,107,1,62,0.014253855,1,43,0.107693434
7548959,56,70,1,184,0.025684834,0,5,0.056586027
187866,54,46,1,32,0.003737926,0,9,0.047031403
3353206,68,65,1,22,0.003445148,0,1,0.0027771
9361810,58,41,1,25,0.002712011,1,25,0.048799992
8645059,39,77,1,17,0.001799345,1,17,0.00880456
6766826,45,88,1,43,0.005418062,0,13,0.069307566
78539,64,75,1,10,0.001369476,1,10,0.002265215
3409431,34,99,1,24,0.002691031,1,24,0.020487309
1192280,91,69,1,60,0.007837534,0,35,0.466575384
9677559,73,34,1,61,0.007354736,0,1,0.02116704
1625433,33,126,1,2,0.000221729,1,2,0.000193119
2775112,44,108,1,26,0.00315547,1,28,0.03068471
3252776,58,121,1,28,0.00330615,1,28,0.054025888
580836,99,83,1,56,0.009092569,1,52,0.268905401
256942,73,69,1,47,0.006963491,0,26,0.176941872
6983090,39,124,1,58,0.006283045,1,58,0.102145195
7796376,111,39,1,58,0.006103754,0,10,0.181191921
2349283,55,32,1,6,0.000702143,1,6,0.001132011
6105532,123,60,1,35,0.004412413,1,25,0.025494576
7345980,59,64,1,57,0.009337425,1,55,0.400198221
500603,93,68,1,53,0.006413221,0,9,0.121559858
5914858,120,111,1,171,0.035454512,0,47,1.471626759
7632295,106,42,0,85,0.01018548,1,48,0.069101095
8035360,120,111,1,77,0.018603802,0,19,0.165807962
7795210,50,46,1,30,0.003643513,0,8,0.014032841
9951290,115,95,1,59,0.012141705,0,42,0.472980976
7169829,125,102,1,51,0.007920504,1,47,0.082654953
4475051,88,45,1,1,0.000115871,1,1,6.20E-05
8207908,71,63,1,50,0.005956411,1,45,0.17179656
9705667,104,39,1,27,0.002915144,1,27,0.030453444
8120196,54,62,1,19,0.00270319,1,19,0.012154341
8419058,105,115,1,206,0.04997921,1,100,1.10104394
9489060,85,63,1,35,0.005179644,0,27,0.040446043
4033267,105,121,1,42,0.007373333,0,30,0.092393637
309133,112,33,1,46,0.004847288,1,46,0.082759619
6809617,36,48,1,33,0.003278732,1,33,0.064521074
8168566,45,126,1,37,0.004343271,1,36,0.063878775
5969771,104,79,1,64,0.010774612,1,64,0.140191078
5113594,111,43,1,72,0.008774757,1,66,0.260922909
4761840,37,38,1,20,0.002151728,1,20,0.011838913
3028697,37,74,1,30,0.003519535,0,12,0.025793552
4739544,61,125,1,64,0.007625341,1,54,0.471841574
4241886,106,57,1,33,0.004029751,0,17,0.046977758
9140755,122,42,1,28,0.002933264,0,7,0.030430317
2840159,79,97,0,8,0.001901388,0,3,0.011003017
7993685,76,56,1,23,0.002938747,0,4,0.003412724
3052768,120,71,1,90,0.014256001,0,15,0.39532423
3721913,54,39,1,57,0.006345272,0,9,0.01539731
8321737,102,80,1,70,0.010659218,1,67,0.5842278
2300797,71,34,1,25,0.002542496,1,25,0.024837971
3300905,33,86,1,24,0.002310276,1,24,0.017866135
2302891,109,49,1,75,0.010307789,0,21,0.147140741
4528033,109,121,1,9,0.00197053,1,8,0.001812696
7627740,50,54,1,61,0.008091927,0,27,0.072197914
3667152,55,124,1,55,0.006411076,1,54,0.320304394
8488521,110,80,1,40,0.006754637,1,40,0.10532403
1122016,123,61,1,53,0.007681131,1,53,0.358078957
2341603,104,57,1,63,0.00867486,1,48,0.177443027
4484153,45,81,1,37,0.004228592,1,38,0.059825897
4871143,59,118,0,0,0,0,0,0
1289662,128,115,1,99,0.020953894,1,76,0.344174385
5858882,69,66,1,48,0.007512569,1,44,0.16733098
6624661,68,63,1,46,0.006819487,1,55,0.274568796
6096590,126,51,1,71,0.010608673,0,51,0.286231756
979647,100,72,1,26,0.00361681,1,26,0.044687271
430043,42,61,1,9,0.00114584,1,9,0.002631187
2698604,44,111,1,14,0.001801729,1,14,0.007692099
1384661,119,122,0,300,0.082410574,0,38,0.942886829
1638432,49,106,1,44,0.005241632,1,44,0.111988068
4905856,122,69,1,40,0.005251646,0,23,0.083803654
4789056,99,63,1,9,0.001169443,1,9,0.002001762
2376951,73,113,1,88,0.015787601,1,64,0.351032257
8931839,48,70,1,25,0.003350973,0,9,0.011118174
5813863,81,85,1,187,0.031295538,0,36,0.317629576
7222447,99,55,1,25,0.003752947,1,25,0.049476624
7870033,73,99,1,215,0.032970667,1,39,0.09348011
1494309,68,44,1,15,0.001889229,1,15,0.008513689
950208,35,53,1,19,0.002179384,0,11,0.004832745
1828846,101,101,1,133,0.030295134,0,5,0.022463083
6905639,65,39,1,20,0.002782822,0,19,0.020308971
803258,69,107,1,47,0.007422447,1,31,0.059623718
1796872,36,118,1,18,0.002105236,1,18,0.015074253
122362,73,45,1,32,0.003585339,1,32,0.069442511
2658169,81,47,1,20,0.002374411,1,20,0.019396782
8826586,42,68,1,50,0.005829811,1,46,0.205981493
6786864,119,44,1,57,0.005712509,1,57,0.111093998
9904030,34,88,1,2,0.0002141,1,2,0.000157833
7960775,56,91,1,25,0.003303289,0,12,0.023352146
9562395,97,69,1,44,0.005491734,1,46,0.069616556
2936683,122,67,1,50,0.008075237,0,4,0.024001122
7110147,74,113,1,52,0.008542776,1,54,0.2254529
490945,87,125,1,58,0.009809971,0,6,0.105629683
2642218,80,78,1,19,0.002761602,1,19,0.013324499
171207,123,84,1,169,0.034968853,0,36,0.544004202
2178608,57,66,1,32,0.004789114,1,31,0.070220232
9462391,86,95,1,153,0.030249357,0,11,0.074275255
5455551,118,60,1,104,0.015713692,0,25,0.45721221
5065205,68,81,1,24,0.003047705,1,24,0.023918152
8748658,50,114,1,12,0.001360178,1,11,0.003943682
1368342,118,55,1,26,0.003673077,1,26,0.034371614
5829761,81,58,1,54,0.007462502,0,31,0.255592585
3328205,90,82,1,68,0.012575865,0,12,0.153146982
6847899,102,56,1,70,0.009232998,0,19,0.27053237
5638236,45,84,1,33,0.003595114,1,33,0.104773045
3107577,122,46,1,60,0.006731033,1,60,0.063419104
542485,64,69,1,22,0.002843857,1,22,0.023646593
4411574,74,63,1,75,0.009917021,1,53,0.344316483
4086063,41,122,1,75,0.007547379,0,27,0.696542025
7339837,68,53,1,51,0.00598526,0,34,0.266768932
7110130,124,125,1,93,0.018485546,0,11,0.067067862
6119136,98,33,1,20,0.002380848,1,20,0.014006376
6907897,68,115,1,30,0.003970623,1,30,0.038484573
866139,70,102,1,66,0.011707544,1,42,0.133866549
4835805,81,63,0,11,0.001517534,1,19,0.011503696
4277180,73,77,0,35,0.005398273,1,69,0.673186779
200603,95,42,1,33,0.004065514,1,33,0.045011759
6744692,72,74,1,30,0.004559755,1,32,0.050163746
7772479,67,106,1,61,0.008868694,0,12,0.107307911
3528695,36,119,1,78,0.008017063,1,78,0.42770195
2602632,55,50,1,22,0.00264883,1,22,0.029689074
3778111,69,65,1,14,0.001979113,1,13,0.008550167
9031117,42,32,1,17,0.002038002,1,17,0.012375832
9229715,71,127,1,20,0.002823353,1,20,0.007472754
143189,96,92,1,21,0.004751921,1,21,0.028305054
4030616,100,53,1,14,0.001813173,1,14,0.009131432
4591510,77,69,1,292,0.039862871,0,11,0.027065039
3289737,126,60,0,300,0.039097071,1,81,0.675373793
256763,33,82,1,19,0.001974583,1,19,0.00762701
9827277,93,99,1,145,0.023563385,0,44,1.556325912
7699941,50,51,1,43,0.005706549,1,43,0.07602787
1640199,86,33,1,1,0.000102043,1,1,6.20E-05
8438006,123,59,1,89,0.010406256,1,89,1.940588474
8993211,36,80,1,30,0.003369093,1,26,0.039444447
7147087,110,90,1,48,0.007083893,1,48,0.244882584
1617288,74,41,1,23,0.002487898,1,23,0.021541595
5632889,66,41,1,59,0.00617981,0,41,0.241412401
8428218,69,112,1,65,0.00923562,1,56,0.294411421
5032184,86,93,0,0,0,0,0,9.54E-07
1618028,106,72,1,84,0.011595964,0,49,1.502415895
2126229,98,78,1,73,0.013577938,0,31,0.913612366
8200979,83,64,1,15,0.002563477,1,15,0.009589672
1874495,74,92,1,34,0.004535437,1,34,0.046860695
8593585,95,99,1,18,0.00341177,1,18,0.017854691
1939347,122,44,1,20,0.002545357,1,20,0.027982473
5425382,104,69,1,117,0.017721653,0,13,0.407077312
730614,123,115,1,20,0.003952026,1,20,0.019199848
3253128,75,101,1,47,0.006498814,0,11,0.078128576
7772489,70,97,1,40,0.005375385,0,6,0.037662029
9093154,113,41,1,79,0.008257866,0,33,0.850606918
5016323,101,34,1,17,0.003590107,1,17,0.026651144
2189135,50,61,0,38,0.00568676,1,34,0.025869846
8174233,91,118,1,95,0.017009258,0,26,0.204702854
3635630,119,116,1,38,0.009593248,1,38,0.052662373
2599164,101,78,1,29,0.007432222,1,26,0.027986288
8210639,41,66,1,31,0.004698515,0,12,0.042196512
6476776,108,39,1,6,0.00077486,1,6,0.000931263
9349178,113,41,1,32,0.003627539,1,30,0.069245577
2355911,90,43,1,257,0.029828787,1,83,1.910216808
2030399,65,125,1,44,0.007560015,0,34,0.201182127
8659526,103,79,1,82,0.017825603,0,62,0.683845758
6172899,112,103,0,31,0.009623289,1,102,1.429457903
7864042,88,57,1,93,0.015470743,0,53,1.042453051
5961959,49,96,1,16,0.002999544,1,16,0.009705305
3590815,124,33,1,82,0.010245562,0,14,0.206751108
2706710,115,110,1,92,0.019959211,0,48,2.140782595
4263357,57,43,1,53,0.007411718,0,17,0.147796631
286476,108,35,1,10,0.001146078,1,10,0.003188848
6904107,111,96,1,148,0.035684347,1,78,0.935267687
9711015,78,57,1,59,0.011187315,0,25,0.096958876
2780411,46,90,1,18,0.003106594,1,18,0.014821291
6914338,43,74,1,82,0.011183262,1,68,0.922383547
3682835,84,98,1,13,0.002328157,1,13,0.004949093
1313846,83,87,1,75,0.012933731,1,76,0.569883585
7461070,125,104,1,23,0.007589817,1,23,0.032633066
5308240,69,108,0,20,0.003877163,0,21,0.026743412
4155532,101,82,1,88,0.014086485,0,53,1.114786386
5913252,94,76,1,27,0.004937172,1,25,0.048821926
7843091,116,111,1,55,0.011915445,0,26,0.1402843
2819586,61,107,0,30,0.004764557,1,47,0.107112646
9891435,105,108,0,0,0,0,0,9.54E-07
8581771,82,44,1,172,0.022549152,0,69,1.184659719
9785239,120,64,1,24,0.003251791,1,24,0.025856256
4107833,64,125,1,23,0.003666162,0,4,0.003409624
8324679,92,52,1,31,0.004154921,1,31,0.096321344
6047445,125,116,1,101,0.026698351,0,22,0.805688143
5598255,115,72,1,92,0.01295495,0,7,0.03427577
2084765,59,76,1,46,0.00639081,1,46,0.097287416
2159442,113,87,1,33,0.007402182,1,28,0.040320635
3885425,97,82,1,91,0.0137887,0,3,0.0340693
7813794,32,118,1,13,0.001391172,1,12,0.006472111
8504182,104,87,1,108,0.01935339,0,18,0.738309383
319662,120,45,1,35,0.004398108,1,31,0.036174059
5628436,123,96,1,103,0.021475077,1,65,0.583206415
545221,36,63,1,29,0.003252506,0,26,0.049967766
5726050,102,58,1,79,0.012662411,0,11,0.233709812
8991372,33,37,1,50,0.007662535,1,26,0.039236069
6631985,109,59,1,23,0.003561735,1,21,0.017925262
4626188,111,118,0,56,0.017439842,1,45,0.191716433
3141905,104,79,1,69,0.012870789,1,65,0.578331947
3822491,128,81,1,77,0.011808634,1,55,0.386795521
1300369,32,71,1,40,0.005966663,1,40,0.197253704
1905628,93,103,1,17,0.004190207,0,7,0.003838301
4281840,102,54,1,72,0.010008097,0,25,0.139559984
5951618,84,109,1,42,0.00735116,1,41,0.115142822
225768,77,32,1,27,0.003268003,1,27,0.035488129
6347965,115,98,1,49,0.007531404,1,49,0.247885227
5484472,44,90,1,31,0.003669977,1,31,0.037395716
7793339,78,79,1,87,0.015837431,1,67,0.394180536
1039649,126,45,1,37,0.004504204,1,37,0.152837992
3533414,85,109,1,75,0.016676188,1,76,0.536448717
1120121,54,96,0,41,0.021559715,1,51,0.292550087
9351911,109,121,1,2,0.000483274,1,2,0.000160933
8830268,84,55,1,37,0.004685163,0,38,0.13585043
7930733,41,87,0,0,0,0,0,9.54E-07
4103232,124,88,1,35,0.005489111,1,35,0.035366535
1889646,35,36,1,16,0.001805067,1,15,0.010746479
1927383,100,68,1,87,0.012072802,0,50,0.506895065
2977899,39,97,1,13,0.001563549,1,13,0.00373745
691056,60,40,1,3,0.000370026,1,2,0.00015974
8066858,114,59,1,78,0.011800766,0,33,0.423915386
83047,63,78,1,16,0.002729893,1,15,0.006068707
235424,46,49,1,21,0.002226353,1,21,0.018711329
3339252,41,118,1,56,0.007229328,0,12,0.1015203
462480,105,124,1,35,0.005880117,1,35,0.066308737
3157378,102,53,1,59,0.007054567,0,12,0.200414419
1984646,46,98,1,8,0.000927687,1,8,0.001430988
9220702,126,104,1,107,0.019191027,0,54,0.895601034
8560083,39,46,0,6,0.000849724,0,6,0.002747297
7977863,107,127,1,79,0.018743038,0,16,0.13215065
4762406,37,100,1,32,0.003568172,1,31,0.081206322
3293052,118,33,1,37,0.003675222,1,37,0.108659506
321969,38,74,1,54,0.006449699,1,54,0.188806772
3207770,64,98,1,44,0.00697732,0,18,0.169499874
6699350,32,39,0,11,0.003271818,1,17,0.033345699
4716872,71,32,1,34,0.00349021,1,34,0.07675457
4892943,81,44,1,64,0.010038376,1,56,0.458649874
8290714,58,65,1,39,0.005074263,1,40,0.179807425
1339224,121,79,1,35,0.006175756,1,23,0.033219099
9525117,89,44,1,40,0.00527072,0,27,0.037595987
4776854,44,56,0,0,0,0,0,0
3167765,65,45,1,48,0.005619287,0,3,0.020216227
240166,46,56,0,0,0,0,0,0
911493,98,105,1,127,0.03222394,0,37,0.360876083
3164996,88,123,1,8,0.001250982,1,8,0.002284527
9354311,88,112,1,19,0.004076242,1,19,0.013755083
3164598,54,122,1,52,0.006392241,0,14,0.142677546
7714707,96,116,1,51,0.010406733,0,34,0.228839159
6676338,71,110,1,61,0.009842634,1,56,0.44314909
4165922,108,83,1,85,0.017138243,0,64,0.472210646
576055,118,97,1,106,0.024181128,1,62,0.383845329
3221126,94,45,1,23,0.002741814,1,22,0.013706684
595726,106,35,1,70,0.007842302,1,70,0.344144106
2385443,92,73,1,63,0.00890255,1,52,0.211012363
9270677,111,114,1,21,0.004471302,1,21,0.022491217
3008379,49,124,1,26,0.003115416,1,26,0.023716211
2208698,102,61,1,83,0.013515711,0,16,0.048520803
1041713,105,112,1,24,0.005799055,0,11,0.02229619
2369567,41,34,1,31,0.003976345,1,25,0.037260294
1319146,70,114,1,44,0.005900383,1,44,0.088855982
5091280,77,37,1,48,0.00488019,1,48,0.161057234
3160829,123,106,0,188,0.039696693,0,95,1.456053495
6565655,123,83,1,38,0.007274628,1,36,0.128922701
6155754,41,124,1,26,0.005107641,1,25,0.059188843
1040089,85,77,1,57,0.010286808,0,20,0.07064867
2680168,69,35,1,17,0.002525568,0,7,0.004921675
1962290,97,125,1,53,0.009478331,0,30,0.049385548
7134091,71,98,1,37,0.005618811,1,37,0.067658186
3014708,42,88,1,48,0.005870342,0,35,0.059908867
6446307,92,57,1,48,0.00666213,1,24,0.044972658
2098234,89,126,1,45,0.007777691,1,44,0.195887327
8429686,55,71,1,11,0.001429081,1,11,0.005856037
1749331,35,84,1,11,0.00105834,1,10,0.002629042
3102442,68,108,0,20,0.002704144,0,2,0.002429962
9423774,124,42,1,81,0.010234356,1,63,0.163094044
485081,70,65,1,91,0.015452862,0,14,0.217207432
6517898,103,86,1,72,0.010891676,0,13,0.094594479
9914831,34,126,1,12,0.001398563,1,12,0.005248785
7307297,79,114,1,53,0.008432388,0,7,0.120377064
8181936,112,63,0,300,0.037569761,0,18,0.155108213
7117954,58,35,0,39,0.00569725,1,43,0.055224895
1927117,116,46,1,30,0.004240274,1,20,0.014153242
1449327,79,72,1,15,0.002348661,1,15,0.010661602
3516994,90,79,1,33,0.007209778,1,23,0.017970085
4656901,36,87,1,24,0.003054619,1,21,0.021540165
2717528,60,125,1,125,0.019978046,1,92,1.934501648
7553969,73,63,0,81,0.012999296,1,26,0.035735846
4886586,85,50,1,40,0.005794525,1,40,0.136915445
6285204,120,41,1,41,0.004465342,1,41,0.063616514
3979008,32,81,1,68,0.007962227,0,41,0.690871
5062785,94,114,1,85,0.019055367,0,62,0.314094782
8312925,62,35,1,34,0.003755331,0,4,0.010412216
6966781,119,117,1,52,0.014853477,0,16,0.076857567
5868810,32,127,1,24,0.00248313,1,22,0.018543482
7552729,35,57,1,34,0.004005671,1,34,0.065943241
6657192,71,52,1,11,0.001772165,1,9,0.003350019
2364082,122,38,1,20,0.002333403,1,20,0.013140917
5833428,57,36,1,27,0.002822399,1,27,0.033955336
1143072,38,79,1,22,0.00259614,1,25,0.026577473
5069372,59,52,0,10,0.001557827,0,8,0.004395962
7490037,39,113,0,5,0.000636816,0,5,0.002675533
7413813,118,34,1,31,0.003020287,1,31,0.098924398
490783,123,58,0,72,0.010256529,0,28,0.089508057
4992240,74,85,1,147,0.022777319,0,47,0.11158371
4564825,61,122,1,12,0.00158143,1,12,0.003956795
9341358,120,116,1,50,0.009554386,1,41,0.043054819
8276122,126,70,1,43,0.007304668,1,46,0.156136513
6991583,79,44,1,15,0.001936436,1,14,0.007918835
1900815,105,110,1,130,0.030236721,0,20,0.36123991
7422712,98,120,1,30,0.00456357,1,30,0.08539629
5747040,102,34,1,42,0.004069328,0,6,0.045030832
4605449,78,80,1,28,0.004535913,1,33,0.094216108
8636286,45,105,1,14,0.001915693,1,5,0.000799179
9041673,93,121,1,66,0.012667418,0,13,0.174979925
9698893,113,42,1,59,0.007376194,1,49,0.27958107
9891770,112,79,0,300,0.046444178,0,63,1.068930626
6610114,68,66,0,0,9.54E-07,0,0,0
8722131,108,35,1,17,0.00235033,1,17,0.008553743
6725828,32,101,1,50,0.005835056,0,8,0.045285702
6943086,99,68,1,43,0.00661993,1,29,0.039314985
5130368,51,107,1,34,0.004761457,1,34,0.081409454
3852144,128,96,1,128,0.020479918,0,3,0.213407993
486168,50,96,1,26,0.003440857,0,15,0.028573513
3490816,87,84,1,37,0.007682085,0,5,0.014553785
8112694,102,57,1,56,0.006910324,0,23,0.384429693
3235406,37,63,1,14,0.001799822,1,13,0.004510164
2388433,84,113,1,38,0.006457567,0,5,0.008203983
2369922,88,95,1,30,0.005712509,1,30,0.080720186
9390364,79,33,1,22,0.002576828,0,19,0.012686968
9205955,103,52,1,13,0.001739264,1,13,0.008244038
3399383,128,107,1,34,0.006771564,1,30,0.059815168
2510471,80,66,1,6,0.000762463,1,6,0.000929117
7456113,123,98,1,123,0.023073912,0,27,1.987045288
2737896,43,113,1,27,0.003381968,1,27,0.045572758
9401124,73,73,1,76,0.012458801,0,5,0.040420771
4041879,52,74,1,15,0.001896381,1,15,0.010154486
5047016,72,65,1,31,0.004106045,1,31,0.056498528
9086187,84,36,1,5,0.0006814,1,5,0.000737667
1480882,89,126,1,50,0.008496523,1,48,0.327582121
4323506,97,71,1,78,0.011761189,0,78,0.891849279
6600841,50,64,1,14,0.002060652,1,12,0.004863262
1885734,87,86,1,224,0.034888268,0,13,0.246612549
3277402,64,84,0,300,0.163687706,0,42,0.648343086
1911924,66,118,1,60,0.009655476,1,58,0.381471872
2318038,56,64,0,13,0.0019207,0,13,0.01586175
8530841,119,117,1,31,0.009346962,1,32,0.083036661
9078719,64,95,1,46,0.007112265,1,43,0.099579811
139447,99,99,0,80,0.01895237,0,25,0.22580862
7267146,74,93,1,78,0.013398409,1,77,0.47613287
7936751,112,128,1,27,0.005371809,1,27,0.052878857
6972736,100,49,1,79,0.009180784,0,37,1.224773884
7126781,107,121,1,82,0.019468546,0,68,1.466753721
2757976,119,74,1,45,0.00688529,1,33,0.063328028
7148579,69,57,1,59,0.007504225,0,38,0.437385321
4420403,47,98,1,59,0.006754398,1,58,0.160306692
6093165,38,79,1,15,0.001634121,1,14,0.006467342
2237637,122,72,0,66,0.009243488,0,63,0.155178547
2498358,105,102,1,100,0.018854618,0,13,0.318024874
2053178,86,128,1,75,0.014571905,1,68,0.523571491
5428293,87,93,1,23,0.00357914,1,23,0.031268597
4444161,110,122,1,22,0.005382776,1,22,0.031695127
9655822,83,121,1,148,0.025317192,1,78,0.622961044
5946238,114,66,1,19,0.002558231,1,18,0.01580739
8054211,97,65,0,52,0.00821209,1,60,0.199505329
2830305,62,46,1,38,0.004243374,0,2,0.018167973
4227730,95,71,1,33,0.00509572,0,22,0.048608065
5279141,78,61,1,43,0.00578928,1,32,0.07211113
7086252,66,59,1,35,0.004306078,1,38,0.10106802
9432176,100,42,1,5,0.000571966,1,5,0.000769854
5108905,101,103,0,0,0,0,0,9.54E-07
1188055,75,83,1,47,0.007274389,0,27,0.066441298
7373035,74,59,1,41,0.004803658,1,41,0.095112562
862362,85,35,1,15,0.001536846,1,15,0.006096125
6945057,76,39,1,26,0.002837658,1,26,0.024569273
9827672,128,72,1,66,0.009967566,0,48,0.420508862
1803126,86,61,1,77,0.009417057,1,35,0.054062843
852327,67,69,1,30,0.004168034,1,30,0.050433159
609410,45,59,1,23,0.002549887,1,23,0.009956598
7800740,90,58,1,28,0.003715277,0,9,0.014496326
8612379,42,58,1,28,0.003476381,1,30,0.040194511
388447,96,91,1,21,0.00390625,1,23,0.026726007
8962346,114,107,1,54,0.011514187,0,31,0.236488342
7015678,117,76,1,18,0.002588034,1,18,0.010844707
5535325,94,78,0,300,0.045768023,0,90,1.203485727
8401128,88,113,1,84,0.015465975,1,95,0.841468096
3922332,54,113,1,55,0.006817102,1,53,0.169203758
8013170,124,81,1,84,0.012253523,0,16,0.118602276
1917164,115,126,1,39,0.010699511,1,35,0.085044861
8726373,66,107,1,23,0.003442287,0,4,0.008623123
730004,89,51,1,60,0.007730484,1,60,0.490243912
4982772,126,52,1,51,0.00581193,1,51,0.106173754
5918482,44,108,1,18,0.002066135,1,17,0.018069029
4050443,40,97,1,11,0.001139641,1,11,0.004932165
8179085,105,125,0,113,0.020476341,0,61,0.742227316
5015682,90,96,1,84,0.017477036,1,74,0.492365122
7143891,89,124,0,0,0,0,0,0
6312840,95,70,1,78,0.012730837,0,35,0.484108686
3554006,77,60,1,45,0.006155252,1,45,0.102138519
7221946,116,115,0,300,0.061914444,0,29,0.073768377
3321082,56,73,1,62,0.007884741,0,24,0.086573839
6434433,34,91,1,6,0.000670671,1,6,0.001301527
2283880,106,127,1,16,0.003610849,0,4,0.005964518
7905035,127,58,1,107,0.013569832,0,36,0.713353872
7445838,90,114,1,158,0.029917002,0,19,0.427874327
4909603,70,80,1,78,0.013415337,1,20,0.01669383
233006,36,53,1,25,0.003030539,1,25,0.025532007
4039604,78,125,1,10,0.001545191,1,10,0.002493143
961765,126,85,1,53,0.009206057,1,47,0.158965588
2386844,73,42,1,19,0.002411842,1,19,0.01432538
9577702,99,88,1,34,0.005678654,1,33,0.109430552
3546880,83,52,1,9,0.001166582,1,9,0.002653599
8163559,84,91,0,121,0.025247097,1,78,0.587603807
4382909,64,84,1,7,0.001241207,1,7,0.001302242
3272529,62,67,0,96,0.015420675,0,2,0.019388676
2855521,58,106,1,60,0.009205818,1,55,0.397713661
43594,42,84,1,32,0.004276276,0,5,0.00935173
1151147,69,97,1,68,0.010259628,0,33,0.209576368
2091840,72,91,1,105,0.017166853,1,41,0.16994524
9031332,76,65,1,19,0.003282547,1,18,0.012079716
7322625,48,118,1,43,0.00605011,1,35,0.130140781
3477980,47,61,1,29,0.003050089,1,29,0.044867277
8919966,45,42,1,30,0.003491402,0,5,0.014613152
2580326,49,62,1,36,0.00500083,0,4,0.012163401
9248297,109,126,1,85,0.016022682,0,36,1.304293394
2371582,94,46,1,113,0.014380217,1,75,0.482325792
8529962,108,80,1,141,0.021235228,0,16,1.03108263
1096204,57,114,1,45,0.006575346,1,56,0.274416208
7417500,113,85,1,46,0.007452965,1,27,0.037094355
4565862,36,94,1,52,0.005916834,1,52,0.109220743
42827,101,123,0,9,0.002092361,0,1,0.043862104
7499451,54,121,1,21,0.002767563,1,20,0.018092394
8346669,92,34,1,26,0.003011703,1,27,0.036952734
3932872,88,92,1,50,0.008998156,0,2,0.018276215
1960229,120,65,1,75,0.011006117,1,75,0.423858881
505858,40,62,1,29,0.00361371,1,27,0.048718929
2902579,114,70,1,32,0.004539728,1,30,0.054389
1507332,88,128,1,80,0.014138222,1,74,0.805416107
1837956,37,43,1,33,0.00457406,0,4,0.017608643
6651432,93,71,1,35,0.006069899,1,33,0.062680483
2009538,127,111,1,39,0.007877827,0,26,0.048508644
5590980,44,38,1,11,0.001366854,1,11,0.004736423
4611223,58,53,1,49,0.006441355,1,42,0.162805796
6563411,67,39,1,59,0.00637269,0,15,0.160119534
2438006,68,37,1,24,0.003315926,1,24,0.02132225
5371841,46,48,0,30,0.004496098,0,25,0.081647635
1878993,70,45,1,32,0.003839254,1,31,0.079962015
4374213,119,107,1,51,0.008658171,0,18,0.252191305
5447840,93,57,1,84,0.010649204,0,1,0.027013779
6837033,42,79,1,8,0.001172781,1,8,0.00229907
7469686,69,40,1,20,0.002038717,1,20,0.016113997
828573,125,101,1,151,0.029509068,1,96,0.400447845
9801830,99,57,1,81,0.011405468,1,48,0.232736826
1885331,48,50,1,75,0.011332989,0,23,0.08126092
3448468,93,125,1,73,0.013845444,0,44,0.275805473
4414590,70,126,1,113,0.013690233,1,113,0.521188021
3552316,50,69,1,21,0.002628565,0,9,0.008770704
763602,32,68,1,30,0.003479719,1,30,0.043590546
4966055,95,50,1,40,0.005108356,1,34,0.068673849
4680097,66,50,1,14,0.001854897,1,11,0.003163099
2672000,112,50,1,44,0.005811691,0,20,0.178422451
8464394,42,41,1,18,0.001907825,1,18,0.011354208
6908614,110,72,1,22,0.003782749,0,10,0.011111975
9746030,34,36,1,17,0.002269506,1,17,0.010455608
17782,68,49,1,7,0.000781059,1,7,0.001444578
4782787,58,95,1,16,0.001920223,1,15,0.009730339
943739,110,45,1,26,0.002860546,1,26,0.04805994
9046295,58,102,1,47,0.006486416,0,24,0.026903868
4149929,47,128,1,100,0.012533188,0,25,0.973388195
7442690,72,60,1,63,0.00908637,1,62,0.16519618
300370,48,46,1,26,0.003247499,1,26,0.034188509
6162296,46,58,0,10,0.001550436,0,6,0.00740099
5612537,62,75,1,19,0.002562523,1,19,0.015269041
6360587,117,111,1,90,0.0173769,0,25,0.466872931
5068885,107,76,0,0,0,0,0,0
866115,126,122,1,149,0.034864187,0,20,0.878236294
2188801,49,50,1,27,0.003306866,0,4,0.007522345
2219485,53,67,1,23,0.002755404,1,23,0.020044088
3061502,99,57,1,54,0.007385492,1,44,0.161503553
6294661,43,117,1,91,0.011013985,1,86,0.470695972
4262018,125,82,1,52,0.008099079,1,53,0.231248856
4396406,40,83,1,28,0.002991199,1,28,0.027433872
1922881,51,78,1,48,0.006641865,0,26,0.219692945
279127,103,123,1,99,0.017650604,0,20,0.416259527
240154,70,88,1,7,0.001170874,1,4,0.00047183
9277309,32,83,1,19,0.00197506,1,19,0.023518085
9040673,97,60,1,73,0.012602091,1,40,0.144501925
2052516,32,36,0,18,0.005469084,1,23,0.053744078
6423716,68,56,1,19,0.003139496,0,2,0.000598907
1738160,108,102,1,223,0.051505089,0,14,0.535837173
8620871,78,38,1,74,0.010956049,0,44,0.573042631
5095109,50,104,1,32,0.003791094,1,32,0.09296155
5747933,80,63,1,28,0.003683567,1,28,0.026299477
7183279,117,125,0,119,0.032517672,0,64,0.779188395
9279630,87,121,1,67,0.012923002,1,32,0.033390045
1495882,109,103,0,111,0.029251814,0,33,0.372256279
6593646,90,94,1,51,0.00991559,0,9,0.033596992
988098,32,89,1,34,0.004174232,1,36,0.121059179
8131365,111,88,1,31,0.006878138,1,27,0.032289028
6907162,82,76,1,33,0.005163193,1,27,0.04777956
6546049,72,70,1,30,0.004505157,1,30,0.049996376
21003,108,80,0,97,0.016682148,0,9,0.096913815
8060896,76,48,1,53,0.008087873,0,17,0.115267754
26945,32,107,1,23,0.002202034,1,23,0.030881405
7328536,128,128,1,151,0.041956186,0,11,0.63421607
7306649,43,58,1,25,0.00301671,1,25,0.026708364
102397,51,66,1,20,0.003095627,1,20,0.026571512
3892021,67,68,1,19,0.005852938,1,19,0.027605057
9793288,32,100,1,63,0.006575108,1,62,0.604024649
4636506,39,116,1,10,0.001199722,1,9,0.002527952
1221245,54,35,1,38,0.004047394,1,38,0.077190638
6563200,66,35,1,26,0.002902746,1,26,0.029323816
2586976,84,32,1,7,0.000736713,1,7,0.001487017
7397988,104,32,1,41,0.003942251,1,41,0.193347931
6459611,121,112,1,77,0.01374507,1,74,0.286285877
709389,77,111,1,106,0.016031504,1,106,1.217867136
2128890,38,99,0,300,0.030159235,1,33,0.036962509
7372835,122,56,1,127,0.016994238,0,23,0.585575581
943591,85,96,1,7,0.001078606,1,7,0.001398802
6030018,105,43,1,14,0.001648903,1,14,0.010015011
2319154,53,85,0,0,9.54E-07,0,0,0
3956904,111,118,1,193,0.051631927,0,25,1.278369427
9791423,50,58,1,40,0.006357193,0,6,0.005967379
1427765,99,59,1,22,0.003161192,1,22,0.008955956
6409440,82,107,1,23,0.004729986,1,23,0.033474922
9634461,100,41,1,25,0.002957582,1,23,0.020743847
2307275,52,83,0,0,0,0,0,9.54E-07
6509418,56,72,1,22,0.004944801,1,22,0.055705547
6640095,101,77,1,63,0.010043859,1,71,0.798855066
8446131,120,87,1,17,0.003271341,0,7,0.005624533
7680734,69,88,1,79,0.012664795,0,52,0.750488043
5575120,90,103,1,36,0.005968571,1,38,0.100852489
3015211,50,76,1,19,0.002869606,1,15,0.011404037
2235144,33,122,1,3,0.000304222,1,3,0.000281811
5186654,89,36,1,27,0.002836227,1,27,0.063708782
8962020,34,89,1,19,0.002190113,1,19,0.013689518
7045016,86,73,1,44,0.006013632,1,40,0.125026941
698468,54,74,1,38,0.005199671,0,13,0.023493767
5533419,123,86,1,7,0.001249075,1,7,0.001126051
5736841,105,67,1,62,0.010753632,1,38,0.133351326
8142256,86,116,1,145,0.023841381,1,135,2.85210824
8003448,56,52,0,25,0.003583431,0,25,0.042295218
4360980,115,82,1,76,0.010895252,0,24,0.520465136
9482771,57,40,0,27,0.003629684,1,27,0.041968107
5467266,45,96,1,87,0.009437084,1,87,0.576903105
2068248,55,70,1,7,0.001028538,1,7,0.001568317
5789678,48,32,1,43,0.005212784,1,26,0.042066097
9488984,101,118,1,16,0.002987385,1,16,0.008085012
392907,37,74,1,30,0.003710032,1,29,0.040477037
1999187,37,102,1,64,0.008093119,1,64,0.686324596
259790,68,32,1,66,0.007781982,0,4,0.065052032
4565255,32,54,1,30,0.003875732,1,30,0.078490496
2193630,97,37,1,14,0.001761436,1,14,0.003924608
9916010,80,70,1,2,0.000300884,1,2,0.00015831
4322950,53,60,1,17,0.002515316,0,8,0.006419897
3194157,107,39,1,37,0.004695415,1,37,0.06902051
5501559,90,104,1,131,0.028651953,1,31,0.032053709
7281150,76,32,1,5,0.000521183,1,4,0.000512362
4631341,58,44,1,30,0.00314784,1,26,0.026435137
5372879,117,86,0,0,7.15E-07,0,0,0
9407823,126,126,1,142,0.034378529,0,49,0.47665596
8739207,118,52,1,44,0.004972458,0,16,0.138225794
2514988,125,72,1,67,0.01009798,1,69,0.304131508
1628579,120,77,1,25,0.003262758,0,2,0.00491333
8426673,117,43,1,22,0.002541542,1,22,0.03290081
4054405,50,100,1,13,0.001577854,1,13,0.006131649
9041082,73,105,1,47,0.009876966,0,29,0.158086538
2450952,40,42,1,30,0.004027605,1,20,0.00912714
2413770,62,36,1,34,0.004299402,1,34,0.075740337
8107741,48,37,1,11,0.001623392,1,7,0.001178503
537008,59,46,1,15,0.001925945,1,15,0.010776758
1481639,104,35,1,14,0.001506567,1,14,0.00506711
5378358,89,81,1,29,0.005149603,1,29,0.053665876
7565274,101,126,1,75,0.015435457,0,3,0.065513134
7516973,103,111,1,112,0.018971443,0,17,0.197556019
5074464,34,36,1,35,0.00450325,0,17,0.080230951
9115947,107,107,1,22,0.003382921,1,22,0.012310266
8445855,69,72,1,24,0.004097462,0,25,0.042577505
2487855,63,120,1,15,0.001945019,1,15,0.009182215
752687,32,106,1,38,0.004010201,1,37,0.055113792
5249958,69,49,1,43,0.005272388,0,17,0.103231192
9823712,107,44,1,20,0.002486467,1,20,0.025278091
2808037,99,68,1,69,0.012079,0,5,0.037241936
2035475,72,111,1,55,0.009614468,0,43,0.298884153
2040393,66,73,1,7,0.000823259,1,7,0.001285791
7149740,40,87,1,16,0.002129555,0,13,0.008848667
1709637,44,78,1,31,0.003951073,1,31,0.05232048
1411788,103,60,1,87,0.01257062,1,85,1.318485498
9368078,112,63,0,49,0.038440704,0,18,0.369024754
6280034,47,61,1,45,0.005806446,0,20,0.036808014
7902787,108,41,1,12,0.001751423,1,6,0.001162767
7785336,61,83,1,57,0.008685827,1,49,0.236903191
1275162,116,42,1,72,0.007801294,1,70,0.239105701
4285578,64,106,1,71,0.011727333,1,52,0.339766502
4634835,79,118,1,30,0.004792213,1,29,0.075358629
7893137,52,87,1,28,0.003227711,1,28,0.014293432
887198,36,96,1,98,0.010805845,0,35,0.259038925
348571,93,59,1,63,0.007606506,0,2,0.012722492
5746776,65,32,1,23,0.00276351,1,20,0.021088362
7440071,87,125,1,83,0.017990828,0,62,0.465247393
5617460,78,36,1,46,0.00557065,1,46,0.193874359
7811080,76,48,1,30,0.004295588,1,27,0.039019108
2131225,76,55,1,29,0.003416061,1,28,0.024456263
4345717,34,40,1,30,0.003774405,1,27,0.039423466
1012758,120,109,1,91,0.025161266,0,6,0.04748702
8865974,98,82,1,45,0.008099556,1,50,0.293479919
8352818,65,46,1,1,0.000164747,1,1,6.22E-05
9016543,55,56,1,16,0.002623796,1,16,0.00398159
3520445,99,48,1,31,0.005070686,1,31,0.057274818
9566985,122,96,1,63,0.015989065,0,29,0.505746603
8132927,124,102,1,122,0.027958632,1,86,1.301758528
5108595,116,99,1,32,0.006388187,1,34,0.067610025
7737063,41,64,1,15,0.001771212,1,15,0.006636143
6534932,77,84,1,103,0.01966548,0,61,1.042483091
996495,56,35,0,0,0,0,0,0
8111774,118,48,1,59,0.006827831,1,59,0.252008915
6919899,82,102,1,63,0.012626886,0,4,0.081161022
7379534,100,118,1,59,0.0099473,1,51,0.131245852
4829559,77,39,1,32,0.003601313,1,32,0.029891729
4935012,84,56,1,48,0.006200075,0,34,0.132711172
7379964,45,73,1,17,0.002093792,1,17,0.013161898
474717,40,112,1,60,0.005895853,1,59,0.3387146
9258734,98,128,1,97,0.019633055,0,55,0.823749304
6555058,65,105,1,7,0.000926971,1,7,0.001529217
8342261,36,122,1,37,0.004179478,1,38,0.09304595
5811442,119,99,1,9,0.0018785,1,6,0.001312733
7472707,117,39,1,63,0.007792473,1,63,0.484453678
9416087,126,38,1,32,0.00393939,1,32,0.051954985
9049679,64,77,1,13,0.002345562,1,13,0.005866289
9792717,92,74,0,34,0.006962776,0,32,0.07604599
6087989,70,75,1,23,0.003172159,1,23,0.040803432
9297442,92,107,1,8,0.001441479,1,8,0.001424551
4517260,46,102,0,44,0.005721807,0,2,0.041920185
1995100,126,99,1,63,0.016242027,0,23,0.136657476
9159229,68,43,1,48,0.004991293,1,37,0.035924673
9688542,41,128,1,38,0.004446507,0,6,0.04163909
8097536,100,117,1,19,0.007867336,1,17,0.01081872
9149487,34,77,1,19,0.002229691,1,19,0.017327785
3710813,117,99,1,15,0.003295183,1,13,0.004628181
6543283,99,43,1,26,0.00327611,1,21,0.022936583
3488189,76,50,1,14,0.001951218,1,13,0.007051945
4640092,70,39,1,23,0.002764702,1,23,0.030475855
4638406,112,75,1,19,0.003511667,0,5,0.008512974
3379499,107,90,1,32,0.007123232,1,32,0.057940006
9117477,74,104,1,149,0.021437168,0,24,0.477902174
7249956,104,45,1,26,0.003252506,1,26,0.014299393
7388045,101,75,1,19,0.004069328,0,5,0.006244183
2203417,126,124,1,26,0.007312775,1,24,0.031952858
3313721,92,126,1,10,0.001693726,1,10,0.00440383
6872572,88,84,0,300,0.042193174,0,2,0.030620813
7197258,62,118,1,44,0.006179333,0,11,0.071024179
8063272,110,55,1,32,0.003805399,1,32,0.019191742
7751941,116,90,1,46,0.010176659,0,33,0.128416777
548620,49,89,0,30,0.003968,0,29,0.059926987
1674991,38,68,1,5,0.000577927,1,5,0.000756264
1925894,78,94,1,32,0.004805803,1,32,0.037112713
1385744,32,94,1,34,0.003749609,1,35,0.113378525
5194949,49,63,1,12,0.001462936,1,12,0.004134178
9486744,42,48,1,2,0.000251055,1,2,0.000160933
7360313,38,109,1,115,0.013003349,1,107,1.06124711
2957218,124,41,1,23,0.002452135,1,23,0.022726297
5490292,40,128,1,75,0.00949502,0,11,0.239818096
1887465,107,85,1,163,0.033501625,0,34,0.559391022
2261895,82,95,1,107,0.017759085,1,44,0.121403694
6472524,50,125,1,28,0.003774166,1,28,0.014193535
6327125,91,110,1,34,0.005484581,1,33,0.091740847
3200693,36,63,1,27,0.003807783,1,25,0.050980091
1366206,73,39,1,51,0.006112337,0,6,0.08578968
9598157,117,69,1,53,0.007226706,0,2,0.050766706
1090353,68,120,1,47,0.00812602,0,32,0.084759951
2803988,105,71,1,41,0.006792545,1,38,0.167999268
3292719,125,121,1,54,0.01286912,1,58,0.325759411
2246431,75,96,1,51,0.006981611,0,25,0.303031683
4189304,105,111,1,127,0.036564827,0,30,0.155753851
2328097,35,107,0,3,0.000374079,0,3,0.001493454
2904514,94,107,1,129,0.027632236,0,16,0.306189299
2574562,87,73,1,24,0.004008055,1,24,0.040186882
2462234,53,82,1,7,0.001010418,1,7,0.001569986
3012073,74,39,1,14,0.001710892,1,14,0.007820129
6598776,92,115,1,45,0.010281563,1,45,0.257813692
1282558,47,32,1,15,0.002264977,0,13,0.00883913
2385879,50,48,1,46,0.00511384,1,43,0.0596807
9546103,52,127,1,20,0.002385616,0,14,0.014587641
8905759,45,118,1,74,0.008870602,1,74,0.736919403
8767620,119,101,1,68,0.01256156,0,46,0.219617367
5939400,87,126,1,69,0.013834238,1,67,0.420302391
503968,107,34,1,17,0.001820803,1,17,0.012252331
5103144,65,69,1,21,0.003111839,1,20,0.025535107
3029527,107,75,1,30,0.005097151,0,11,0.053220749
4063611,106,43,1,67,0.008009911,1,63,0.173614025
431913,68,118,1,19,0.002810001,1,19,0.010437965
9933320,87,70,1,77,0.01297617,1,49,0.157371759
9985935,69,115,1,36,0.004671335,1,36,0.134617329
7635307,44,68,1,66,0.007366657,1,48,0.310120344
1354608,56,126,1,47,0.005705118,1,46,0.295205832
1135769,90,98,1,72,0.016511202,0,33,0.07131958
6973879,88,41,1,20,0.002514839,1,20,0.015565872
3149251,71,65,1,27,0.003801346,1,15,0.007514238
3516032,95,113,1,18,0.003673315,1,12,0.005064726
735855,118,109,1,27,0.005967855,1,28,0.057286024
2318004,124,99,1,21,0.003818512,1,21,0.024379969
7320859,83,85,0,0,9.54E-07,0,0,0
6153161,71,121,1,51,0.008911133,1,61,0.40099287
6703816,90,79,1,26,0.003855467,1,22,0.028974533
7809715,58,71,1,21,0.002613068,1,15,0.007181406
2780778,39,46,1,49,0.005344868,1,33,0.04553175
5237544,106,86,1,99,0.01696825,0,40,1.527762175
5258932,119,98,1,73,0.013473034,1,65,0.173441887
9608919,71,94,1,47,0.007277727,0,5,0.021401405
8709050,73,125,1,291,0.038653374,0,73,3.713249922
2209320,69,117,1,33,0.005627394,1,29,0.022688389
3136197,121,48,1,10,0.001317739,1,10,0.004563808
4303435,102,80,1,62,0.0103755,1,64,0.359498024
817242,63,63,1,53,0.008306742,1,52,0.243626356
2798777,33,89,1,22,0.002353907,1,22,0.02077651
3906502,53,94,1,18,0.002278805,1,16,0.009393454
9013537,118,90,0,37,0.006804705,0,9,0.025081635
135898,62,72,1,32,0.003912926,0,11,0.071981907
1245784,58,88,0,0,7.15E-07,0,0,0
4711869,110,117,1,66,0.013492107,0,2,0.034917116
2538213,72,44,1,40,0.004320383,1,38,0.055523872
8330659,107,113,0,68,0.015078783,0,26,0.147875309
3792283,91,61,1,112,0.017263651,0,13,0.245353222
8463715,65,52,1,50,0.007424116,0,1,0.011012793
6360402,121,40,0,300,0.028884888,1,50,0.190953493
8953582,128,57,1,117,0.017533541,1,101,1.332942963
8787247,113,93,1,282,0.06380868,0,72,2.448189974
5364121,105,112,1,28,0.005397797,1,27,0.064394474
6579894,32,110,1,10,0.000952005,1,10,0.002991438
590125,78,115,1,130,0.02146697,0,20,0.276723146
6225968,114,36,1,90,0.011253595,1,70,0.945632219
4730859,41,91,1,88,0.011688709,1,78,0.192866802
9135748,73,33,0,8,0.00092721,1,12,0.004355431
8444234,55,47,1,43,0.006108999,0,18,0.101311445
699496,77,33,0,41,0.004782915,1,42,0.136112928
3225521,32,74,1,27,0.002813816,1,27,0.044933796
1295606,33,89,1,48,0.004942179,0,43,0.145962
9387905,108,114,1,96,0.023075581,0,34,0.147744179
4098351,119,74,1,7,0.000943899,1,7,0.001436472
5971421,97,56,1,35,0.004338264,1,35,0.123906374
2261460,68,76,1,3,0.000414848,1,3,0.000288725
3699997,48,58,1,5,0.000853777,1,5,0.00093174
754015,124,69,0,2,0.000313282,0,2,0.032776594
6340383,98,94,1,60,0.013650656,0,23,0.230835438
548681,99,48,1,39,0.004996777,1,39,0.132440805
9979823,104,111,1,105,0.021336317,0,47,1.117096663
7532379,47,104,1,38,0.004631996,1,31,0.030880928
6178716,96,59,1,30,0.00399375,1,30,0.062058687
527165,94,40,1,37,0.003940821,1,34,0.049090624
7923588,76,116,1,50,0.006625175,0,37,0.388893604
6560409,95,104,1,266,0.059496403,0,64,1.620315313
7946412,64,90,0,0,0,0,0,9.54E-07
8993218,120,100,1,51,0.010656118,0,2,0.007564068
4844906,49,63,1,36,0.005031109,1,39,0.102217674
2098522,108,90,1,137,0.029233932,0,21,0.503485441
3329077,38,102,1,35,0.003993034,1,34,0.049592495
4174691,52,106,1,52,0.006713152,0,6,0.103161335
5427444,88,35,1,17,0.001773357,1,17,0.011915922
5820292,121,123,0,37,0.012368441,0,39,0.157751322
3200483,43,66,1,1,0.000215769,1,1,8.23E-05
3433758,90,66,0,300,0.037269354,1,38,0.090826035
4408752,109,72,0,300,0.050412416,0,48,1.50762558
1477049,55,82,0,0,0,0,0,9.54E-07
5133102,63,128,1,51,0.00686717,0,8,0.027646065
5761933,108,34,1,15,0.001754999,1,14,0.007743597
7553144,96,123,1,45,0.008380651,1,42,0.109844685
2412968,80,82,1,100,0.016380072,0,37,0.241821051
7864624,69,122,1,20,0.002848864,1,19,0.009282827
6602767,32,100,1,9,0.000876427,1,9,0.002585649
2282461,35,46,1,30,0.003225327,1,24,0.040623188
1000568,91,62,1,29,0.004081726,1,30,0.034220219
7870893,53,59,1,6,0.000913858,1,6,0.001142025
2701405,49,54,1,8,0.001026154,1,8,0.002515793
3072361,43,40,1,16,0.001871347,1,16,0.004886389
7127804,61,34,1,38,0.003644705,1,38,0.090017557
9835392,125,63,0,135,0.021249056,0,61,0.955942631
8950111,105,79,1,93,0.017308712,0,4,0.036563158
4043940,74,79,1,39,0.006856918,0,5,0.050932884
9947902,64,124,1,74,0.010857105,1,73,0.37567544
2310810,122,75,1,70,0.012427568,0,36,0.353391886
4055618,102,93,1,43,0.007077217,0,33,0.113707781
8716231,119,52,1,26,0.00312686,1,26,0.043855429
9785928,87,125,1,69,0.012272358,1,40,0.116730452
3545255,44,99,1,22,0.002586603,1,21,0.028205395
4560418,37,38,1,8,0.000837803,1,8,0.002297163
5575294,108,63,1,61,0.010699749,0,32,0.209522486
4768327,55,77,0,21,0.00374198,0,2,0.0541749
8356275,127,60,1,20,0.002624035,1,20,0.019698143
6151970,123,102,1,104,0.018167734,0,90,0.717271805
743701,38,111,1,10,0.00112915,1,10,0.00463438
5519372,37,53,1,37,0.004136086,1,37,0.123149395
1328667,118,40,1,77,0.012809992,1,77,0.771563292
9357250,78,85,0,58,0.012247086,0,7,0.199220896
522408,83,41,1,24,0.002937555,1,25,0.027593136
7555114,90,64,1,57,0.0073874,1,44,0.186718464
498410,104,111,1,72,0.015393496,0,14,0.095136881
1180523,62,54,1,13,0.001763344,1,13,0.006540298
6945754,36,81,1,64,0.006534338,0,17,0.199572086
4178408,59,65,1,43,0.00565958,0,2,0.017469883
6018812,94,104,1,65,0.010551453,1,65,0.243407965
3617112,100,46,1,19,0.001963139,1,19,0.013192415
4181343,72,99,1,41,0.005869389,1,41,0.198461294
3504100,120,75,1,68,0.009743214,1,46,0.187945843
4969940,41,41,1,16,0.002317429,1,12,0.003897667
7723996,121,109,1,45,0.009674072,1,45,0.267258167
9313909,96,94,1,111,0.02324295,0,23,0.354472637
9431622,94,69,1,72,0.012527466,0,3,0.076634169
3705396,83,37,1,171,0.021166086,0,24,0.097033262
7455507,118,60,1,31,0.004856348,1,31,0.097537041
6433802,96,105,1,44,0.009715557,1,44,0.110705614
3078041,113,64,1,82,0.013329744,1,82,0.906210184
5710074,91,52,1,6,0.000868082,1,7,0.001464605
7811358,122,74,1,45,0.007060289,1,45,0.284442186
103468,124,96,1,111,0.024765015,0,50,1.598930359
97553,57,109,1,64,0.007945776,0,4,0.02472949
6269305,92,117,1,27,0.00601244,1,26,0.027487278
3135926,123,103,1,134,0.03169322,0,28,0.329039574
102590,100,71,0,44,0.005547523,0,44,0.044830084
7560645,104,45,1,78,0.011681795,0,42,0.69333148
2473514,62,53,1,36,0.005014658,0,16,0.024808645
9001276,95,96,1,111,0.027686596,0,99,1.187273502
3388728,117,85,1,59,0.011233807,1,55,0.34764266
8112352,123,71,1,60,0.010799408,0,35,0.354438543
7908953,36,78,1,20,0.002353668,1,20,0.008433819
6672882,45,99,1,14,0.001837969,1,14,0.008138895
605799,66,40,1,13,0.001672268,1,13,0.005708456
8245679,78,85,0,0,1.19E-06,0,0,0
3984752,105,97,1,94,0.021033525,0,48,0.41677022
7910839,113,101,1,92,0.016901255,1,80,0.484159708
6922191,60,66,1,90,0.012976646,0,2,0.032503128
5978536,45,33,1,9,0.001036167,1,5,0.000944138
3498697,61,110,1,20,0.00257802,1,20,0.014187336
6895723,89,88,1,20,0.003221512,0,5,0.015975714
3012244,123,96,1,23,0.005254984,1,23,0.024130821
4068153,100,45,1,41,0.004706144,0,15,0.056554794
5231024,127,118,1,80,0.019154549,0,4,0.01154089
5286926,43,52,1,54,0.006827831,0,21,0.125000238
5846305,47,112,1,52,0.007143259,1,48,0.192534447
1682869,108,40,1,34,0.004438877,1,31,0.069464207
3903801,62,64,1,29,0.004392385,0,2,0.010109186
118202,43,62,1,33,0.004161358,1,33,0.056285381
5883432,71,71,1,36,0.005988598,1,37,0.058420897
5172549,103,78,1,7,0.001044035,1,7,0.001456499
4650675,67,87,1,72,0.009338379,1,55,0.16751647
9266960,124,114,1,44,0.008505106,1,40,0.065789461
9162744,52,49,1,26,0.004136324,0,1,0.002476692
5909694,128,38,1,25,0.003097296,0,18,0.014999628
5447482,90,94,0,300,0.046757936,1,60,0.301290274
6622886,35,62,1,22,0.002321005,1,22,0.032136679
4326126,128,98,1,185,0.042756319,0,8,0.475946188
1906347,79,98,1,22,0.003181696,0,6,0.010542154
6667448,125,45,1,120,0.013906717,1,114,0.92411375
45138,112,96,1,66,0.012589216,1,50,0.367050171
3546307,77,45,1,8,0.000929832,1,8,0.002219677
5841591,50,51,1,14,0.002043962,1,14,0.005288363
8404621,113,81,1,84,0.015874624,0,30,0.249679565
4363929,62,86,1,53,0.007130146,0,8,0.028870344
5744589,70,99,1,75,0.013070345,1,81,0.767969608
215398,54,66,1,58,0.00664854,0,12,0.055145741
3269547,49,105,1,7,0.000745773,1,6,0.001121283
3360620,47,113,1,52,0.005727768,1,51,0.36647296
1364740,98,60,1,55,0.008010387,1,54,0.248436689
7961454,113,50,1,33,0.004741669,1,31,0.064026117
1048334,33,47,1,30,0.003633976,0,4,0.011672497
4025424,45,49,0,149,0.020508528,0,11,0.032198429
7130510,113,105,1,191,0.037187815,0,42,0.981677532
3890540,65,107,1,127,0.018994331,0,4,0.100653648
2838698,125,44,1,76,0.00766325,0,14,0.04436183
6390662,55,37,1,3,0.000359058,1,3,0.000380278
2004848,37,91,1,19,0.002377033,1,13,0.007307768
9429379,98,114,0,49,0.010882378,0,11,0.239633799
7285627,119,76,1,149,0.02700305,0,42,0.962842464
6166148,42,39,1,26,0.003582239,0,22,0.053312302
8585928,75,89,1,135,0.019807577,0,45,0.558208942
2295753,51,69,1,22,0.002892017,1,22,0.018609524
5216075,48,119,1,236,0.032044649,0,12,0.185013056
6961010,67,70,0,0,1.19E-06,0,0,0
6831775,69,56,1,79,0.011377335,0,39,0.088624001
1030183,37,59,1,7,0.001261234,0,1,0.000328064
7360637,121,122,1,224,0.064026117,0,47,1.362016678
7046707,115,106,1,27,0.004487991,1,26,0.029624701
3764556,49,102,1,38,0.005077839,0,5,0.006220818
403908,112,57,1,91,0.013767958,0,15,0.987143993
2713255,108,48,1,10,0.001291752,1,10,0.004250526
5059412,128,112,1,57,0.014215946,1,57,0.33377099
7885331,67,70,1,42,0.005787373,0,24,0.023127556
9722010,105,101,1,132,0.025519133,0,1,0.007850647
1632887,43,52,1,45,0.005931139,0,6,0.06438899
4933427,117,86,1,25,0.005363226,1,25,0.040513277
3629465,120,53,1,42,0.005205393,1,42,0.060703993
4877173,55,120,1,33,0.004826546,0,20,0.07654953
8188876,53,109,1,19,0.002994299,0,15,0.013370514
9177805,125,110,1,40,0.013875723,1,18,0.022121191
8608889,74,81,1,60,0.010021448,0,37,0.126344681
9982177,109,40,1,46,0.005786419,0,2,0.018299341
9364850,128,95,1,49,0.009971857,0,48,0.32641983
1219417,52,105,1,2,0.00026083,1,2,0.000159025
8368125,96,119,1,125,0.024461269,0,7,0.239449024
1179043,89,64,1,7,0.001056671,1,7,0.001661301
1321585,34,127,1,94,0.013592958,1,94,1.184991837
6685224,46,112,1,23,0.00390172,1,21,0.013383865
4689344,54,100,1,53,0.007847786,0,18,0.071722031
8561494,111,60,1,44,0.006715536,0,8,0.097603559
8167990,118,47,1,31,0.003830194,0,19,0.02359271
1519517,37,56,1,51,0.005542517,0,6,0.043744326
7774228,69,58,1,19,0.002369404,1,19,0.015289307
4049767,124,39,1,17,0.001690865,1,17,0.013750553
6862259,127,96,1,133,0.026234388,0,58,0.684480906
6254276,86,55,1,44,0.006803989,1,42,0.203130245
7518474,78,117,1,66,0.012362242,0,22,0.122636557
6343334,92,115,0,0,0,0,0,0
1988010,82,93,1,33,0.005312204,1,33,0.044704199
502646,107,76,1,53,0.00949502,0,32,0.181180954
1729262,69,110,1,5,0.00090003,1,5,0.000822306
6800682,76,42,1,38,0.005185127,0,16,0.06925559
2430120,104,66,1,43,0.00546813,1,43,0.114843845
2759595,48,52,0,26,0.004314423,0,3,0.030785084
9985551,114,68,1,62,0.010311127,1,50,0.06654501
9433137,60,119,1,32,0.005116224,1,26,0.03409338
9843857,115,94,1,60,0.010590792,0,13,0.077520609
787917,63,88,1,101,0.015830755,0,30,0.366952896
338089,82,83,1,45,0.007769108,1,37,0.07549119
659242,81,109,1,38,0.007641315,0,8,0.016276121
2939440,62,125,1,48,0.006494522,0,39,0.095059395
6510010,80,126,1,72,0.011445284,0,4,0.101332903
4279581,84,39,1,60,0.006361008,0,50,0.297412634
4039561,88,86,1,71,0.01090765,0,9,0.140003681
5145434,83,104,1,46,0.008462191,0,24,0.134232521
6591789,122,59,0,61,0.010086775,0,9,0.546150208
2361864,56,117,1,19,0.002935171,1,19,0.00827384
6118134,105,61,1,30,0.004440546,0,4,0.018734932
133450,100,79,0,39,0.006986618,0,29,0.096826792
4417402,109,124,1,50,0.009797573,1,50,0.377883434
9199122,38,112,1,11,0.001513481,1,11,0.005195379
2092039,67,118,1,35,0.00518322,1,34,0.058549166
5496038,116,99,1,63,0.012171507,1,58,0.569359779
8448426,118,83,1,65,0.012593269,1,65,0.499586821
7036371,67,86,1,9,0.001589775,1,7,0.001489639
2253621,111,57,1,51,0.007474661,0,32,0.050639868
9461373,76,33,1,39,0.00584507,1,39,0.090070486
281070,100,50,1,19,0.002641201,1,19,0.015154839
5077478,125,100,1,117,0.028940439,0,39,1.033792019
9654271,106,37,1,56,0.006147623,1,52,0.195174694
5898288,127,45,1,90,0.011587381,0,31,1.008734226
7155918,118,81,1,5,0.001055479,1,5,0.000953674
5286215,103,98,1,114,0.022102118,0,16,0.161179543
5694913,86,56,1,26,0.003883839,1,26,0.016998529
4213788,109,113,1,203,0.046780586,0,11,0.727053642
1237111,47,82,1,4,0.000528097,1,4,0.000476599
6188675,116,70,1,29,0.00420332,1,29,0.05434823
7160738,113,43,1,66,0.009301424,0,19,0.309617996
2121288,100,96,1,66,0.0160501,1,66,0.212936163
4723092,95,119,1,49,0.010869026,0,4,0.024728775
7975482,72,82,0,0,0,0,0,0
4177067,82,74,1,23,0.004467726,0,5,0.011089802
4283172,60,43,1,4,0.000451803,1,4,0.000441074
2470970,48,111,1,19,0.002430201,1,19,0.024974823
1709565,114,112,1,44,0.012899637,1,50,0.262491226
8621212,77,73,1,3,0.000535488,1,3,0.000247717
9443477,91,111,1,39,0.006907463,1,37,0.047926664
1617836,86,112,1,36,0.005150318,1,21,0.014673471
1488927,94,118,0,82,0.017373323,0,10,0.268522739
6496959,102,43,1,27,0.003417969,1,27,0.043744326
7361178,53,121,1,17,0.0023067,1,17,0.010152817
9235510,126,72,1,58,0.010372639,1,57,0.514126301
5812418,112,44,1,110,0.015750647,1,84,1.880884171
9257927,94,69,1,87,0.014688015,1,43,0.160769463
8449207,128,38,1,14,0.00150919,1,14,0.008169889
1776556,44,87,1,236,0.027071714,0,50,0.910487175
8598550,105,102,0,25,0.004430056,0,9,0.012856483
3315261,99,40,1,6,0.000662565,1,6,0.001090765
428192,63,97,1,131,0.01834321,1,102,1.851960421
7708991,85,83,1,51,0.007628202,0,6,0.042858601
6101381,70,85,1,23,0.003205061,1,23,0.035798788
7983889,53,65,1,31,0.004529953,1,29,0.039311647
7089383,121,106,1,31,0.005786896,0,10,0.049562693
3775530,76,100,1,104,0.016278982,1,80,0.943366289
1225697,98,71,1,147,0.027493715,0,54,0.517215729
1496686,85,118,1,136,0.024295807,0,15,0.715986729
8966191,128,52,1,46,0.005245447,1,46,0.142264366
9436413,112,95,1,111,0.021778584,1,108,2.330486298
6206869,84,66,1,2,0.000273228,1,2,0.000131845
1822980,39,39,1,23,0.002887964,0,8,0.007591724
1536171,75,63,1,34,0.005846977,0,10,0.017068386
8493282,125,59,1,102,0.015565157,0,14,0.436891794
171895,45,92,1,55,0.005694389,1,31,0.012891293
9980281,82,55,1,79,0.009589672,0,18,0.260103703
2011020,87,122,1,69,0.014093399,1,36,0.063754082
8016426,96,109,1,118,0.025970221,0,16,0.220255613
3652812,123,41,1,49,0.005858421,1,39,0.146646738
8449887,54,85,1,6,0.00079298,1,6,0.001063108
7645508,63,47,1,10,0.001272202,1,9,0.001702547
4253203,39,87,1,16,0.001913786,1,16,0.011744261
746162,33,125,1,52,0.006722689,1,52,0.38451457
5601184,94,127,1,46,0.008829832,0,7,0.02753377
4624437,106,110,1,97,0.019576311,0,54,0.349227667
6250811,43,123,1,21,0.002356768,1,21,0.021295071
4040611,35,127,1,130,0.016361237,1,108,2.507330179
6569333,76,50,1,32,0.004093885,0,16,0.047828913
7303671,79,62,1,41,0.005926609,1,39,0.075042725
8857158,47,123,1,21,0.002678394,1,21,0.027997971
5607681,83,82,1,170,0.029458284,0,1,0.033008099
4773715,105,32,0,300,0.028776407,1,57,0.15153861
53131,45,122,1,51,0.006254196,1,51,0.307819366
3817938,39,105,1,13,0.001395941,1,12,0.004471302
2999795,46,75,1,45,0.00601387,0,14,0.182081461
9977104,119,108,1,54,0.013535261,0,14,0.184314251
3704712,74,43,0,70,0.035092115,0,1,0.006158352
1449765,33,63,1,34,0.005010605,1,33,0.040947914
3131702,88,99,0,41,0.009125233,0,10,0.042874098
6307474,81,79,0,32,0.00703764,0,32,0.049223423
6569959,119,106,1,69,0.018717289,0,32,0.375054836
8178969,69,63,1,53,0.008797169,1,47,0.146910429
335792,73,128,1,9,0.001498938,1,9,0.003085375
1738003,82,64,1,42,0.013974905,1,41,0.087813139
8668758,57,56,1,23,0.003946781,0,11,0.018648386
4440594,62,79,1,53,0.008177519,0,8,0.027274847
3870016,113,105,1,8,0.001842499,1,8,0.001420259
6042499,61,50,1,18,0.002383709,1,18,0.014081001
8888044,85,33,1,25,0.002612114,0,12,0.007459879
522438,57,33,1,24,0.002619267,1,24,0.032268286
722226,128,37,1,24,0.002981901,0,4,0.006991148
5552526,35,113,1,40,0.003833055,1,40,0.066726208
9670009,101,73,1,33,0.004087448,1,33,0.028543949
6558962,120,107,1,37,0.008476019,1,37,0.060876846
367484,46,87,1,42,0.005875826,0,30,0.059394836
2169952,97,41,1,51,0.006738663,0,39,0.171576738
9837128,57,125,1,107,0.0138309,1,62,0.309819937
5398545,38,84,1,22,0.002798557,1,21,0.020504951
3229518,64,46,1,17,0.001897573,1,17,0.012310982
471996,113,74,1,12,0.002001524,1,12,0.005977631
7337028,96,116,1,32,0.005433559,1,30,0.040715456
1081662,71,33,1,3,0.000306129,1,3,0.000282764
3559046,78,69,1,5,0.000863314,1,5,0.000946522
1767519,54,42,1,37,0.005454779,0,12,0.034890413
7354471,94,37,1,22,0.002464294,1,21,0.031986237
9959985,75,58,0,40,0.00677371,0,11,0.189656973
8593458,69,98,1,73,0.012919664,0,7,0.048093557
3679848,48,47,0,0,9.54E-07,0,0,0
5359668,121,125,1,264,0.072831154,0,18,1.065688133
8688413,35,38,1,20,0.002263308,1,18,0.018119574
5780777,33,110,1,49,0.005326748,1,49,0.339188576
9064759,119,100,1,4,0.000902891,1,4,0.000619888
1687117,91,112,1,63,0.011300325,1,61,0.57779336
9098325,96,35,1,11,0.001829624,1,11,0.003528357
9541836,74,61,1,15,0.002190351,1,15,0.011452436
5683858,92,119,1,59,0.014276743,1,71,0.532203913
5170364,88,93,1,46,0.008811235,1,44,0.123011827
3931207,42,106,1,76,0.008911133,0,45,0.178781033
7792943,38,125,1,35,0.004508018,1,33,0.054388762
1429796,51,97,1,98,0.013949871,0,21,0.115519047
5967253,89,35,1,22,0.00236392,1,22,0.029211998
5753706,114,123,1,136,0.032207966,0,7,0.286358595
3489980,119,51,1,24,0.00291872,1,24,0.036223888
7984239,125,117,1,37,0.008081675,1,38,0.137709856
9380970,72,118,1,43,0.007755995,1,36,0.032679319
351479,50,42,1,26,0.00303793,0,17,0.014607191
6011515,45,89,1,65,0.010337114,1,61,0.181511641
2433128,38,74,1,28,0.003082514,1,22,0.017686844
517215,57,55,1,42,0.005833864,1,42,0.187082767
6907196,58,117,1,79,0.011692286,0,23,0.235950708
528436,48,114,1,75,0.011219025,1,55,0.32227397
986965,83,124,1,16,0.002283573,1,16,0.01152873
1002039,54,61,1,144,0.019907236,1,28,0.057843447
6982891,112,43,1,7,0.000826836,1,7,0.001798868
5062431,81,35,1,22,0.003194094,1,16,0.011539698
5695811,46,39,1,25,0.003099203,1,25,0.01214695
9990928,83,104,1,7,0.001214743,1,6,0.001260281
9358257,104,96,1,88,0.020793915,0,24,0.325099707
2436643,88,71,1,11,0.00191164,1,11,0.005111933
7078908,53,102,1,41,0.005769253,0,14,0.032641172
1174967,94,60,1,58,0.008808851,0,19,0.191234589
226262,125,86,0,300,0.054496765,0,43,2.435888767
9799175,62,85,0,11,0.010119915,1,18,0.01512289
2272721,117,41,1,54,0.005690813,1,54,0.37088871
439692,84,67,1,27,0.005189896,1,23,0.022855282
4874732,108,95,1,30,0.006475449,1,30,0.065567493
2806658,70,115,1,63,0.010879755,1,15,0.00744009
8749773,105,114,0,0,1.19E-06,0,0,0
8784906,126,109,1,60,0.012671471,0,28,0.141989231
4628171,85,106,1,47,0.009397268,0,11,0.03173542
8074764,63,84,1,55,0.00863719,1,52,0.105517626
7848927,121,57,1,43,0.005483389,0,1,0.013768911
5315652,87,43,0,0,0,0,0,0
5994932,125,72,1,64,0.011748075,0,22,0.131684303
8050200,104,92,1,165,0.035827875,0,16,0.690101862
6135061,78,39,1,22,0.0134027,1,19,0.016189098
7188668,73,77,1,34,0.004940033,1,34,0.059525013
3971575,59,58,1,53,0.006642342,1,39,0.040524244
1446703,65,121,1,49,0.006967306,1,49,0.246577978
9173124,32,70,1,17,0.002097845,1,17,0.00543189
3632052,84,84,1,20,0.003236055,1,16,0.011740685
1489270,61,87,1,38,0.005990982,1,37,0.02528739
6315699,122,78,1,31,0.004957199,0,19,0.090680122
7720692,126,124,1,12,0.002956867,1,12,0.005370378
7552514,102,85,1,114,0.019380331,0,38,0.48413825
6862274,95,110,1,136,0.021396875,1,95,0.438185692
4662613,97,56,1,59,0.007583618,1,45,0.194656134
6438519,77,84,1,45,0.006895304,1,39,0.087240219
2712991,87,108,1,84,0.012380362,0,1,0.010907173
570479,37,127,1,63,0.006970882,1,62,0.35274148
4273224,94,116,1,94,0.01897049,1,84,0.932404995
2785167,39,66,0,0,9.54E-07,0,0,0
7557698,100,95,1,100,0.025330305,0,35,1.112738848
4319553,50,67,0,3,0.000357151,0,1,0.002419949
1223335,128,37,1,9,0.000904322,1,9,0.002763748
8367897,65,41,1,26,0.002877235,1,26,0.035876036
8372545,47,124,1,67,0.007338762,1,67,0.230108261
2321158,104,107,1,216,0.040999413,0,52,0.84321332
482257,114,55,1,5,0.000631094,1,5,0.000724792
3634629,80,54,0,0,0,0,0,1.19E-06
2343655,48,66,1,31,0.008887529,1,31,0.091749191
4052516,70,53,0,105,0.032564163,1,32,0.037609577
8642957,65,128,1,46,0.007125378,1,38,0.121639967
282127,126,77,1,102,0.018847704,0,5,0.149435282
3256749,34,101,1,75,0.008472204,1,75,0.653453588
687615,43,117,1,50,0.006401777,0,12,0.061287642
936530,121,83,1,34,0.004793644,1,33,0.075541735
8591008,118,54,1,43,0.005927324,1,43,0.063982964
7433293,36,41,1,38,0.004927635,0,9,0.020163774
5597809,100,102,1,29,0.004985809,1,29,0.056926966
6533015,49,52,1,38,0.004784822,1,37,0.064075947
1987359,98,109,1,142,0.02584362,0,3,0.087724686
1252071,53,114,1,64,0.008719683,0,48,0.209266663
2970178,32,61,1,11,0.001343966,1,3,0.000288725
1010736,61,101,1,15,0.002184153,1,15,0.005319834
1410168,111,87,1,48,0.008072138,1,53,0.295884371
2133211,115,107,1,56,0.014675856,1,45,0.181126118
3147790,32,32,1,15,0.001663208,1,15,0.007170916
9289326,65,106,1,15,0.002233744,1,15,0.004393578
3850658,41,125,1,182,0.018572569,1,65,0.293963671
4097910,52,120,1,26,0.003338099,1,26,0.027288198
2273082,122,118,1,30,0.007050037,1,25,0.045577049
8580419,96,114,1,52,0.007982016,0,5,0.08687973
7185508,32,33,1,19,0.002203226,1,19,0.009192467
8122967,35,89,1,7,0.000731707,1,7,0.001489639
808349,52,101,1,74,0.008941889,0,46,0.081917286
4098676,67,103,1,73,0.012481451,0,15,0.250748158
7953067,124,128,1,70,0.0170362,0,14,0.221269369
5110043,121,112,1,35,0.00671649,1,31,0.028514385
196867,43,35,1,26,0.003350019,1,23,0.036175489
1166209,102,55,1,63,0.007704973,1,63,0.174201727
6400809,91,87,1,104,0.018260956,0,6,0.142464161
5423493,67,65,1,75,0.010372877,1,37,0.030139208
9241344,53,92,1,74,0.009494781,1,74,0.557217121
5174548,110,102,1,196,0.047491312,0,53,0.710925579
7369644,107,47,1,27,0.003179789,0,24,0.038532734
4292330,111,119,1,35,0.007905483,0,26,0.05479455
815625,81,39,1,47,0.005218029,1,47,0.064293623
4486738,100,33,1,18,0.002214432,1,18,0.00611186
8361730,80,37,1,15,0.001638889,1,15,0.011818409
2818141,100,109,1,37,0.008761406,0,12,0.026999235
4498674,52,108,1,66,0.008088112,1,44,0.127104998
4472689,92,59,1,27,0.004135132,1,27,0.028819799
8121937,45,105,1,23,0.002845764,1,15,0.0099051
4443254,39,36,1,21,0.002393246,1,22,0.019160509
6730526,80,104,1,69,0.014253855,0,44,0.639152765
5658866,59,42,1,39,0.006561995,1,39,0.071741104
1724981,42,105,1,43,0.006768227,1,43,0.067061186
3052373,119,98,1,118,0.027475357,0,23,0.472391844
9237867,120,92,1,72,0.016487837,0,6,0.129351616
386528,90,97,1,50,0.00874424,0,4,0.017622471
6250653,117,53,1,16,0.002918959,1,16,0.011549234
418017,62,100,1,38,0.006213903,1,37,0.144669056
7819365,96,123,1,123,0.028084517,0,33,0.349634171
6367216,123,93,0,4,0.000767946,0,2,0.006157637
4892331,51,120,1,27,0.003518343,1,23,0.027275324
8848950,102,71,1,36,0.005556822,1,36,0.027128935
9639495,80,109,1,29,0.004941225,1,29,0.041431427
4353819,44,90,1,43,0.004805088,0,14,0.020284176
5975081,72,37,1,20,0.002316952,1,20,0.013000011
6496020,70,55,1,16,0.001916409,1,15,0.011788368
2917005,106,90,0,155,0.029758692,0,43,0.530745029
8341727,123,37,1,67,0.007662773,0,29,0.211513996
6064226,67,42,1,41,0.006551266,1,42,0.191680431
7614506,91,111,1,71,0.013282061,0,25,0.415908337
5870614,117,71,1,82,0.014543772,1,80,0.201443672
8286216,122,68,1,43,0.00732398,1,43,0.133567333
97766,114,50,1,164,0.022580624,0,63,0.475114584
918648,127,87,1,100,0.023316383,1,108,2.871235132
1138944,76,36,0,17,0.00210166,0,18,0.022026777
3099346,95,43,1,39,0.004400253,1,39,0.117108583
6818555,57,52,1,39,0.006111383,0,22,0.06341362
8797479,114,70,1,43,0.005846024,1,42,0.095178843
1945910,88,71,1,33,0.005389929,1,31,0.096750975
6731039,99,109,1,171,0.031903505,0,31,0.193468571
7306227,67,85,1,41,0.007083654,0,3,0.005228996
5480597,52,110,1,18,0.00262785,1,18,0.013555527
3896998,78,100,1,14,0.002116442,1,14,0.005975485
2459115,51,85,1,72,0.009767771,1,37,0.051151991
9364930,57,83,1,21,0.00241065,1,21,0.020432234
1026157,121,73,1,44,0.006220818,1,44,0.1813097
9034918,111,106,1,48,0.009893179,1,44,0.145310163
3186565,107,94,1,165,0.03666544,0,35,0.801949024
8414277,46,68,1,53,0.006372213,0,13,0.057072878
766810,109,111,1,42,0.007211447,0,41,0.270110846
7150150,55,72,1,12,0.002037764,1,12,0.004398584
1441827,104,92,0,31,0.007519484,0,4,0.019048214
9460305,125,76,1,284,0.041052341,0,15,0.328486204
8416575,62,119,1,144,0.018518209,0,82,0.704842567
8611694,38,61,1,37,0.004767656,1,32,0.032372713
4211687,69,113,1,93,0.014915943,0,11,0.062358856
5465060,57,94,1,51,0.007567883,0,7,0.093223333
5662960,49,119,1,18,0.002557278,1,17,0.005489588
9084923,94,78,1,146,0.02303195,1,80,0.817910433
2483674,97,117,1,75,0.018781185,0,29,0.66602993
7235868,91,88,1,53,0.009655237,1,50,0.342433691
1012762,40,74,1,12,0.001666069,1,12,0.006008387
678738,45,97,1,55,0.006431103,1,55,0.408573866
7815734,43,60,1,21,0.002762556,1,20,0.014783621
8926843,34,66,1,58,0.007465839,1,49,0.284136772
4957596,63,107,1,79,0.012283564,1,62,0.681318521
962971,71,95,1,12,0.001805067,1,12,0.004249334
6029097,82,106,1,69,0.008953094,1,69,0.248182297
6315190,122,72,1,46,0.007107735,0,3,0.004481316
2213569,78,117,1,162,0.024754524,1,67,0.668485403
1442099,115,57,1,38,0.004627466,1,38,0.114214659
3385333,34,81,1,27,0.003354311,0,21,0.031211615
9856366,100,111,1,35,0.008892775,1,36,0.124344826
8879421,118,108,1,207,0.054325342,1,57,0.316171885
804121,72,94,1,8,0.00139308,1,8,0.002233982
1693578,45,99,1,88,0.011676311,1,54,0.09099412
7758470,40,79,1,43,0.005378485,1,43,0.13835144
1239424,65,106,1,84,0.014487505,0,2,0.055438995
3165358,49,97,1,25,0.003526449,1,25,0.027477503
5279257,103,120,1,35,0.008830547,0,5,0.01783061
9945080,37,114,1,62,0.007952929,0,40,0.227839708
9957361,75,115,1,69,0.01252532,0,33,0.352708817
9813602,128,68,1,79,0.010736942,1,79,1.249762058
700863,76,38,1,24,0.002782822,1,19,0.013849497
6485940,59,49,1,49,0.005467415,1,49,0.181833506
9593160,48,90,1,79,0.010229588,0,20,0.399441957
1997742,98,83,1,41,0.006326914,0,26,0.065908194
5457245,40,38,0,4,0.000506401,1,14,0.008187532
7507594,60,92,1,36,0.005499125,1,41,0.103222609
4898666,88,53,1,44,0.005678892,1,50,0.247477055
2444315,123,94,1,69,0.012427568,0,57,0.296509504
2219069,78,42,1,16,0.001870394,1,16,0.013185978
894100,47,112,1,26,0.002866268,1,26,0.039525509
3512346,85,61,1,22,0.002898216,1,22,0.022873402
2182102,76,59,1,48,0.00749135,0,1,0.00537014
8788580,108,97,1,148,0.029247999,0,4,0.276495218
7676957,79,98,1,72,0.012120485,0,14,0.357566833
7792628,117,81,1,105,0.018819571,0,8,0.070225954
3747071,56,63,1,21,0.00289011,1,21,0.015193939
4662491,43,102,1,22,0.002835035,1,22,0.020735741
9521766,93,39,1,64,0.007448196,1,64,0.109316587
5586369,89,47,1,43,0.004745483,1,36,0.053086042
126992,49,126,0,191,0.022777319,1,100,0.912130833
961455,99,48,0,14,0.001770496,1,20,0.012604952
9118717,120,88,1,146,0.027936935,0,28,0.647211075
3321241,90,115,1,20,0.00382638,1,18,0.015458107
2907510,117,54,1,97,0.013571739,1,101,2.577498436
568034,116,124,1,84,0.018798828,0,13,0.495368958
3222851,83,67,1,35,0.005377531,1,35,0.076905012
7667292,77,125,1,8,0.001387835,1,8,0.00198698
5744939,46,70,1,61,0.007896662,0,42,0.137072802
9107507,83,93,1,13,0.002072334,1,13,0.006278515
3494513,70,72,1,43,0.005570889,1,43,0.032381535
2191242,98,84,1,84,0.019098043,0,12,0.222723961
2891538,85,119,1,106,0.017418385,1,60,0.228793621
1917815,123,80,1,42,0.009817123,0,10,0.073967695
4728116,85,121,1,46,0.009057045,0,15,0.124435902
2730672,123,36,1,12,0.001531363,1,12,0.003239393
6633828,93,54,1,43,0.006031513,0,29,0.041442156
8424528,64,44,1,18,0.002042055,1,18,0.006154537
8491605,88,117,0,178,0.032130718,0,7,0.111793756
7405861,37,63,1,22,0.002412558,0,16,0.023871899
8913119,78,115,1,6,0.000952244,1,6,0.001130104
7788869,74,127,1,52,0.008054972,0,36,0.152211189
6637885,57,90,1,10,0.001667738,1,10,0.003800869
73394,89,101,1,64,0.00952363,1,60,0.266546965
8862187,62,109,1,27,0.004619598,1,25,0.030799866
5271413,128,59,1,74,0.010899544,0,41,0.566767693
3232322,67,37,1,44,0.005751371,0,11,0.042165995
4476341,44,60,0,28,0.003511906,0,28,0.060968161
5206877,74,70,1,11,0.001866579,1,11,0.004521608
7964224,97,103,1,241,0.047506571,0,12,0.241564512
3769442,113,49,1,8,0.000894785,1,8,0.002325773
867508,95,93,1,50,0.010248184,0,3,0.042061806
782700,65,91,1,15,0.00288868,1,15,0.009938002
1501288,54,95,1,61,0.010417461,1,61,0.586740971
1658885,99,79,1,23,0.003516436,1,23,0.036350489
3487910,92,86,1,71,0.012066841,1,77,1.099819422
1486772,32,58,1,11,0.001153946,1,11,0.004851341
1213003,115,111,1,180,0.034084082,0,6,0.328979015
5090007,123,112,1,5,0.001292706,1,5,0.000879049
8125902,100,114,1,68,0.011112928,0,18,0.356612682
7191059,69,68,1,50,0.008107185,1,35,0.051608086
779017,57,45,1,24,0.002736807,1,24,0.019654512
7571752,51,118,1,132,0.015998125,0,23,0.529727936
220241,71,96,1,19,0.002708912,1,19,0.02223134
653823,46,98,1,47,0.005786419,1,42,0.11808157
7125384,60,120,1,46,0.006172419,1,46,0.060726881
7617256,42,47,1,18,0.002077579,1,18,0.006230116
7065511,56,110,1,15,0.001891375,1,14,0.006505966
9583219,67,109,1,118,0.016529083,0,33,0.950162649
8230771,110,92,1,82,0.013930082,1,60,0.526489973
3778105,124,82,1,82,0.014825106,0,6,0.087168932
2306553,51,73,1,23,0.002683878,1,23,0.036924124
2353030,76,47,1,27,0.003549337,1,27,0.041123867
4832180,127,90,1,29,0.005823851,1,29,0.038906574
5105402,64,119,1,13,0.001772165,0,9,0.005715132
2404817,70,78,1,66,0.01105547,0,14,0.248401165
1819141,94,56,1,25,0.003337383,1,25,0.027130842
751831,104,68,1,48,0.005995274,1,46,0.051851988
7267811,41,98,1,79,0.008321762,0,3,0.017050028
6466240,43,108,1,28,0.003581524,1,30,0.057858467
8650377,55,51,1,46,0.006895065,0,22,0.112938166
8914996,76,75,1,12,0.002060175,1,12,0.005067825
6205944,70,61,1,7,0.000805616,1,7,0.001184464
6158187,38,87,1,32,0.003152609,1,32,0.043707848
9115272,128,33,1,4,0.000477552,1,4,0.000537634
1359345,52,58,1,15,0.001854897,1,15,0.008417845
709401,84,80,1,76,0.011044025,0,40,0.331557274
538478,67,68,1,1,0.000169039,1,1,6.20E-05
2822890,55,88,1,28,0.00376749,0,20,0.012727976
3513212,103,121,1,48,0.012457132,1,48,0.144137144
6027479,67,82,1,46,0.006942034,1,38,0.127500534
4884930,64,108,0,47,0.007239342,0,46,0.070822001
6085923,113,88,1,43,0.009040833,0,28,0.060090303
6281898,103,61,1,34,0.004125834,1,34,0.129342556
1242116,98,57,1,39,0.005221844,1,35,0.0512743
39836,100,55,1,60,0.008307219,0,18,0.413216352
7235951,58,70,1,37,0.004510403,0,6,0.055212736
9204224,111,86,1,91,0.013483047,0,13,0.240679264
2108847,123,35,1,60,0.006030798,1,60,0.282373428
7361493,69,42,1,31,0.003714085,1,16,0.008235931
238045,74,74,1,65,0.009212494,0,10,0.025729656
1215812,107,102,1,26,0.005125046,0,15,0.026917696
9051358,98,93,1,91,0.020797253,0,72,1.347527504
3178054,75,114,1,31,0.00473094,1,30,0.033981562
2365592,128,86,1,49,0.009163857,1,49,0.235718966
8654660,103,42,1,7,0.000874281,1,6,0.001117945
160301,43,49,1,7,0.001015186,1,7,0.001208305
4477593,58,49,1,27,0.003895998,1,23,0.031340361
572422,121,35,1,57,0.005940437,1,57,0.110686302
2924364,72,69,1,17,0.002615929,1,15,0.007045269
7898963,51,82,1,25,0.003051043,1,25,0.02257514
3358695,113,109,1,71,0.019343853,1,71,0.962502956
6986768,44,37,0,41,0.028667688,0,28,0.048917055
6032004,65,74,1,11,0.00153017,1,11,0.004182577
2567527,78,77,1,33,0.004359961,1,27,0.041349411
2435064,49,44,1,22,0.003083944,1,22,0.031620979
3465360,123,53,1,34,0.003843784,1,34,0.045137405
877151,105,83,1,277,0.056716681,0,8,0.345975637
9248610,57,62,1,23,0.003488302,1,23,0.030979395
8144141,68,114,1,44,0.007025242,1,48,0.098527431
3155744,104,52,1,39,0.00751543,0,17,0.025183678
3323200,107,95,1,22,0.003636122,1,24,0.027569294
4898039,41,78,1,17,0.002444506,1,17,0.013776541
4504938,79,99,1,126,0.021173,1,76,1.117125034
5097360,82,128,1,132,0.023369789,0,81,3.415036201
8817057,33,79,1,9,0.001090765,1,9,0.003155708
4819564,72,117,1,156,0.030639887,0,22,0.89945507
3138118,48,57,1,12,0.001815557,1,12,0.004687786
2680215,42,87,0,300,0.034289598,0,50,0.333438873
153734,124,81,1,33,0.004259109,1,33,0.084697247
9860251,108,44,1,61,0.00651145,1,53,0.100636959
9681662,70,61,1,66,0.008966446,0,13,0.129645824
471387,98,123,1,13,0.002841949,1,13,0.005306482
6629555,71,101,1,15,0.002026796,1,15,0.005671024
2450324,112,122,1,46,0.012452841,0,25,0.067961216
975272,112,121,1,81,0.02153635,0,23,0.266045094
7892438,78,121,1,129,0.020784616,1,94,0.630995989
6313484,54,97,1,31,0.003715038,1,31,0.094830751
2213744,122,36,1,28,0.002999067,1,28,0.0349617
427178,121,41,1,15,0.001965284,1,15,0.010087729
4702474,52,85,1,70,0.008660078,0,27,0.414124727
7413820,51,125,1,18,0.002531528,1,18,0.011781454
9312381,82,112,1,96,0.018055201,0,23,0.666971922
154880,53,64,1,14,0.002529621,1,18,0.013138533
3105722,60,116,1,43,0.006156445,0,3,0.013158083
2300261,49,83,1,35,0.004483223,0,8,0.035161972
5361052,46,56,1,18,0.002007008,1,18,0.012162209
476192,47,96,1,20,0.00255537,1,20,0.014150858
9179220,71,52,1,15,0.002162457,1,15,0.005583763
2519825,96,114,1,117,0.023676395,0,20,0.111619711
7523068,83,63,1,36,0.00483489,0,14,0.030955315
1034434,92,93,1,8,0.001670122,1,8,0.001923084
1087643,44,109,1,86,0.010194778,1,46,0.17267704
6887241,53,101,1,99,0.01273036,1,93,0.89888072
6334965,36,65,1,51,0.006358147,0,9,0.137621641
1065824,49,66,1,16,0.002398729,1,16,0.009397268
5833995,122,102,1,111,0.020488024,1,73,0.898854494
295663,116,128,1,68,0.014666557,1,69,0.883893251
2700384,57,48,1,23,0.003005981,0,13,0.031080484
4661947,128,92,0,0,0,0,0,9.54E-07
2827983,92,50,1,30,0.00415802,1,30,0.032107115
4011305,98,33,1,16,0.002094984,0,12,0.011402369
7654565,50,34,1,30,0.003569841,0,6,0.035657406
6619798,44,63,1,42,0.00531745,1,42,0.14455533
6973151,44,72,1,37,0.004940271,0,14,0.016391277
1305081,126,37,1,62,0.00621438,1,46,0.053376436
5820414,94,69,1,69,0.010692358,0,24,0.115256548
2403141,71,34,1,23,0.003425837,1,23,0.042648792
5597876,37,77,1,39,0.005032063,1,41,0.118878365
8514552,61,42,1,40,0.006018877,1,44,0.105054617
5545403,34,84,1,39,0.006802559,1,38,0.059075117
3669988,43,51,1,20,0.00239253,1,20,0.007522345
1599240,88,79,1,67,0.01158762,0,19,0.299418926
6736835,60,92,0,38,0.009295225,0,27,0.082677364
2589734,122,97,1,152,0.034826756,0,87,3.389711618
505452,112,104,1,198,0.035852671,0,48,1.288240194
5301326,78,74,1,54,0.007811308,0,19,0.089016914
3794580,104,103,0,30,0.00780797,0,50,0.389442682
1736919,49,76,1,73,0.009393454,1,21,0.022563934
4525294,67,113,1,24,0.003274679,0,11,0.017434597
3385534,94,109,1,23,0.004752159,1,21,0.022179365
2898190,118,47,1,11,0.001382113,1,11,0.002727509
7586650,57,126,1,6,0.000808239,1,6,0.001079082
7433386,68,47,1,29,0.003243923,1,29,0.063225985
9793192,55,39,1,13,0.001859903,1,13,0.005081177
5113414,116,43,1,19,0.002195835,1,19,0.006732225
6826060,93,91,1,56,0.008726597,1,46,0.110052586
6037878,63,67,0,29,0.004734039,0,25,0.048038483
3135336,34,49,1,27,0.003359318,1,27,0.039637327
117005,81,66,1,43,0.005696297,1,30,0.081264019
6720229,89,71,1,59,0.009499311,1,59,0.194062471
44372,91,100,1,42,0.00826335,1,41,0.141499996
4203523,93,86,1,75,0.015309095,1,52,0.194030762
5875034,78,72,1,21,0.003550768,1,21,0.020241261
5546906,128,109,1,113,0.024726152,0,49,0.246278286
47808,39,127,1,10,0.000983477,1,10,0.002745867
3148583,126,64,1,14,0.002048969,1,14,0.003874779
2652186,118,65,0,22,0.003940105,1,26,0.023940802
1473058,61,71,1,12,0.00178051,1,12,0.007179499
8836920,56,120,1,23,0.003628254,0,8,0.011515141
3538722,65,98,1,44,0.0063169,1,47,0.231141329
3518466,112,97,1,35,0.006470442,1,29,0.033906937
2919453,122,101,1,293,0.053733826,1,85,0.474319696
691307,108,76,1,35,0.005805254,0,9,0.031335115
9217600,33,86,1,13,0.001559258,1,13,0.006343842
9577929,91,115,1,51,0.009500265,0,19,0.244579792
9796669,103,68,1,49,0.007036686,1,43,0.196317434
6048153,105,54,1,2,0.000270128,1,2,0.000159264
3731554,38,42,1,10,0.001404762,1,9,0.003134727
489591,39,91,1,21,0.002243519,1,21,0.024933577
5488203,89,34,1,44,0.004934788,0,17,0.04648447
9215735,115,62,1,36,0.004405022,1,36,0.077793837
3751530,59,40,1,25,0.003012657,1,14,0.007901907
3318618,50,82,1,26,0.003626585,1,26,0.04979682
9517160,82,80,1,32,0.004340172,1,31,0.04370904
5467274,113,43,1,55,0.006408453,1,59,0.45809865
597966,44,112,1,19,0.002488136,0,11,0.010658503
6783165,40,95,1,26,0.003566027,0,18,0.039901018
8700352,34,112,0,19,0.002492428,0,18,0.027301788
1538588,120,82,1,170,0.028860807,0,2,0.090592861
7726219,92,127,1,82,0.01293087,1,47,0.058628321
7188843,123,93,1,51,0.010174513,0,23,0.136781216
4498339,111,41,1,30,0.003216028,1,30,0.043288946
3024503,64,53,0,18,0.002789021,0,18,0.018236399
696291,93,79,1,93,0.013747931,0,36,0.184296846
6410133,68,110,1,40,0.005934,0,4,0.035465002
6293608,111,65,1,54,0.008550167,1,48,0.081871986
7791147,58,121,1,60,0.007728338,0,15,0.199901104
93499,116,67,1,122,0.018308878,0,64,0.610662699
7645220,109,48,1,98,0.013935089,0,7,0.079611778
3054584,115,50,0,0,1.19E-06,0,0,0
3167410,93,45,1,19,0.002748966,1,17,0.006225109
1638611,99,59,1,45,0.00556612,0,10,0.066576004
9811263,105,62,0,45,0.006579638,1,77,1.11460638
6574385,112,93,1,44,0.00710535,0,20,0.108212948
9841994,106,90,1,42,0.008128405,1,42,0.177924633
6038360,90,81,0,23,0.003966331,0,15,0.089333534
3308293,90,122,1,43,0.009482622,1,37,0.059378386
8905248,119,102,1,15,0.002757549,1,15,0.00856328
6036609,103,72,1,33,0.004915953,0,13,0.0135355
4833063,53,94,1,49,0.006083965,1,48,0.265166759
337854,128,120,1,298,0.067528725,0,4,0.312828064
2823298,125,126,1,57,0.013535738,1,55,0.235486507
3883903,95,122,1,29,0.006382465,0,19,0.021321058
3045459,102,119,1,117,0.01996994,0,76,1.861465216
2227301,128,65,1,61,0.008133411,1,51,0.148634434
2019379,61,94,1,36,0.004794359,1,36,0.086081982
4022680,89,106,1,40,0.009125471,1,33,0.087907314
9596527,59,61,1,22,0.003553867,1,19,0.019974709
1071162,116,61,1,15,0.002251863,1,15,0.007660866
5409298,62,44,1,23,0.002765417,1,22,0.029700756
249453,108,59,1,49,0.006293774,1,46,0.054316044
2048287,52,69,1,16,0.001859903,1,16,0.013759375
2884223,127,55,1,27,0.003466606,1,21,0.015883684
4116665,88,122,0,6,0.001616716,0,4,0.233412027
3897072,67,80,1,39,0.006668806,0,3,0.010453701
2705156,35,124,1,107,0.015982151,1,107,3.005283356
9220613,49,127,1,49,0.005768538,1,37,0.095037222
6321822,75,38,1,8,0.000990391,1,8,0.002338648
9759037,122,93,1,198,0.041842222,0,70,1.364397526
1948776,114,115,1,29,0.007382631,0,10,0.022959471
1244848,81,81,1,93,0.017934322,0,4,0.11173892
2663941,94,51,1,88,0.013678074,0,31,1.209747076
785417,121,121,1,64,0.015862703,0,67,0.738885164
9424508,98,110,1,84,0.01550436,0,17,0.522959232
1887654,123,121,1,91,0.017790556,1,43,0.090809822
9359970,58,61,1,18,0.002682209,1,18,0.017119169
5255183,70,124,1,56,0.008408308,0,41,0.201082468
3041103,107,85,1,33,0.005863428,1,32,0.045694113
3708261,110,89,1,40,0.006335735,0,7,0.032087564
9662433,52,46,1,8,0.000945091,1,7,0.001404524
4708051,124,97,1,10,0.002247334,1,10,0.002285719
9989646,43,110,1,23,0.003132343,0,3,0.004256964
4054394,53,58,1,108,0.014914751,1,36,0.040076494
1998957,90,67,1,51,0.006659746,1,51,0.243818283
9927277,60,89,1,12,0.001948595,1,10,0.004107237
9667200,61,124,1,40,0.006209612,0,40,0.164973736
2447609,67,64,0,153,0.021368742,0,2,0.006296635
4882047,44,34,1,32,0.003510237,0,13,0.036074877
5897430,59,84,1,44,0.007273912,1,28,0.021643639
4817706,65,103,1,54,0.007145882,1,54,0.367453337
6232509,53,71,1,20,0.002918482,1,20,0.013552427
6832248,44,66,1,30,0.003670454,1,30,0.034091234
4890870,48,35,1,8,0.0008986,1,8,0.002424479
7185342,54,118,1,39,0.004984379,1,37,0.099833727
800416,101,94,1,85,0.016479015,0,14,0.031995773
4405556,124,110,1,222,0.048633337,0,13,0.636054754
592924,36,36,1,21,0.002826691,0,3,0.004738569
3678664,121,111,1,208,0.047757149,0,23,1.098843098
476677,110,67,1,105,0.017389536,1,91,2.366178751
4693012,120,65,1,127,0.021175623,1,67,0.504045248
7567009,96,50,1,61,0.007148981,1,59,0.480203867
2185553,40,69,1,19,0.002238274,0,10,0.020813227
501177,96,44,1,13,0.001661301,0,8,0.00433898
5620422,84,40,1,56,0.007163525,1,56,0.666822195
2391740,41,62,1,9,0.0010221,1,9,0.001954317
431033,95,61,0,79,0.043845415,0,47,0.280296326
1140908,104,98,1,3,0.000530005,1,2,0.000160933
4907246,39,100,0,92,0.011654139,0,55,0.947915316
1842686,87,101,0,300,0.041733503,1,82,0.306361437
8142695,74,81,1,48,0.00930047,0,24,0.165945768
5562109,79,53,0,45,0.005983353,0,44,0.077260494
4207131,47,71,1,35,0.004615784,1,34,0.055363178
9392694,119,33,0,15,0.028678656,1,20,0.023676634
2980229,96,88,1,21,0.003200293,1,21,0.017569065
725233,54,122,1,20,0.002744198,1,20,0.025728464
4559218,82,47,1,32,0.004194975,1,32,0.099490643
1537864,105,42,1,71,0.008749723,1,60,0.640314579
5645416,62,40,1,8,0.000947952,1,8,0.002258778
241621,65,125,1,13,0.001565933,1,13,0.004604578
4312048,48,111,1,31,0.004133701,1,31,0.040251017
1456050,119,113,1,121,0.02327776,0,37,0.411690235
4547043,33,56,1,31,0.003814936,0,9,0.02191186
863810,70,57,1,7,0.000989437,1,7,0.001536369
3140277,126,109,1,45,0.009478569,1,41,0.126944304
6739721,73,93,0,26,0.003795624,1,33,0.073218822
2971551,87,52,1,35,0.00449419,0,34,0.128907681
711782,88,56,1,59,0.007547617,0,6,0.028375149
5609000,44,114,1,115,0.015608788,0,83,1.997499943
444187,44,35,1,12,0.001325369,1,12,0.005959749
5557035,93,54,1,48,0.007266045,0,30,0.218108654
263746,81,99,1,34,0.006629467,0,14,0.05873704
9474035,114,98,1,54,0.01243186,1,54,0.170185804
9175888,67,51,1,21,0.003323317,1,20,0.02231884
6513149,97,101,1,124,0.025880098,0,15,0.714604378
6111089,51,57,1,15,0.002245665,1,14,0.006561756
6905645,64,52,1,21,0.002598047,1,21,0.018805027
754980,123,59,1,34,0.005233288,0,23,0.101150513
4958636,53,60,0,0,9.54E-07,0,0,0
8422385,46,105,1,61,0.006567717,0,20,0.35097456
5956296,105,54,1,7,0.000977993,1,7,0.001728535
3974348,75,119,1,53,0.007444382,1,53,0.110744476
5825251,73,112,1,94,0.031084061,0,29,0.71751523
4834617,105,122,1,12,0.002295256,1,12,0.006697893
4642967,84,53,0,19,0.002944708,0,10,0.015821457
3405622,54,92,1,48,0.006999493,1,31,0.028470039
3100911,69,97,1,25,0.00372529,1,23,0.026015282
5633798,77,117,1,147,0.023305655,0,74,2.880139351
5916444,98,79,1,50,0.008827686,0,7,0.037119627
9135145,64,75,1,48,0.006588936,1,51,0.358522892
4085259,87,54,1,17,0.002428532,1,10,0.004162312
872702,49,124,1,33,0.004526377,1,33,0.094275475
7137195,80,76,1,14,0.033007145,1,14,0.006124735
6411124,41,80,1,29,0.003278255,1,27,0.030903578
2731642,62,107,1,50,0.007880688,1,48,0.19618535
2104786,80,86,1,57,0.009492397,1,51,0.29523921
4341977,66,123,1,125,0.021839142,0,40,2.661600828
5707935,123,99,1,189,0.039995909,0,12,0.540492296
9167075,96,126,1,43,0.008078575,0,11,0.17897439
237704,108,35,1,26,0.002933025,1,26,0.027868986
298728,89,43,1,51,0.006647587,0,17,0.166248083
8027014,90,97,1,108,0.021881104,0,76,1.544057846
5226039,92,128,1,64,0.010035992,1,64,0.61994648
4493265,78,66,1,23,0.003939629,1,23,0.036559343
6998683,104,35,1,90,0.009224892,0,52,0.198921442
4313321,97,63,1,99,0.013012171,0,3,0.08654809
2231386,109,86,1,67,0.009907961,1,67,0.340279818
498670,125,112,1,35,0.007260799,1,35,0.097121954
496669,59,55,1,15,0.002110004,1,16,0.011808634
4605465,111,119,1,74,0.013897657,0,46,0.474402189
3986559,64,128,1,44,0.0069139,0,15,0.056240797
3285337,117,41,1,85,0.010269403,1,69,0.150780439
3025141,48,106,0,300,0.039055347,1,44,0.228785992
606361,59,111,0,0,0,0,0,9.54E-07
1391953,93,87,1,58,0.00893569,1,53,0.117342234
1952727,93,79,1,16,0.002799511,1,16,0.010307789
3800939,113,64,0,299,0.042151451,0,31,0.299104452
5161256,72,118,1,40,0.005763769,0,36,0.119119406
7439790,71,70,1,60,0.008748055,0,16,0.171360016
3377252,82,122,1,123,0.023837328,0,4,0.138378859
6888755,37,126,1,146,0.019254446,0,44,1.120387554
1495261,121,78,1,109,0.021438837,0,52,0.524908066
5685780,92,117,1,126,0.028539181,0,2,0.042133093
8383435,64,86,1,57,0.009346485,1,43,0.104441166
1689315,101,39,1,9,0.001202345,1,9,0.002779484
5484260,97,47,1,38,0.004830122,1,39,0.097484589
1659158,90,56,1,40,0.005897045,1,40,0.115507603
7138,91,60,1,50,0.007519007,0,23,0.059952021
4592558,98,49,0,9,0.001231432,0,8,0.010263443
1268945,99,45,1,35,0.004549742,1,27,0.040373087
3219445,121,32,1,18,0.002153397,1,18,0.018214941
6108941,93,70,1,49,0.007963419,0,8,0.080514431
2641000,33,64,1,12,0.001217365,1,12,0.004393816
8345826,120,37,1,35,0.003942013,1,35,0.022350311
2091528,100,111,1,43,0.007344961,0,5,0.006212473
4170702,44,64,0,0,9.54E-07,0,0,0
5675549,121,85,1,100,0.018099785,0,35,0.542635202
9930521,70,103,1,25,0.003204823,1,25,0.023064375
2310311,122,36,1,37,0.004728079,0,10,0.089928627
5501668,38,95,0,26,0.00340271,0,8,0.019534826
2305028,92,34,0,60,0.006309748,0,60,0.292722225
4494451,99,112,0,0,9.54E-07,0,0,0
1993887,96,103,1,22,0.005205631,1,25,0.037189722
7434333,58,103,1,12,0.001386642,1,12,0.004438877
8079731,100,82,1,12,0.002019405,1,12,0.005268574
3308411,120,100,1,135,0.03457737,0,38,0.423276663
9370934,77,70,1,16,0.002568007,1,16,0.005485296
6226818,41,95,1,17,0.002130985,1,17,0.017049313
8019145,94,41,1,69,0.007095098,0,33,0.096869946
5966410,98,90,1,74,0.014108658,0,9,0.105873585
2721224,47,41,1,16,0.002486467,1,14,0.008644819
4913931,82,66,0,300,0.045430183,1,10,0.003481627
306718,36,115,1,11,0.001410246,1,11,0.004133701
5871123,92,93,1,34,0.006160259,1,32,0.038903952
3843120,58,71,1,2,0.000288963,1,2,0.000156164
223287,96,92,1,96,0.018493652,0,19,0.141464233
8774743,55,62,1,29,0.004405737,1,29,0.049620152
5919625,79,44,1,37,0.004854202,1,37,0.107333183
1854209,98,109,1,44,0.008179903,0,20,0.173811436
1316998,50,111,1,70,0.007904053,1,70,0.244903326
9138091,41,82,1,16,0.001883268,1,15,0.005992651
6952267,98,79,1,32,0.006027937,1,30,0.079538584
2375397,81,105,1,20,0.003053904,1,20,0.013285398
7241580,65,54,1,21,0.0034132,1,20,0.014709234
3466768,34,40,1,19,0.002104521,1,19,0.020457029
915174,90,127,1,54,0.011043787,0,24,0.265345097
2055976,94,121,1,74,0.012639046,0,43,0.303120375
1027505,64,89,1,15,0.002325773,1,15,0.010785818
7717071,117,64,1,35,0.004353523,1,27,0.042664766
8254140,53,90,1,55,0.006144762,1,53,0.064994335
1574441,77,73,1,48,0.008540154,0,17,0.135984182
478758,108,45,1,77,0.010883093,1,77,1.129243374
2380193,59,57,1,197,0.027758837,1,8,0.0023911
6573330,94,101,1,84,0.018823624,0,57,0.641716957
5435150,74,65,1,23,0.00363493,0,9,0.012591124
9553074,119,110,1,189,0.0494349,0,12,0.80452919
5333139,64,97,1,30,0.004722834,0,28,0.08728528
1608487,72,90,1,53,0.007714748,1,53,0.292591095
1204453,100,127,1,37,0.006165266,0,5,0.026505947
9469026,106,124,1,199,0.054376841,0,8,0.066365004
1358173,77,69,1,23,0.003571987,1,23,0.038992882
1604910,49,37,1,20,0.002624035,1,21,0.016702652
4366481,71,60,1,36,0.005021572,0,17,0.026812077
485551,67,109,1,36,0.006471157,1,42,0.094503403
2531967,68,37,1,31,0.003330708,1,31,0.056731462
8269859,79,114,1,127,0.024804831,0,14,0.125850677
3713708,43,119,1,37,0.004725456,1,27,0.028205872
6884614,53,116,1,47,0.005898476,1,47,0.153953075
2035957,115,108,1,45,0.009200096,1,35,0.039055586
5834984,100,51,1,48,0.005744457,1,42,0.159826756
6376831,108,91,1,60,0.01300931,0,40,0.255843163
6283146,52,44,1,6,0.000751495,1,6,0.001072407
1373863,52,88,1,13,0.001735449,1,13,0.006770134
4315728,73,39,1,22,0.002855062,0,2,0.003547192
5380910,118,102,1,227,0.040098667,1,45,0.042525053
3730189,49,38,1,5,0.000739813,1,5,0.00095582
3421602,73,67,1,60,0.016016483,0,20,0.093005657
6997469,79,72,1,45,0.008005142,0,11,0.034974575
4320761,120,124,0,0,0,0,0,9.54E-07
5884073,78,43,1,21,0.002828598,1,21,0.010794401
161785,40,81,1,299,0.037254572,1,57,0.50395751
4694525,74,96,1,65,0.016867638,0,19,0.169952869
8715727,84,39,1,38,0.006096363,1,38,0.173711061
3078221,41,60,1,31,0.003917456,1,30,0.041528225
2440928,61,57,0,28,0.004475594,1,21,0.017132759
4188376,103,42,1,42,0.005511522,1,40,0.118560314
3716261,51,101,1,74,0.010951042,1,60,0.56344533
7105975,57,73,1,61,0.010985613,1,44,0.130891323
5606311,83,77,1,22,0.00421977,1,21,0.026992083
251935,35,61,1,25,0.003176212,0,4,0.005113602
2576830,43,62,1,21,0.002814054,1,22,0.02976799
4570078,77,128,1,41,0.009421825,0,25,0.04138422
3674079,71,118,1,29,0.00502491,1,29,0.051192522
5410459,113,52,1,42,0.006725073,1,39,0.042984009
7984204,65,32,1,16,0.001693964,1,16,0.011868477
1230697,111,50,1,8,0.001004696,1,8,0.00196147
1887655,45,92,1,21,0.002615929,0,9,0.016328096
7766343,89,40,1,19,0.002370358,1,19,0.019244432
2934529,97,50,1,100,0.015194893,1,46,0.281821012
6442284,128,103,1,21,0.004337311,1,21,0.021912575
2882094,46,68,1,23,0.003095388,1,21,0.018910646
9057610,88,119,1,34,0.006515026,1,28,0.034359217
2667101,106,84,1,76,0.011751413,0,7,0.101872921
5573867,100,42,1,46,0.005888462,1,46,0.068182945
3417732,79,112,1,41,0.006322861,1,32,0.052031279
9489696,43,62,1,40,0.004802704,0,28,0.038161755
4697439,64,40,1,35,0.005428076,1,35,0.12758112
3173124,116,116,1,190,0.042607546,0,132,5.011914015
8191919,71,81,1,26,0.003853559,1,22,0.020414591
1618783,65,84,1,34,0.004726887,1,34,0.117901564
791264,38,34,1,16,0.00164032,1,16,0.008568525
32564,114,38,1,27,0.003045321,1,27,0.064450502
9782822,91,69,1,61,0.008889675,0,52,0.151836157
8947948,90,71,1,52,0.009170294,1,34,0.081289291
5368637,56,81,1,44,0.00515604,1,44,0.237064838
5094677,43,112,1,14,0.001618147,1,14,0.008543015
1088079,105,115,0,0,9.54E-07,0,0,0
9192994,83,111,1,6,0.001273632,1,6,0.001102924
7510569,104,44,0,54,0.009854555,1,48,0.128920555
9429005,97,84,1,30,0.004717588,0,17,0.070685387
1179314,104,83,1,20,0.003165483,1,21,0.023485184
3715514,125,35,1,288,0.027187586,0,42,1.468832016
1669567,101,86,1,15,0.00257349,1,15,0.008608103
4342382,100,72,0,22,0.003522873,0,3,0.003626347
432511,48,116,0,300,0.032688856,0,13,0.140618563
5966052,116,48,1,187,0.022253036,1,76,0.413329601
3256903,38,100,1,42,0.004822016,1,40,0.116701126
1244193,50,69,1,25,0.003540993,1,20,0.013362885
3953963,100,47,1,58,0.006574631,1,58,0.271210909
204902,98,110,1,100,0.017453432,0,52,0.472659349
4605568,104,70,1,51,0.008072853,0,21,0.091389179
4163601,125,113,1,23,0.004884481,1,23,0.04097414
7319407,106,40,1,11,0.001335621,1,11,0.005106926
7782061,118,71,1,60,0.007998943,1,71,0.425196886
2095082,70,35,1,12,0.001254082,1,12,0.004976511
420464,35,32,1,14,0.001620054,1,14,0.010080576
8235604,72,117,1,136,0.023873329,0,32,0.367883444
1116113,45,78,0,39,0.004894733,0,39,0.214635372
2115721,128,124,1,25,0.004825354,1,25,0.04104495
6610308,56,41,1,37,0.004379988,1,20,0.025007248
282832,74,69,1,45,0.006029129,1,45,0.210479975
486865,35,96,1,53,0.006123066,1,53,0.212928295
8509952,39,122,1,30,0.003731251,1,30,0.036715269
3534246,96,96,1,91,0.014421463,0,17,0.418334723
9222212,70,109,0,9,0.00165987,0,9,0.026636839
4513823,98,47,1,32,0.004248142,1,31,0.087452173
8878528,87,56,1,36,0.00420785,1,36,0.056908846
6538498,45,42,1,43,0.005304813,0,8,0.022113562
5234997,63,72,1,8,0.001180887,1,5,0.000727654
1321403,46,121,1,18,0.001988173,1,18,0.017691851
4048302,47,60,1,24,0.003091097,1,27,0.034938335
3523204,56,70,1,43,0.006518126,0,23,0.056895733
6801329,36,104,1,32,0.003936768,0,7,0.015790939
8129329,90,56,1,19,0.002434731,1,19,0.011839867
423465,127,117,1,58,0.012181759,0,47,0.331771851
108848,127,119,1,154,0.032268047,1,52,0.170078754
9300821,38,112,1,27,0.003281116,1,29,0.064286947
8603274,127,81,1,98,0.016838551,1,98,0.70405364
1819764,113,76,1,61,0.009483814,1,41,0.064925671
8539113,110,42,1,130,0.01680994,1,88,0.826906443
4634195,60,32,1,27,0.002749443,1,27,0.036633015
2708406,63,102,0,54,0.007349968,0,52,0.135436296
1798915,38,107,1,43,0.004802704,1,42,0.144623518
9623368,119,68,1,68,0.011680365,0,42,0.387562275
3467778,121,94,1,29,0.004903078,1,29,0.065536022
4626591,128,117,1,50,0.010855436,0,4,0.017920971
122444,61,113,1,25,0.003093481,1,23,0.017086029
8022749,103,109,1,96,0.019999743,0,16,0.954521418
1448955,81,104,1,34,0.007640839,1,28,0.035945654
5783124,59,36,1,23,0.00261116,1,23,0.018711567
8357472,92,42,1,36,0.004160166,1,36,0.133924484
6005984,105,74,1,199,0.0348804,1,68,0.596465111
2152145,122,42,1,12,0.001418591,1,12,0.00667429
2304483,128,94,1,14,0.002495289,1,14,0.007092953
4380194,78,126,1,62,0.01134038,0,15,0.137339354
4318523,74,120,1,48,0.00783515,0,28,0.102860451
2314360,46,124,1,49,0.006405592,1,46,0.194005251
3141107,112,45,1,18,0.00218749,1,18,0.013325214
3595430,103,56,1,33,0.00434804,1,31,0.05316186
5153984,53,50,1,42,0.005954981,0,1,0.001502275
7564485,74,122,1,103,0.01817894,0,19,0.90196085
7944526,40,95,1,45,0.005888462,1,43,0.132737398
4525051,93,125,1,19,0.003705978,1,19,0.013756752
1552568,32,78,1,32,0.003411293,1,31,0.084874153
246498,53,38,1,28,0.003391743,1,28,0.024446011
28162,65,35,1,41,0.004953861,1,41,0.125994921
7365705,83,64,1,84,0.014543056,1,52,0.216368198
6568248,119,126,1,110,0.02779007,0,45,0.285179615
4967488,111,80,1,26,0.004658461,0,15,0.050429344
4428449,49,80,1,77,0.011434555,0,1,0.015296221
2638490,88,60,0,9,0.001880169,1,32,0.060600758
4486232,121,59,1,13,0.002080679,1,13,0.008576155
2942493,108,98,1,97,0.018404722,1,80,0.72833395
8310818,114,111,1,109,0.021911621,1,80,1.140619993
6336269,127,83,1,37,0.007533312,0,10,0.036318302
4644843,125,44,1,165,0.018238306,1,69,0.370978832
1927245,33,120,1,74,0.011958599,1,73,0.93081665
7614980,59,53,1,14,0.002344608,1,14,0.009140015
9161133,128,85,1,25,0.006500959,1,25,0.047116041
5660911,60,100,1,20,0.003180265,0,2,0.003922939
5379217,55,104,1,44,0.007167816,0,12,0.045830488
7419442,63,81,1,85,0.013521671,0,4,0.043905735
1330800,93,71,1,12,0.001650095,1,12,0.005064726
1153763,45,111,1,71,0.0077703,1,70,0.243964434
7150987,85,88,1,68,0.010950327,0,30,0.302273273
8483922,127,118,1,114,0.029708385,0,8,0.116168022
8223276,71,101,1,34,0.004841566,0,1,0.008683205
7886781,120,94,1,48,0.010202885,1,45,0.165022612
9699065,96,121,1,97,0.019973755,0,16,0.133244991
571715,65,88,1,12,0.001865625,1,12,0.005810499
6941186,64,53,1,5,0.000773907,1,5,0.000681162
5546267,100,79,1,99,0.016221046,0,44,0.632950783
9212650,59,109,1,27,0.00371027,1,27,0.02925992
5499782,106,41,1,3,0.000352621,1,3,0.000381231
9309698,85,32,1,53,0.005459547,1,47,0.223607779
9816842,114,95,1,98,0.021967649,0,13,0.363142967
6980651,103,97,1,27,0.006168365,0,2,0.009335041
478776,77,65,1,91,0.013932705,0,46,0.236069441
4545137,112,63,1,33,0.004580975,1,33,0.06117034
6609443,99,83,1,69,0.01350522,0,20,0.457127333
2216202,80,107,1,39,0.006997108,0,6,0.05911684
2741129,89,44,1,78,0.010608435,1,66,0.790963173
7787587,52,100,1,29,0.003602505,0,7,0.015435696
8960533,121,38,1,28,0.003403664,1,28,0.069602728
6574086,61,103,1,54,0.007669687,1,38,0.079856157
6779261,117,37,0,5,0.000614882,0,5,0.001895189
9623431,109,82,0,19,0.00413847,0,18,0.039909601
5215115,48,119,1,34,0.003956318,1,34,0.097442389
7533301,85,33,1,70,0.007197618,1,68,0.920512438
1911913,111,92,1,3,0.000567675,1,3,0.000322104
2156506,35,70,1,23,0.003116131,1,23,0.035219193
2349713,71,87,1,203,0.031558514,0,4,0.095081091
4681082,69,35,1,66,0.007455111,0,40,0.109141827
3519609,104,104,0,62,0.018734694,0,11,0.119132042
1844475,50,76,1,20,0.003248692,0,18,0.0276227
8717119,93,73,1,50,0.008503199,0,38,0.343075037
2925434,123,61,1,103,0.015914917,1,79,0.232379436
5084536,68,87,1,21,0.002888918,1,21,0.020553827
547336,128,86,1,48,0.007179737,1,44,0.143488646
7530835,123,94,1,90,0.015424013,0,28,0.034133911
9895436,64,84,1,109,0.020892382,0,26,0.22032547
2606473,128,98,1,74,0.015962362,0,29,0.569613218
7103617,112,40,1,34,0.003831148,1,29,0.046064854
3952672,48,49,1,37,0.004978657,1,30,0.052969694
2274833,101,80,1,72,0.011367798,0,18,0.167351484
140902,76,94,1,42,0.006996632,0,14,0.094670534
5805644,97,85,1,23,0.00462389,1,23,0.041831732
4938970,104,125,1,51,0.009725094,0,2,0.017045021
6888078,38,92,1,48,0.005230188,1,45,0.161211729
2210720,102,58,1,29,0.004342794,1,29,0.036459923
4164171,74,44,1,21,0.002752304,0,21,0.024933338
4784412,79,110,0,0,0,0,0,9.54E-07
8988244,111,84,1,76,0.013896942,1,61,0.256546021
2404555,109,85,1,31,0.005211115,1,31,0.046428442
3649768,39,66,1,44,0.005364895,1,42,0.13395977
9713583,57,66,1,52,0.006307602,0,3,0.032047272
5190251,52,49,1,8,0.001325846,0,2,0.000484228
722098,111,40,1,20,0.002460957,0,9,0.011618853
8542267,102,96,0,300,0.05802393,0,35,0.295073509
8731976,125,37,1,11,0.001085043,1,11,0.00245595
9862048,80,51,0,0,0,0,0,7.15E-07
6186881,113,72,1,64,0.009182215,1,74,0.558373928
4637021,89,125,1,29,0.004565954,0,15,0.050380468
355668,62,47,1,25,0.003047228,1,25,0.041281223
2850248,114,36,1,47,0.004492521,1,47,0.140736341
1604435,57,85,1,28,0.003555775,1,28,0.033939362
1549921,103,38,1,66,0.007708549,1,66,0.277813435
8035876,51,118,1,74,0.011091948,1,70,0.36896801
4977299,83,121,1,62,0.011794567,1,59,0.145316124
6026108,41,125,1,77,0.009546518,0,44,0.471983433
3548167,76,62,1,22,0.003291368,1,14,0.00541234
334327,61,56,1,33,0.003902435,1,25,0.021572351
2674988,115,122,1,37,0.009277105,0,18,0.060460806
4150864,48,78,1,48,0.006670952,1,42,0.143219471
1047855,120,56,1,49,0.007776737,1,45,0.165284157
2394139,96,68,1,53,0.008490086,0,14,0.073114157
607519,94,111,1,35,0.006491661,1,35,0.132934093
3107584,90,71,1,38,0.005760908,1,38,0.122132301
7353754,73,61,1,24,0.00357461,0,15,0.015454531
2545235,49,87,1,55,0.008466244,1,46,0.214895964
5360801,69,35,1,17,0.002100229,1,17,0.015121698
9316681,90,120,1,122,0.020080566,0,24,0.441691399
6733516,116,119,1,28,0.006412745,1,28,0.047988176
5386899,34,118,1,45,0.004826784,1,44,0.139068365
4173871,39,119,1,18,0.002142191,1,18,0.011401415
3878762,37,109,1,15,0.001712799,1,15,0.012483597
256182,80,84,1,50,0.008642197,0,1,0.015290976
2088286,95,55,1,61,0.007922173,1,61,0.240423203
3049739,43,99,1,90,0.01051259,1,89,0.600395203
3284784,90,52,1,47,0.008234501,0,12,0.144973516
2522293,33,71,0,40,0.007759333,0,44,0.337008715
6883096,59,70,1,24,0.007534742,1,24,0.023091555
6099518,68,41,1,10,0.001332521,1,10,0.004316807
483190,97,45,1,62,0.009556293,1,62,0.303128958
4543338,125,70,1,32,0.004992962,0,9,0.061115265
3619809,57,76,1,58,0.008919954,0,13,0.025270462
4188660,47,128,1,69,0.007992268,1,61,0.251230955
2543147,121,48,1,30,0.003824949,1,30,0.016563416
4385089,87,108,1,122,0.02453208,0,8,0.053210258
3624238,45,75,1,61,0.007892132,1,61,0.296042442
3078326,124,103,1,206,0.033889771,0,14,1.461842775
8893051,51,40,1,17,0.001973629,1,15,0.009983778
3754120,52,68,1,21,0.00281024,1,21,0.017256975
5183267,76,96,1,89,0.013717175,1,70,0.334842443
701750,52,69,1,35,0.004559517,1,30,0.084710836
4726593,65,93,1,20,0.00343132,1,20,0.019747496
3057743,127,98,1,103,0.022039175,0,9,0.035613775
3014930,116,39,1,30,0.004027605,1,20,0.020974636
6285378,88,102,1,39,0.007087231,1,39,0.067065954
5144920,34,93,1,15,0.001476765,1,15,0.01264739
566790,107,43,1,25,0.003022432,1,25,0.02670455
9782808,83,50,1,65,0.011312962,1,33,0.101251125
1598468,41,94,1,25,0.002886772,1,25,0.013393641
8409970,52,35,1,2,0.000197887,1,2,0.000123739
1701775,55,50,1,45,0.006636381,0,27,0.059426308
7366509,74,121,1,55,0.007464409,1,61,0.426828861
7102013,76,119,1,35,0.005081415,1,33,0.110893726
4098498,127,49,1,20,0.002415419,1,20,0.012031555
3598145,105,128,1,42,0.007329941,0,3,0.030431509
5494768,114,126,1,285,0.071776867,0,6,0.206639767
5226535,79,125,1,100,0.014472246,0,17,0.432053089
1044382,44,118,1,63,0.008159161,1,64,0.717836142
5699547,37,92,1,37,0.004566908,1,37,0.147867918
552811,48,52,1,46,0.007010221,0,8,0.051429033
3928243,95,100,1,20,0.004303932,1,16,0.008714914
8140142,58,72,0,57,0.008825541,0,46,0.363808393
2995589,70,121,1,24,0.004320621,1,20,0.014647245
9982796,106,57,1,11,0.001526594,1,11,0.003555059
9540104,51,70,1,28,0.00405407,1,10,0.002777815
6833749,83,85,0,10,0.001952171,0,6,0.128832579
7408912,118,119,1,83,0.023527384,0,4,0.068795681
1995972,44,58,1,46,0.006309509,0,2,0.012310505
7105993,77,95,0,71,0.012409687,1,14,0.009445667
3151136,70,108,1,59,0.008311272,0,13,0.073353052
6114170,70,59,1,14,0.001887083,1,14,0.005861759
8303007,72,32,1,8,0.000825167,1,8,0.002317429
3089257,90,49,1,73,0.008097649,0,5,0.246468067
2318372,89,119,1,94,0.019906998,1,73,0.728073835
6313936,83,72,1,34,0.005116701,1,34,0.065880537
9352330,71,78,1,37,0.006106853,1,37,0.056175947
2444511,86,94,1,32,0.005247116,1,32,0.049433947
3331096,115,72,1,14,0.002416849,1,14,0.007065773
3394140,96,39,1,17,0.001878738,1,17,0.01140213
2188771,44,120,1,100,0.011187553,0,22,0.141702175
597037,56,37,0,17,0.002459526,1,28,0.04399085
3711301,60,93,1,25,0.004156828,1,21,0.024536848
7721551,41,52,0,0,0,0,0,9.54E-07
8590893,115,46,1,5,0.000611067,1,5,0.000741959
6944053,123,93,1,70,0.012362957,0,17,0.274569511
3156792,91,107,1,79,0.013589859,0,10,0.076313972
9662655,97,61,1,6,0.000813007,1,6,0.001076937
5048538,70,126,1,87,0.01363039,0,12,0.170295715
9659572,57,76,1,41,0.005638361,1,40,0.100819826
8465198,105,93,1,93,0.019113779,0,25,0.248091698
960437,111,97,1,52,0.013215065,0,25,0.180409908
5213307,120,50,1,107,0.01332283,0,3,0.117722273
3917600,49,121,1,92,0.011564493,0,7,0.279109478
6131105,38,120,1,33,0.004546881,0,30,0.074965477
5244776,57,111,1,50,0.008185863,1,41,0.127017498
7316729,82,70,1,46,0.007431746,1,49,0.270163298
2810154,54,39,0,0,0.000148058,1,3,0.000267029
1818000,43,118,1,26,0.002967596,1,26,0.057053089
3233741,119,69,1,43,0.005861521,0,23,0.214604378
6744787,38,35,1,16,0.001923323,0,10,0.012562275
2277954,58,115,1,41,0.005802393,1,40,0.176377535
67648,58,65,1,16,0.002091408,1,16,0.011645555
1363286,113,75,1,45,0.007849216,1,43,0.180393457
2817165,78,68,1,19,0.003163576,1,19,0.022245169
3581819,95,39,1,20,0.002112389,0,6,0.004434347
4053761,108,34,0,100,0.013836384,0,63,0.285297871
5520719,107,81,1,36,0.00664258,1,36,0.103653193
399662,96,52,1,32,0.004594088,0,29,0.049502134
9046347,32,34,1,31,0.003739357,0,3,0.008629084
8489576,86,124,1,16,0.002756596,1,16,0.014139175
2446233,32,93,1,21,0.002612352,1,20,0.009145498
8063879,62,56,1,45,0.006805897,0,35,0.223204136
9771825,111,92,1,78,0.014639139,0,9,0.076380491
419752,57,96,1,51,0.008188486,1,51,0.25026226
5578833,124,42,1,32,0.004460812,1,33,0.091725588
6178724,78,118,1,32,0.005021811,0,3,0.020183325
9648793,122,62,1,39,0.005731821,0,5,0.020832062
8836114,64,92,1,71,0.011288643,1,67,0.410957813
6509839,91,104,1,45,0.008767843,1,45,0.103438139
6741786,80,91,1,55,0.009682655,1,55,0.404451132
5639434,108,64,1,13,0.001936436,1,13,0.006233692
9358618,55,76,1,15,0.002359152,1,15,0.011463881
2519464,73,108,1,45,0.006947041,1,45,0.18068409
45793,108,75,1,85,0.011561632,0,7,0.128124952
3193674,77,58,1,55,0.006559849,0,19,0.2849617
4335916,94,33,1,39,0.004546881,1,37,0.075429201
9095447,51,73,1,40,0.00561142,0,33,0.062596798
3032236,76,82,1,48,0.008541584,0,5,0.036327839
1969847,32,34,0,21,0.002373457,0,21,0.029507875
7072894,81,101,1,131,0.02599287,0,44,0.368312836
4221284,81,84,1,68,0.012248993,1,47,0.235999823
8713085,53,81,1,17,0.002465248,1,15,0.008564949
7199998,52,106,1,58,0.008002281,1,57,0.143718481
783241,94,86,1,121,0.025427103,0,63,1.141405582
6821040,74,92,1,87,0.013727903,1,57,0.212031364
3508938,85,122,1,104,0.016205311,1,52,0.216775656
4275706,58,65,1,46,0.006945133,1,43,0.112566948
2690957,61,39,1,7,0.000962257,1,6,0.000973225
9506695,94,120,1,78,0.014612436,0,46,0.500444651
8959230,113,88,1,87,0.014763594,0,70,1.07406354
6061604,51,82,1,67,0.00878191,1,62,0.653953314
517984,64,80,1,12,0.001749992,0,1,0.001035213
4674479,68,35,1,20,0.002444029,1,20,0.028528214
5469158,124,35,1,142,0.017005682,1,96,0.644289494
1764402,51,109,1,7,0.001079321,1,7,0.001837254
1355916,72,104,1,40,0.005845547,1,39,0.124705791
8026667,50,70,1,19,0.002808094,1,19,0.013125181
2485521,46,95,1,69,0.008606195,0,56,0.281467676
8016406,75,68,1,36,0.00504756,1,24,0.021588087
9956212,45,118,1,78,0.010530472,1,55,0.371992588
6252233,98,45,1,55,0.006075621,1,55,0.178342104
5285711,46,70,1,45,0.006756067,1,45,0.138407469
4045023,53,73,1,22,0.00308466,1,20,0.01661706
4641236,61,48,1,12,0.001657963,1,12,0.003253222
8923321,72,33,1,11,0.001163006,1,11,0.004949808
6459068,122,37,1,26,0.002854347,0,14,0.018167019
5299581,76,70,1,12,0.001482487,1,12,0.005089521
5757172,37,55,1,12,0.001287222,1,13,0.006930828
9635487,89,90,1,92,0.014979362,0,3,0.059581995
8954070,32,93,1,25,0.002948523,1,24,0.023408651
5526353,39,125,1,81,0.00850606,1,81,0.259839058
5789614,79,95,1,24,0.004296303,1,23,0.009776354
3235398,117,64,1,87,0.010804892,1,67,0.3394835
6502607,114,91,1,53,0.011069536,0,1,0.016852856
7973583,83,63,1,17,0.002286911,1,17,0.011978626
3461116,65,67,1,38,0.0048244,0,30,0.062618017
9272608,76,122,1,87,0.012621164,0,7,0.303304434
7739078,118,34,1,39,0.00499773,1,39,0.134703398
8047598,110,93,1,37,0.0058887,1,37,0.041766882
7864552,49,109,1,58,0.00833106,0,3,0.016818047
2619505,74,44,1,39,0.004349709,1,39,0.05990696
6598575,49,77,1,24,0.003070831,1,24,0.039776564
2705453,85,61,1,79,0.009209633,0,7,0.097884417
9158642,126,115,1,56,0.013537407,1,35,0.037645817
2735697,92,116,1,49,0.009653091,0,1,0.006356001
5282906,75,54,1,18,0.002342701,1,17,0.017697334
4576982,74,128,1,56,0.009570599,0,3,0.063674927
8288061,34,38,1,13,0.001355886,1,13,0.007574797
3345335,48,77,1,54,0.006508589,1,46,0.256877422
9392934,71,74,1,70,0.012641191,0,8,0.106980324
4172100,74,90,1,4,0.000538349,1,4,0.000460148
824392,35,82,1,19,0.002111912,1,19,0.01290679
618561,37,106,1,59,0.006320715,0,20,0.109035254
9518421,121,40,1,49,0.006271601,1,43,0.227810621
5707771,52,34,1,37,0.004245281,1,33,0.063368559
8040944,86,50,1,40,0.005130529,1,38,0.050744772
1675040,37,120,1,86,0.008927107,1,86,0.510359526
7898905,110,72,1,84,0.012370348,0,28,0.447730303
8387384,40,47,1,19,0.002458572,1,17,0.011152029
9304929,41,71,1,27,0.003288746,1,27,0.041412592
3006430,66,109,1,42,0.005999088,0,28,0.038739204
5479062,108,91,1,94,0.016799688,0,31,1.252167702
7808262,80,35,1,31,0.003572464,1,31,0.056670666
3295001,43,49,1,35,0.004703999,1,28,0.024084806
9179879,99,43,1,55,0.006168127,1,55,0.407202959
2005618,103,34,1,18,0.001978397,1,17,0.014921665
1916897,62,104,0,59,0.008768082,0,1,0.020792961
2077437,35,103,1,17,0.002102137,1,17,0.005618811
5394095,41,51,1,68,0.006963015,1,20,0.012843609
9727249,32,103,1,51,0.005792856,1,51,0.105998516
8193719,102,111,1,59,0.011716604,0,43,0.058564186
3119151,38,39,1,23,0.002429724,1,23,0.038769007
2602232,62,60,1,66,0.007867813,1,36,0.094141006
2059623,109,88,1,7,0.001205683,1,7,0.0011127
2021343,50,89,1,18,0.002506018,1,18,0.010353804
1164380,109,90,1,168,0.027793884,0,11,0.268008471
1407202,60,75,1,73,0.012235641,1,47,0.137947559
2569035,34,99,1,62,0.006363153,0,26,0.140302658
5708424,34,71,1,10,0.001082182,1,9,0.002679586
9662737,127,117,1,20,0.003818274,1,20,0.015842676
3227265,90,41,1,12,0.001373291,1,12,0.005057573
3128527,80,87,1,42,0.007202864,0,24,0.11447978
4368696,128,119,1,61,0.014192104,0,11,0.042132616
3173510,104,97,1,83,0.017162323,1,82,0.624204636
5686108,66,118,1,46,0.006156445,1,42,0.168677568
5541472,116,35,1,35,0.003952742,1,35,0.048091412
1740266,87,89,1,73,0.015144825,0,5,0.039672852
4438229,64,107,1,46,0.005820036,1,42,0.216765642
2770411,55,84,1,25,0.003364086,1,25,0.035035849
7835433,124,103,1,21,0.005084515,1,21,0.02953434
5260170,64,121,1,107,0.016368151,0,48,0.529620409
3589827,70,98,1,16,0.002083778,1,16,0.014200449
7449545,91,78,1,29,0.004650593,1,29,0.053788424
5766292,90,86,1,4,0.000614166,1,4,0.000508547
5739232,98,56,1,155,0.020299911,1,65,0.229389906
224489,63,76,1,16,0.002661943,1,16,0.011382818
9264598,47,98,1,55,0.00601697,1,53,0.356151342
6157332,124,102,1,45,0.009939194,0,12,0.058250427
9677430,72,60,1,23,0.003638268,1,23,0.026070833
3656783,36,42,0,19,0.002512455,1,25,0.033061981
462152,81,72,1,38,0.004964352,1,34,0.114229679
8954386,107,77,1,22,0.003489017,1,21,0.016175985
3251868,71,34,1,11,0.001152992,1,10,0.002789021
9985431,75,101,1,47,0.007680416,1,46,0.042739868
329083,123,110,1,272,0.065728188,0,23,1.481633902
2056012,39,86,1,46,0.005552769,1,48,0.290855169
5307469,108,97,1,53,0.010422707,1,53,0.325515985
7430405,70,58,1,57,0.008173704,0,27,0.336418152
7138478,83,79,1,41,0.005589962,1,39,0.090753078
6420535,67,67,1,74,0.01201582,1,42,0.160620451
3873157,57,98,1,36,0.005948544,1,31,0.0693748
4889177,46,85,1,24,0.002684832,1,24,0.028731346
641237,64,48,1,66,0.008747339,0,7,0.042729378
2934938,107,82,1,49,0.008172035,1,49,0.158480406
6181843,79,32,1,62,0.007278919,0,39,0.123819828
4516649,68,112,0,14,0.002142906,0,11,0.018306971
2781887,64,83,1,34,0.004691124,1,31,0.052027941
418460,128,117,1,123,0.037006855,0,7,0.070668459
486787,57,39,1,17,0.001722813,1,17,0.008675575
7619653,39,106,1,43,0.004938126,1,43,0.229260683
9860782,85,47,1,32,0.003727436,1,31,0.048703432
8701680,67,45,1,66,0.008137465,1,59,0.575445414
6392669,80,49,1,52,0.005800247,1,43,0.107906103
6929341,109,45,1,31,0.004314423,1,29,0.035546064
9865951,119,73,1,53,0.008987904,0,34,0.053837061
7501963,105,79,1,20,0.002856255,1,23,0.023433208
9361978,102,99,1,167,0.037008047,0,16,0.163104296
3715304,90,56,1,31,0.003914595,1,31,0.043552876
2243946,122,56,0,16,0.002011776,1,19,0.014302731
2468862,90,113,1,126,0.023747921,0,39,0.404413462
7970021,77,84,1,7,0.001204729,1,7,0.001662254
8271006,92,77,1,36,0.005352974,1,34,0.103723764
3413276,96,92,1,12,0.002079487,1,12,0.003942013
5926752,85,111,1,38,0.005746841,1,38,0.064839363
726361,98,97,1,50,0.011384487,0,37,0.217912674
1078930,73,94,1,23,0.004698992,0,8,0.008433819
6390076,100,123,1,39,0.009800196,0,14,0.134431839
300198,43,47,1,50,0.006666899,0,2,0.004315138
8568334,122,50,1,87,0.011947155,1,59,0.503105164
1701818,118,90,0,27,0.049474239,1,28,0.082139969
2844017,57,116,1,42,0.007055998,1,42,0.140092611
5978547,66,50,1,7,0.001055241,1,6,0.001313448
5315824,79,116,1,12,0.002291441,1,12,0.004275084
1141771,88,109,1,118,0.025873661,0,1,0.022285938
357492,88,69,1,55,0.009102106,1,56,0.219223499
3558545,121,62,1,38,0.006178617,1,38,0.151767015
9714052,77,69,1,44,0.005841017,1,44,0.076759577
6238548,40,127,1,185,0.022083044,0,6,0.194600344
3685662,53,71,1,17,0.002551556,0,6,0.005189896
4566257,86,54,1,61,0.008970737,1,57,0.441961288
5031708,62,72,1,28,0.004169226,0,6,0.031576872
7615712,119,86,1,35,0.006628513,0,24,0.071714401
4688615,81,71,1,30,0.00486517,1,26,0.021948099
9112164,110,67,1,27,0.004276752,0,9,0.011626244
836064,111,98,0,39,0.00933075,1,41,0.126273155
7181203,64,75,1,3,0.000418901,1,3,0.000289679
4277850,87,54,1,17,0.002214193,1,17,0.017366171
1696875,35,120,1,57,0.005936384,0,45,0.44175148
9479129,37,43,1,22,0.002738237,1,22,0.029765844
6596524,49,127,1,42,0.005548954,1,38,0.119986773
6779858,84,76,1,58,0.00954175,0,25,0.125143051
6314628,98,61,1,25,0.00397563,0,17,0.022355556
4367038,84,90,1,127,0.023033857,0,59,1.498143435
6821544,87,68,1,44,0.00673461,0,9,0.036403179
3023833,51,33,1,21,0.002154827,1,17,0.012061357
3004126,125,120,1,79,0.024238586,0,21,0.175602913
7166444,110,123,1,56,0.010415792,1,73,0.421118021
7360310,71,46,1,14,0.001495838,1,14,0.006260157
8394696,106,51,1,25,0.003224373,1,17,0.010675192
2363515,124,43,1,23,0.002396107,1,23,0.034283876
8134640,110,105,1,87,0.017036915,1,83,0.420501709
7381516,67,122,1,23,0.003466606,1,23,0.030353785
8515122,85,56,1,59,0.007120848,1,49,0.243114948
1287694,80,51,1,77,0.011486769,0,41,0.452920437
1731823,63,113,1,121,0.021403551,1,87,0.850717783
723082,121,34,0,137,0.014770031,1,108,1.57848978
1361614,94,104,1,133,0.031533957,0,51,0.451002598
6466741,114,43,1,13,0.001419783,1,13,0.003699541
6659167,51,66,1,60,0.006973505,1,55,0.205619574
367105,89,96,1,64,0.012318611,0,3,0.012350321
4102090,90,53,1,75,0.011172056,1,46,0.170742512
2501622,101,54,1,89,0.012476683,0,65,0.814494133
5444728,42,45,1,35,0.004237413,1,31,0.033653259
740454,39,79,1,25,0.003189802,1,21,0.016760588
1099518,94,32,1,68,0.007082462,0,47,0.213475943
7718034,57,106,1,63,0.006866217,0,11,0.082283497
9390193,58,55,0,53,0.008394003,1,45,0.10600853
2595847,128,32,1,39,0.004297495,1,39,0.051949739
8201109,68,88,1,8,0.001284838,1,8,0.002386332
7464082,62,33,1,27,0.003447533,1,19,0.024909973
5707488,44,118,1,35,0.00391984,1,35,0.115984678
56359,71,111,1,133,0.023457766,0,30,0.784432888
4395461,75,127,1,126,0.020787954,0,47,0.245764256
8857254,76,123,1,42,0.007427454,1,40,0.154098511
9010774,124,38,1,75,0.011541605,1,76,1.153414488
5887415,34,39,1,15,0.001807928,1,13,0.005952597
8726079,67,62,1,21,0.003607035,1,15,0.006678581
7119878,114,69,1,57,0.008771896,1,56,0.503058434
5982748,106,44,1,40,0.004693985,0,36,0.111700296
8871160,56,72,1,27,0.004145622,0,17,0.056006193
8805980,87,93,1,72,0.012250423,0,58,0.485264063
2693443,94,86,0,81,0.017523766,0,3,0.040487051
8278697,81,77,1,56,0.008899689,0,31,0.117028952
8890947,53,101,1,6,0.000759125,1,5,0.000744581
3949661,37,89,1,11,0.001200438,1,10,0.002502203
7119903,102,104,0,0,9.54E-07,0,0,0
7365209,58,46,1,6,0.000824928,1,7,0.00170207
8132621,43,40,0,0,9.54E-07,0,0,0
3817042,49,82,1,50,0.006445169,0,2,0.016654968
7799969,54,75,1,37,0.005177736,1,36,0.051378727
1106539,111,124,1,42,0.008652687,1,50,0.227429152
2373474,125,76,1,116,0.018681049,1,50,0.165372133
6831553,124,50,1,64,0.0073874,1,64,0.457532644
6270201,58,106,1,8,0.001253366,1,8,0.001522303
8444509,83,77,1,89,0.014651537,0,22,0.69158411
2748608,84,103,1,85,0.012459517,1,65,0.212695837
3079387,49,121,1,26,0.003482342,1,26,0.035223961
8386347,33,74,1,17,0.002116442,1,17,0.005610228
6611420,88,37,1,33,0.003700733,1,33,0.074291945
4453334,102,62,1,136,0.020900488,0,10,0.697030544
5666953,116,104,1,81,0.017143726,0,39,0.168055773
6853813,111,50,1,33,0.003516674,1,33,0.051656008
8699051,67,80,0,33,0.004981041,0,12,0.026531935
6592511,79,95,1,38,0.00551033,0,25,0.104289055
539659,49,51,1,9,0.001083136,1,9,0.002936602
2291437,47,76,1,44,0.00447464,1,44,0.158969879
3113704,108,76,1,37,0.005349159,1,34,0.036375284
6676175,109,34,1,93,0.010029793,0,11,0.062980413
7514709,42,108,1,15,0.001855612,1,15,0.011615515
2393790,110,45,1,223,0.022082567,1,81,0.498645306
8587457,33,46,1,5,0.000535011,1,5,0.000777245
3883802,116,117,1,40,0.007400513,0,6,0.019579649
5672230,77,91,1,117,0.020428896,0,29,0.135927916
9452731,93,111,0,85,0.017719269,0,15,0.280523062
1538697,125,42,1,31,0.003891945,1,31,0.036324739
1360750,93,92,1,55,0.011584282,0,20,0.144098043
35221,75,83,0,0,0,0,0,0
5381896,81,107,1,36,0.005723476,1,34,0.105799437
4529388,49,68,1,24,0.00301671,1,24,0.029578447
1010768,47,59,1,24,0.003135681,1,24,0.034097672
863753,33,87,1,6,0.000649214,1,6,0.001111269
6033610,111,82,0,3,0.000454426,0,3,0.033468723
4536389,71,33,1,11,0.001164198,1,11,0.003935337
4881107,113,122,1,116,0.019269943,0,24,0.608627081
1562582,86,94,1,55,0.009279251,1,57,0.397108555
261,57,114,1,26,0.003111124,1,22,0.023828983
6235836,89,128,1,11,0.002324104,1,10,0.004509687
5267848,112,76,1,65,0.00991869,0,36,0.499397993
7878954,87,87,1,48,0.00857687,0,30,0.079303503
5962629,65,66,1,87,0.013593912,0,2,0.025820971
3816575,99,54,1,17,0.002611876,1,16,0.013015509
7515764,97,56,1,293,0.035471678,1,63,0.21436882
9002233,74,44,1,26,0.003088474,1,26,0.042253256
552276,45,35,1,24,0.002492428,1,24,0.019276142
964431,52,114,0,67,0.008966684,0,66,0.420493364
3168564,41,101,1,131,0.014792204,1,47,0.18579793
9094586,50,87,1,13,0.001891375,1,13,0.009271145
5627522,72,75,1,27,0.004860163,1,25,0.024452686
471279,115,51,1,58,0.007007599,0,48,0.161134481
8668390,55,118,1,136,0.017902136,1,79,0.391637564
7741268,82,101,0,39,0.006197453,0,40,0.076164484
2318541,70,74,1,6,0.000774622,1,6,0.000914574
8057155,90,73,1,63,0.011374474,0,15,0.092650414
1850125,72,64,1,33,0.004199505,0,20,0.05008316
4789929,110,70,1,197,0.026034355,1,63,0.57379961
2912401,68,106,1,56,0.008849144,1,50,0.235946655
4786634,48,95,1,44,0.00536418,1,44,0.173441648
3410964,44,114,1,61,0.007051945,1,55,0.299584866
5606887,88,120,1,48,0.007505417,0,15,0.039924622
6910932,56,78,1,43,0.005773067,0,34,0.163424969
1393344,94,36,1,35,0.004019022,1,33,0.104455709
957286,61,114,1,86,0.010732651,1,86,0.683017015
1046429,33,120,1,49,0.005066872,1,49,0.258111238
9420439,101,106,0,0,0,0,0,9.54E-07
6174266,39,96,1,101,0.010865927,0,40,0.232650042
6630192,117,72,1,97,0.018903017,1,79,1.041051388
4783479,121,125,1,15,0.003024101,1,14,0.006061316
818004,67,49,1,23,0.002992868,1,23,0.020782948
5364903,38,56,0,6,0.0009799,0,3,0.017698288
7799270,100,120,1,34,0.009105921,1,33,0.070145845
8549934,35,115,1,22,0.002746582,1,22,0.019756556
9088721,44,79,1,17,0.001956701,1,17,0.017413855
5056132,126,34,1,75,0.010525942,1,71,0.954442739
5866490,53,102,1,9,0.001167297,1,9,0.002429485
8367494,102,87,1,56,0.010609865,1,32,0.045338631
2332451,83,35,1,86,0.010060787,1,78,0.356874704
2009753,80,99,1,15,0.002169847,1,15,0.006546736
7996280,62,39,1,22,0.002693653,0,16,0.016766787
4487920,86,36,1,38,0.004425287,1,32,0.045786142
1823509,84,86,1,92,0.020970106,0,37,0.466464281
5635828,80,100,1,70,0.012604952,0,16,0.21486783
9124891,118,68,1,31,0.005563259,1,27,0.05862093
305037,115,68,1,79,0.011866093,0,42,1.246073723
685200,79,128,1,24,0.003432035,1,24,0.039161444
8845938,86,47,1,8,0.000918388,1,8,0.002156973
6972463,94,69,1,22,0.003946781,0,15,0.010568142
613948,46,106,1,24,0.002707481,1,24,0.02951932
3468793,42,47,0,22,0.003354073,0,26,0.049220324
6714716,55,106,1,55,0.007035732,1,55,0.382610559
1741993,54,100,1,28,0.006097078,0,16,0.03672266
7651347,72,110,1,22,0.003297806,1,22,0.028789997
3724559,77,112,1,22,0.004024267,1,22,0.015964746
3621743,64,94,1,37,0.005524635,1,36,0.067914248
9956960,43,119,1,127,0.014991045,0,2,0.040560722
9354809,119,46,1,44,0.005220413,1,44,0.25292182
6758913,78,101,1,55,0.009220362,0,35,0.127348185
4114565,38,46,1,23,0.003241301,0,8,0.018380642
5182167,128,109,1,87,0.02260685,1,83,0.660403967
7200929,101,124,1,19,0.003928185,1,19,0.021929741
8166758,80,39,1,21,0.002732754,1,21,0.021542549
8767188,126,87,1,91,0.019932508,1,87,0.679074287
1987258,58,69,1,22,0.003819942,1,20,0.022621632
2111947,55,107,1,28,0.004139185,1,28,0.039657116
1487823,47,66,1,21,0.002939939,0,7,0.007784367
4879774,92,77,1,75,0.010784626,0,23,0.145065784
4335089,89,120,1,86,0.013344526,0,6,0.216286182
5981968,71,128,1,50,0.008522749,1,48,0.353674173
9543555,62,46,1,19,0.002902031,1,19,0.016563654
5499035,115,118,0,33,0.009491682,0,31,0.114868641
3799304,66,59,1,16,0.001945972,1,16,0.012975693
5741009,109,105,0,4,0.001116991,0,2,0.008767128
7488283,108,121,1,101,0.022952795,0,21,0.418477535
4909032,86,58,1,70,0.011115313,0,15,0.220267534
4258181,74,100,1,32,0.004329205,1,32,0.053825617
4385824,85,103,1,20,0.004146576,1,22,0.026129246
394504,81,113,1,64,0.01284647,0,35,0.466687679
8276415,45,57,1,26,0.003284454,1,26,0.038721561
8026618,80,69,1,55,0.008388281,0,38,0.220722914
881555,121,46,1,33,0.004315138,1,31,0.082965612
6681896,51,69,1,54,0.006920576,1,50,0.251275301
6149646,71,98,1,66,0.011771679,0,4,0.020455599
8963361,64,46,1,31,0.003337383,1,32,0.065948486
7668916,41,81,1,9,0.000985622,1,8,0.001727819
5127122,116,36,1,29,0.003032207,1,29,0.050598621
8951309,128,128,0,140,0.030680895,0,80,1.027493477
6660167,39,35,1,4,0.000442266,1,4,0.000591516
7642443,35,77,1,88,0.010727644,0,26,0.361241579
3418680,45,49,1,28,0.003674507,1,27,0.03783679
5498719,108,116,1,10,0.002098322,1,10,0.003499031
864013,43,55,0,27,0.003822565,0,17,0.16354084
3515979,72,82,0,0,0,0,0,9.54E-07
5289143,47,101,1,93,0.011610031,1,75,1.300931692
1104659,40,77,1,48,0.006076813,1,45,0.154652357
2840369,72,75,1,56,0.008734941,1,47,0.208366394
2563764,58,78,1,10,0.001327515,1,10,0.00330019
3381461,75,38,1,59,0.007179737,0,33,0.261795998
7179594,82,102,1,40,0.006073952,1,39,0.067525148
9173054,121,101,1,81,0.01927042,1,81,1.21010685
574935,124,84,1,55,0.011314631,0,20,0.304180145
9478858,112,54,1,37,0.004727602,0,5,0.034317255
1701519,40,88,1,15,0.002058506,1,13,0.007223606
5875894,73,91,1,29,0.005058289,1,25,0.02421093
6794399,105,100,1,16,0.003904343,1,16,0.010338783
5182359,127,119,1,80,0.026894569,0,33,0.173182726
501965,75,79,0,0,0,0,0,0
5967887,115,83,1,8,0.001671791,1,8,0.002717972
8266533,80,116,1,37,0.007138491,1,37,0.094526768
7505174,45,32,1,13,0.00163579,0,3,0.00300312
3185569,75,121,1,46,0.007303953,0,33,0.2270298
9333333,115,128,1,75,0.020780802,1,47,0.108673334
4863524,85,41,1,26,0.003328562,1,26,0.034721136
2186361,70,58,1,20,0.002533436,1,20,0.01704669
6650982,89,50,1,26,0.003590107,1,26,0.030646563
472142,76,43,1,30,0.003763676,1,29,0.064536095
8695227,102,92,1,38,0.00821805,0,9,0.017859221
617586,107,64,1,67,0.008179665,1,58,0.259583473
5753991,44,73,1,49,0.005835533,1,42,0.12264657
5703654,47,112,1,6,0.000830889,1,6,0.001153708
9337228,42,47,1,53,0.006748438,1,33,0.027678728
590699,125,82,1,36,0.006001234,1,36,0.051798582
6592172,89,42,1,29,0.003466368,1,24,0.028329134
1729456,109,128,1,71,0.015290022,1,70,1.02233696
5025492,47,36,1,7,0.000862598,0,4,0.00120306
5907685,73,85,1,71,0.010001421,1,64,0.228145599
8875333,75,112,1,114,0.021254063,1,61,0.327117682
6494871,87,47,1,12,0.001399279,1,12,0.00641489
5902911,42,120,1,37,0.004652262,1,36,0.070341349
1779191,63,34,1,33,0.003418446,1,33,0.118696928
4281568,88,52,1,51,0.007662058,1,31,0.048698425
4038634,71,73,1,54,0.007603645,0,4,0.015895605
8323106,35,84,1,27,0.004022121,1,27,0.081358433
8809417,42,73,1,19,0.002065659,1,18,0.017878532
1513599,72,126,0,12,0.002068281,0,11,0.034973145
6958517,108,69,1,74,0.011741638,0,13,0.324213266
4745332,46,36,1,34,0.004176378,1,26,0.016036272
5908709,126,60,1,54,0.008553028,0,34,0.25887084
6303327,102,88,0,0,0,0,0,0
9028591,62,93,1,66,0.008639336,0,7,0.070805788
7943847,53,37,1,24,0.00292182,1,23,0.022447824
2199148,122,100,1,63,0.01276207,0,15,0.058613062
1494035,88,65,1,35,0.004954815,1,34,0.031913996
4419658,103,62,1,29,0.004224062,1,29,0.028170109
142297,116,94,1,38,0.007852316,1,38,0.076340437
348761,59,127,1,121,0.015440702,1,100,1.643445015
3728847,92,80,1,27,0.004509926,1,25,0.012773991
2420012,88,103,1,25,0.003893614,1,15,0.004780531
7722900,88,114,1,129,0.023082972,1,62,0.386525154
1457728,49,45,1,3,0.000426054,1,2,0.000193834
2232849,119,77,1,72,0.012867928,0,3,0.015193224
2055662,71,36,1,52,0.006966114,0,21,0.260500431
1381191,78,35,1,38,0.004253626,0,19,0.145897865
8252501,81,64,1,35,0.004600525,1,35,0.094029188
7011276,111,36,1,6,0.00063324,1,6,0.001016378
3026314,37,96,1,29,0.003458261,1,29,0.053227186
1116201,74,108,1,69,0.012735605,1,44,0.213662386
8438438,93,102,0,51,0.009239197,1,48,0.252171755
3055893,128,76,1,90,0.014105558,1,60,0.493397713
402609,36,83,1,30,0.003295898,1,26,0.052456856
7974697,57,96,1,60,0.008104086,0,20,0.128995657
1479747,68,69,1,37,0.006380796,1,37,0.09884572
4255443,112,71,1,83,0.011034012,1,62,0.551192284
254434,80,92,1,69,0.011392593,0,36,0.285265446
5542921,124,68,1,64,0.009953737,0,11,0.077856541
3118220,127,126,1,107,0.029286861,1,87,1.697730064
9452929,89,107,1,98,0.014500618,1,16,0.008919954
9363535,127,103,1,24,0.004957199,1,24,0.047345161
5637699,96,66,1,25,0.003944159,1,25,0.021306992
3129129,110,34,1,20,0.001982689,1,19,0.023151398
3343241,37,88,1,15,0.001545906,1,15,0.011069775
2097178,68,106,1,70,0.010643482,1,53,0.39312315
2529363,60,43,1,192,0.023953915,0,12,0.041228294
5150855,37,114,1,51,0.005702496,1,50,0.21036458
5319360,72,89,0,111,0.037445784,0,16,0.805352211
7015331,82,120,1,34,0.006855488,0,5,0.039072514
5602818,88,96,1,24,0.004285336,0,18,0.069373846
4764662,120,65,1,108,0.017384529,0,20,0.303925037
5263183,59,64,1,10,0.001779079,1,10,0.003456593
2934571,84,88,1,149,0.028484106,0,48,0.405497551
8680956,48,49,1,29,0.004257202,1,25,0.013201952
7617113,78,55,1,18,0.002528667,1,13,0.006438971
3185297,90,34,1,23,0.002381563,1,22,0.031152725
2360505,69,79,1,45,0.0079844,0,11,0.030200481
9884122,44,119,1,59,0.006713867,0,34,0.190276623
454289,44,74,1,19,0.002100229,1,19,0.023140669
2872911,89,121,1,64,0.014270067,1,63,0.580276966
2318999,46,102,0,77,0.010893822,1,67,0.430772543
5748501,108,35,1,51,0.00578475,1,51,0.109052181
784864,118,103,1,37,0.006742239,1,38,0.072846174
3351305,113,33,1,12,0.001653194,1,12,0.004210472
7707714,56,115,1,35,0.005058765,1,35,0.084241629
8021834,116,49,1,18,0.002302647,1,18,0.015627623
2057132,46,109,1,6,0.000776529,1,6,0.001166105
3962144,44,33,0,22,0.00301528,1,30,0.054931641
3147269,44,65,1,74,0.010189772,1,62,0.353742838
9635544,85,105,0,9,0.00220561,0,79,2.540933609
5880620,87,62,1,135,0.017757416,0,7,0.210581303
947763,123,55,1,11,0.001525402,1,10,0.003350496
4044922,89,34,1,86,0.009979486,1,74,0.214373827
3690519,59,99,1,32,0.004233837,1,9,0.003188848
8328272,72,77,0,37,0.014943123,1,40,0.107678413
1334853,36,78,1,17,0.001824856,1,17,0.015846729
1193113,61,111,1,54,0.008684158,1,38,0.117242575
6664881,119,118,1,28,0.005339622,1,28,0.068436861
3979309,86,37,1,32,0.003409624,1,32,0.06268096
902301,115,32,1,78,0.009391069,1,78,1.072343588
6906865,94,122,1,38,0.006998539,1,37,0.053672075
2604373,92,52,0,300,0.036332369,1,11,0.00536871
3689614,101,81,1,13,0.002364397,1,13,0.005323887
7098841,98,64,1,170,0.022907257,0,15,0.205754995
3425793,88,105,1,14,0.002290487,1,14,0.00758934
6979518,76,123,1,88,0.012730598,0,35,1.003427744
6332812,118,112,1,30,0.007902622,1,28,0.053855181
4184898,103,90,1,140,0.028964996,0,20,0.5903759
3943327,101,88,1,35,0.007004499,1,33,0.040860415
3819892,47,67,0,16,0.002126217,0,5,0.004208088
1760450,117,51,1,42,0.005418777,1,47,0.153000832
8490801,40,88,1,43,0.005688429,1,43,0.110582829
7663493,117,55,1,71,0.009848118,1,61,0.418949604
2386179,113,85,1,23,0.00494194,1,21,0.028088808
3310795,99,99,1,42,0.010881901,0,10,0.020543337
9690412,72,38,1,13,0.001603127,1,13,0.005593538
2958375,121,123,0,0,1.19E-06,0,0,0
4997385,69,110,1,29,0.004050493,1,37,0.085381508
6945848,95,112,1,157,0.028825998,0,21,0.843420506
5638472,55,91,1,51,0.006724834,1,47,0.222012281
4178612,117,120,1,28,0.011079788,1,28,0.063632965
7640192,58,92,1,6,0.000749588,1,6,0.001039982
5745452,38,117,1,13,0.001489162,1,13,0.007311344
388612,38,64,1,47,0.005486488,1,45,0.171804428
9868979,42,105,1,14,0.001633644,1,14,0.006518602
1942577,96,52,1,38,0.004821062,1,38,0.098103285
1748868,112,34,1,97,0.010089636,0,88,0.482847691
2401156,127,115,0,300,0.080434561,0,109,4.878876448
8604209,46,68,1,18,0.002455473,1,18,0.010915279
3070339,45,52,1,53,0.00675559,0,10,0.058457851
4843445,82,56,1,27,0.003448963,1,27,0.028357744
3341464,97,67,1,46,0.006775141,0,9,0.027651548
3235304,98,37,1,49,0.005068302,1,49,0.278269768
1532668,53,32,1,34,0.003755331,1,32,0.050324202
4085585,49,33,1,17,0.001819134,1,17,0.013155699
2563422,43,46,0,24,0.034950733,1,27,0.05051446
1199650,33,125,0,300,0.035001516,1,103,0.824587584
9714347,109,76,1,43,0.006093979,1,43,0.064557076
347321,85,47,1,18,0.002165079,1,18,0.00616765
7589244,120,67,0,0,1.19E-06,0,0,0
4993457,114,126,1,39,0.007559538,1,39,0.073883295
5413332,81,43,1,27,0.003828526,1,27,0.021170139
2740149,104,78,1,45,0.008952379,1,45,0.187062025
4253522,73,38,0,28,0.003704786,1,27,0.031992674
7901647,55,115,1,101,0.013239622,0,48,1.388705492
2069767,53,52,1,40,0.00540185,0,4,0.031451225
9160550,123,126,1,87,0.023464441,0,2,0.040596485
9022501,77,125,1,21,0.00417161,0,14,0.020714998
1204089,78,61,1,26,0.004818916,1,26,0.063496828
8208110,122,122,1,18,0.003761768,1,18,0.011739969
7598297,66,71,1,39,0.006043911,0,23,0.043096781
2075512,106,71,1,21,0.003769398,1,18,0.010568142
6670797,124,128,1,47,0.012935877,1,57,0.37257123
7492198,33,35,1,31,0.003932953,0,20,0.02970171
8812592,69,105,1,52,0.007822752,1,52,0.06686902
1568993,121,111,1,74,0.019910336,1,64,0.215123653
7052605,43,58,1,49,0.005872011,0,7,0.053076029
2958101,62,59,1,25,0.003268957,1,25,0.032903194
2277353,74,32,1,25,0.002382994,1,25,0.047614336
3470406,89,73,1,36,0.005532742,1,36,0.118291616
9573489,33,66,1,11,0.001221418,1,11,0.002795935
2974256,74,67,1,80,0.012243986,0,19,0.455519676
873443,99,86,1,49,0.009348631,0,14,0.123229265
9807387,121,75,1,47,0.006953478,1,47,0.184066772
9868123,42,79,1,55,0.00824976,0,18,0.074742317
6254082,64,105,1,23,0.003060579,1,22,0.01230526
9058505,47,56,1,50,0.006022453,1,49,0.050516367
5446963,34,57,1,15,0.001599312,1,14,0.006253242
1920125,92,91,0,16,0.002740622,1,28,0.033325911
8223001,119,55,1,52,0.007560968,0,47,0.260949135
3746958,114,117,1,32,0.00854516,1,32,0.098757267
9976507,59,105,1,53,0.006934643,1,51,0.165428162
9141527,89,43,1,12,0.001534462,1,12,0.007175207
1739182,51,69,1,33,0.004312515,1,33,0.040789843
7422421,39,98,1,51,0.006045103,1,51,0.111044168
2890006,114,114,0,300,0.052303791,0,30,1.303745985
8478935,84,87,1,10,0.001778841,1,10,0.002057076
4754590,87,109,1,45,0.007344723,1,47,0.19376111
5437139,53,84,1,44,0.006330013,1,41,0.118118525
3472577,81,43,1,101,0.011112213,0,1,0.00698781
1902902,79,56,1,56,0.0075984,1,32,0.045301676
634666,95,125,1,101,0.020184517,1,97,1.63675952
5180196,92,70,1,79,0.012385607,0,5,0.129663467
7233434,89,32,1,49,0.004709244,1,49,0.148905993
1613546,62,103,1,39,0.005854607,1,37,0.063307762
7082094,38,59,1,25,0.002791166,0,1,0.0009377
159981,117,81,1,93,0.01568985,0,61,0.509767771
442023,97,100,1,25,0.00492239,0,3,0.002939939
8981891,81,85,1,63,0.010740757,0,26,0.510178089
5507610,83,69,1,83,0.01163435,0,14,0.178424358
5367700,114,105,1,56,0.013194799,0,23,0.168061018
8761443,103,58,1,74,0.008996964,1,58,0.215122223
3800365,66,50,1,26,0.003210306,1,26,0.023183823
2446120,127,100,1,40,0.009878874,1,21,0.018294334
2760689,86,109,1,31,0.005055189,1,31,0.069223404
4979908,52,120,1,90,0.011021137,1,88,0.924946308
5355252,121,54,1,32,0.00402689,1,32,0.10616374
3370588,59,99,1,8,0.001159906,1,8,0.001390219
7636670,89,67,0,300,0.036708593,1,28,0.047372341
649295,68,75,1,29,0.004662752,0,2,0.006502867
5284545,106,98,0,0,9.54E-07,0,0,0
1426608,74,75,1,142,0.026789188,0,5,0.025983572
5128848,36,98,1,15,0.001788616,1,15,0.007389545
5421843,103,119,1,161,0.039431572,0,37,2.874230146
5096157,32,125,0,300,0.02844429,1,88,0.46615386
8444013,37,87,1,19,0.002082586,1,19,0.021630526
9676663,107,59,1,22,0.003028631,1,19,0.01620388
8343314,103,49,1,46,0.005111217,1,46,0.18201375
7816992,96,87,1,51,0.008554459,1,57,0.268051147
8641632,117,65,1,46,0.006602049,1,46,0.280502081
6054173,72,69,1,54,0.009002209,1,31,0.065324545
7841604,67,126,1,28,0.0034585,1,27,0.046464205
7837793,120,122,1,172,0.038698196,0,15,0.854349613
5891022,90,45,1,81,0.008737087,1,65,0.150221348
4752627,108,109,1,102,0.026592731,0,61,0.292582512
8352822,45,63,1,24,0.003602505,1,20,0.01491785
3158731,109,63,1,118,0.017391205,0,4,0.160311937
6562348,93,110,1,54,0.011044741,0,26,0.195824146
8565490,75,92,1,33,0.004638433,1,31,0.085144281
8766656,53,68,1,4,0.000501156,1,4,0.000534058
4257834,72,67,1,32,0.005241871,0,25,0.048652411
9180848,89,95,0,0,0,0,0,0
2839613,95,67,1,38,0.006489992,1,31,0.066045046
6255111,80,41,1,41,0.00480175,1,41,0.069030762
3826640,83,52,1,39,0.004786968,1,41,0.185817957
5762623,121,95,1,30,0.006809235,1,30,0.073812008
4792882,103,65,1,26,0.003570795,1,26,0.025639296
4677431,95,79,1,29,0.004483461,1,29,0.074727774
698967,50,121,1,52,0.00716114,0,22,0.175970554
401466,42,52,1,19,0.002660513,1,19,0.016973019
9532585,58,47,1,21,0.00248313,1,21,0.024039507
9893924,41,122,1,3,0.000351429,1,3,0.000288486
5442404,121,58,1,29,0.003856897,1,29,0.031250238
733072,50,114,1,36,0.004973173,0,20,0.061579943
921516,43,46,0,14,0.002259731,0,14,0.020370007
279626,123,115,1,40,0.011612415,1,33,0.031563759
2175797,90,54,1,18,0.002088785,1,16,0.013774872
9494895,120,89,1,90,0.014015913,1,60,0.419303179
686231,97,54,1,129,0.016252041,0,4,0.129438877
2147165,74,51,1,53,0.007616282,0,17,0.100090027
2368221,84,115,1,20,0.003038168,1,20,0.014242887
2008192,125,70,1,37,0.005154133,1,40,0.069403172
7223591,56,113,1,96,0.012094975,0,54,1.329941273
9239121,85,83,1,171,0.03538394,1,52,0.106635332
8774131,84,98,1,44,0.007498741,1,38,0.162992954
3184587,112,78,1,147,0.020374298,1,89,0.221589804
3583182,106,80,1,28,0.004997969,1,24,0.028509617
1621929,69,71,1,48,0.008508682,0,10,0.025057316
8991453,94,64,1,66,0.010543346,1,58,0.2797575
8952665,62,96,1,5,0.000580072,1,4,0.000500679
586292,122,54,1,52,0.006901979,1,52,0.151230574
476601,45,75,1,25,0.00340414,1,25,0.016306877
7474656,50,115,1,40,0.005400181,1,39,0.071962357
5759215,99,42,1,37,0.005292177,1,16,0.007709742
8113339,95,42,1,16,0.002014399,0,2,0.002492189
6822370,103,66,1,46,0.006369114,0,9,0.055763006
4490855,103,90,0,0,9.54E-07,0,0,0
989548,96,108,1,94,0.017817497,0,49,0.445618868
1989487,57,32,1,85,0.008430958,1,19,0.020991564
1141736,78,99,1,26,0.004995108,1,26,0.027405739
6172414,114,75,1,99,0.015487671,0,21,0.382174253
3277946,117,55,1,35,0.004085779,1,35,0.036231279
2782940,70,74,1,45,0.006330013,1,37,0.078727007
538449,68,81,1,26,0.004441023,1,27,0.042745113
7903700,110,71,1,30,0.005156994,0,20,0.027521372
299593,88,104,1,23,0.003347397,1,23,0.019020081
696919,79,63,1,43,0.006775141,1,43,0.132583857
8987207,120,116,0,1,0.000593901,0,2,0.035784245
1478497,105,62,1,28,0.003513098,0,22,0.019325018
5474069,101,76,1,114,0.016182899,1,73,0.994573116
3168192,128,114,1,54,0.013047934,1,40,0.126249075
9313507,100,74,1,27,0.004794598,1,26,0.040903091
9733597,61,67,1,47,0.006269693,1,39,0.159615278
3596771,63,114,1,25,0.003781796,1,23,0.02327323
4368299,103,68,1,107,0.017164946,0,59,1.773222923
224961,35,114,1,54,0.005373478,1,54,0.071606159
5888506,41,92,1,58,0.006676912,1,58,0.494911432
4408033,110,73,1,4,0.000696659,1,4,0.000459433
8002320,105,79,1,48,0.00693059,1,48,0.163373232
1847348,115,83,1,24,0.004914045,1,22,0.025556087
129204,79,113,1,16,0.002878666,1,16,0.011214972
7323178,69,98,1,35,0.006237268,0,15,0.011997223
7368280,50,116,1,56,0.00634551,1,56,0.165335655
4452022,76,113,0,300,0.047724485,0,6,0.044189692
3953069,124,69,1,86,0.012737036,0,3,0.08639884
5234820,37,89,1,61,0.005887985,1,61,0.145260572
3413252,84,90,1,11,0.002258062,1,11,0.004626989
4737384,92,58,1,66,0.008884192,1,54,0.149367094
7278569,106,68,1,92,0.014059067,1,76,0.958768606
8885333,65,93,1,66,0.009592533,0,9,0.018510818
2504493,75,87,1,236,0.038615942,0,4,0.085759401
7455278,120,39,1,32,0.003186941,1,32,0.038373947
7549844,81,90,0,1,0.000207663,0,1,0.040341139
9341667,41,97,1,73,0.009177446,0,57,0.703169584
4224191,57,73,1,99,0.013598919,1,54,0.353390455
6343644,85,44,1,43,0.00534749,1,43,0.19169879
4296227,118,56,1,47,0.005744457,1,47,0.245208025
7689864,56,74,1,69,0.00838995,0,26,0.496315718
3757515,67,85,1,75,0.010715008,1,82,0.858598471
2477243,91,86,1,54,0.007951975,1,54,0.256114721
7601840,119,119,1,57,0.01077342,1,57,0.311703682
4408852,91,116,1,104,0.02136898,0,4,0.224333763
8175307,114,63,1,28,0.003592968,1,28,0.042669296
6436254,128,103,1,201,0.045083046,0,13,1.17235136
7452028,121,85,1,94,0.015344858,0,49,0.679580927
316270,93,93,1,5,0.001102686,1,5,0.000783682
2642619,103,127,1,61,0.014614344,1,40,0.20501399
7261308,42,59,1,50,0.00690937,1,47,0.111676693
97101,111,120,1,75,0.020196199,1,65,0.396153212
368020,116,97,1,113,0.026210546,0,35,0.88591218
6995723,65,48,1,87,0.012100697,1,49,0.120294333
7298630,118,58,1,55,0.007565498,1,63,0.293651342
546449,118,87,1,81,0.014048576,1,53,0.380661011
3494119,121,108,1,17,0.004164934,1,17,0.011858225
1390628,81,52,1,25,0.003657341,1,22,0.026429176
1551600,106,86,1,83,0.013632298,1,71,0.258615971
2537163,101,106,1,34,0.005362511,0,27,0.124577761
2229194,39,68,1,13,0.001394033,1,13,0.003738165
2055419,76,33,1,38,0.004370928,1,38,0.106137037
1655955,49,78,0,79,0.01140666,1,59,0.44954133
3685056,66,46,1,8,0.002254963,1,8,0.002477407
3974391,56,78,0,0,9.54E-07,0,0,0
4617768,89,66,1,30,0.004382849,1,30,0.025284529
4342075,104,92,0,30,0.005753994,1,28,0.018636703
6119385,47,97,1,35,0.004437447,1,35,0.060997486
2263445,88,41,1,51,0.006364107,1,51,0.141891241
1754288,45,117,1,40,0.005445004,1,38,0.038227558
5003945,74,102,1,31,0.003803968,1,31,0.04044199
8594116,88,49,0,33,0.031118631,0,33,0.079709291
7691552,121,39,1,78,0.008861542,0,27,0.523102522
6553456,80,69,1,22,0.003979206,0,11,0.020694017
8965477,36,71,1,153,0.014303446,0,24,0.171981812
6458748,81,52,1,43,0.004757881,1,43,0.217499733
2833675,60,94,1,43,0.005475044,1,38,0.118130207
2240031,125,98,1,55,0.011347294,0,7,0.072606802
6952206,123,55,1,116,0.013371229,1,117,5.219407082
8091628,52,54,1,32,0.004505634,1,35,0.094566345
8795339,61,118,1,19,0.002864361,1,15,0.004462719
3893068,123,120,1,69,0.01773715,1,69,0.361727715
8272676,82,50,1,40,0.005442858,0,20,0.111327887
2913120,59,108,1,19,0.002696991,1,19,0.007411957
8771556,44,62,1,42,0.005211353,1,40,0.065353155
4630607,60,32,1,21,0.002978563,1,21,0.016109228
3183882,106,49,1,16,0.00179553,1,16,0.013857365
475745,111,123,1,110,0.025528669,0,41,0.755805731
5002193,105,114,1,125,0.023342609,0,8,0.290160179
2909221,71,52,1,75,0.011037827,0,20,0.121225595
7160419,110,55,1,37,0.005203724,1,37,0.038616896
9132299,62,69,0,12,0.001847029,0,11,0.006337404
8523479,94,58,1,7,0.001070976,1,5,0.000751257
1008273,63,57,1,18,0.002843142,1,16,0.00949502
8876120,105,33,1,33,0.00319314,1,33,0.056802034
6945999,47,88,1,82,0.009634972,0,22,0.061615705
8820188,33,82,1,3,0.00031209,1,3,0.000380039
7734955,77,92,1,52,0.006885052,1,52,0.185649872
3640513,73,67,1,32,0.005749226,0,13,0.021960497
1541289,111,90,0,29,0.005953312,0,21,0.079237223
2080555,58,84,1,30,0.003418446,1,29,0.070910931
9716229,100,65,1,8,0.001280785,1,8,0.001530886
8419019,93,35,1,61,0.007116556,0,43,0.106277227
4669202,65,58,1,51,0.008337975,0,24,0.089951038
4808412,121,122,1,85,0.014986515,1,59,0.468730927
3491405,43,124,1,54,0.005974054,0,19,0.261595011
3902740,60,97,1,97,0.012528658,0,26,0.517436028
4926871,101,91,0,37,0.058420897,0,36,0.169677019
578783,99,99,1,33,0.005602837,1,33,0.061472893
9822105,87,35,1,67,0.007494211,1,47,0.087779999
5576818,56,126,1,151,0.017260551,0,9,0.142682552
3852895,82,36,1,37,0.004715919,1,37,0.084316015
4874006,39,58,1,34,0.004229784,0,2,0.00901413
236110,94,97,0,99,0.021620989,0,31,0.387824059
847702,88,88,1,45,0.008511066,0,33,0.084397793
3632195,63,105,1,46,0.006510735,1,48,0.234913349
9843483,88,93,1,58,0.01243639,1,41,0.080965519
5183351,37,93,1,35,0.003968954,1,36,0.059075832
5714734,63,119,1,27,0.004506111,1,24,0.023965359
4199159,74,126,1,36,0.006044388,0,23,0.078207731
701064,43,83,1,18,0.002059698,1,18,0.016785145
758483,67,37,1,5,0.000551462,1,5,0.000862122
2001157,60,68,1,42,0.005813837,1,42,0.114814043
3116164,42,126,1,20,0.00248313,1,17,0.01782155
1601914,87,119,1,40,0.008498192,0,1,0.006783009
8023190,51,48,1,123,0.017793179,0,15,0.033431292
8866408,62,85,1,33,0.004132986,1,33,0.01947403
8817670,112,56,1,25,0.003245354,1,25,0.034142256
4260192,46,101,1,63,0.006906748,0,18,0.403991699
2088200,92,64,1,31,0.005101919,1,31,0.093822479
5944970,81,88,1,195,0.033221245,0,3,0.021015644
2210599,95,63,1,68,0.008852959,1,68,0.292692423
3848015,128,54,1,69,0.008379221,1,69,0.22996974
4070405,47,111,1,40,0.004799604,1,42,0.124224424
624749,48,65,1,15,0.001696348,1,15,0.008287191
3734461,90,107,0,53,0.061792374,0,5,0.089014769
7355750,84,94,1,47,0.009738445,0,10,0.096753836
8180320,53,80,1,46,0.005822897,1,49,0.214728832
6340184,36,39,1,12,0.001443863,0,3,0.002979755
7855978,68,105,1,59,0.008228302,1,70,0.415944815
8247044,33,85,1,40,0.005032539,0,11,0.017900467
5758600,35,110,1,75,0.007577419,0,48,0.688977718
9729465,91,118,1,58,0.010726929,0,37,0.258816481
647827,42,88,1,21,0.002277136,1,21,0.018807173
4201780,115,70,1,66,0.0105474,0,18,0.093086243
9126945,119,45,1,58,0.00764966,1,58,0.272287607
839022,73,60,0,0,0,0,0,9.54E-07
1496281,53,55,1,12,0.001901388,1,13,0.006421089
6262660,118,97,1,43,0.007260084,1,43,0.097167015
4436016,62,52,1,28,0.0033741,1,28,0.028584719
7581346,46,38,1,27,0.003038883,1,25,0.03397274
823130,124,37,0,11,0.001396656,1,18,0.012569666
4015166,82,52,0,46,0.03757906,1,44,0.232985497
154438,80,72,1,20,0.003200769,1,20,0.007463217
2487220,86,40,1,35,0.003861904,0,20,0.072608709
6263511,72,111,1,77,0.011630058,0,26,0.146315098
2241346,77,90,1,67,0.010384321,0,2,0.038277864
1644180,93,57,1,77,0.009720087,1,77,1.205498457
5503225,44,89,1,3,0.000328064,1,3,0.00028038
8839024,37,50,1,21,0.00242877,1,21,0.022657871
3893160,32,81,1,16,0.001666307,1,16,0.011625528
9071496,115,113,1,31,0.006857872,0,4,0.006697178
6675435,101,90,1,63,0.011757374,0,30,0.275449038
3676129,57,57,1,22,0.003355265,0,3,0.009042978
1968385,126,48,1,246,0.028216839,0,8,0.433209896
1277959,90,107,1,72,0.013711691,0,34,0.109956026
8864294,64,57,1,24,0.003261805,1,25,0.036075115
3994744,105,56,1,54,0.006465435,1,54,0.38826251
8313832,116,78,1,69,0.012281656,0,7,0.123484135
8395967,48,114,1,42,0.005389214,0,7,0.04762578
7937687,42,111,1,55,0.005683899,1,43,0.157377958
2447394,101,118,1,109,0.028035641,0,10,0.194769621
7568917,119,99,1,161,0.034112215,0,17,0.28737092
5469601,84,45,1,29,0.003601074,1,27,0.033075333
8924690,87,60,1,17,0.002266645,1,17,0.0119946
6934278,57,43,1,37,0.0041852,1,37,0.109930515
5003471,70,59,1,66,0.010252237,0,3,0.040370226
1961002,87,105,1,15,0.002912283,1,15,0.008112669
88236,44,82,1,13,0.001593113,1,13,0.00805974
4521259,47,66,1,25,0.003272057,0,9,0.012924194
1801312,53,107,1,91,0.011844635,1,87,0.335156679
4674755,96,121,1,25,0.004075766,1,18,0.012512445
5865095,50,97,1,39,0.004840851,1,39,0.137063265
4153619,33,101,1,19,0.001852512,1,17,0.013948917
1822808,81,80,1,28,0.004348993,1,28,0.030357361
3848206,92,42,1,31,0.003546953,0,9,0.010302067
4920013,89,86,1,67,0.009986401,0,52,0.395530462
9186136,76,117,1,54,0.007609844,0,15,0.105710506
5026503,77,39,1,76,0.008324862,0,17,0.092248678
6249098,111,89,1,9,0.001865149,1,4,0.000491858
6897290,120,110,0,23,0.005805254,0,11,0.026429176
4789906,119,58,1,73,0.008389235,1,71,0.551110029
1019878,42,67,1,26,0.003251553,1,26,0.025437355
486282,37,85,0,4,0.000562191,0,2,0.00081706
9038816,127,57,1,108,0.013106346,0,16,0.071647882
8665464,43,82,0,35,0.004593134,1,44,0.148897171
1753847,87,73,1,73,0.011715412,0,12,0.215560913
1278162,67,76,0,49,0.008138895,1,41,0.079312325
1303602,122,39,1,74,0.008167505,1,70,0.589604378
9971667,108,48,1,13,0.001792192,1,13,0.008342743
4563954,100,88,1,50,0.009607315,0,2,0.023617029
2564392,43,102,1,36,0.003943443,1,36,0.063872337
6400893,100,62,1,45,0.006271601,1,45,0.091630697
4851735,116,107,0,17,0.003787518,0,5,0.002607107
1311479,87,99,1,35,0.006065369,1,35,0.074827433
7473784,62,61,1,28,0.003591061,1,27,0.027510166
2170218,51,128,1,11,0.00150919,1,11,0.002843142
6457199,50,67,1,14,0.001975298,1,14,0.008480549
7249764,94,104,0,52,0.013089895,0,54,0.327287674
6361256,99,32,1,76,0.007688046,1,70,0.920781374
2889496,78,114,1,74,0.014337063,1,69,0.498384714
3740939,33,53,1,18,0.00228858,1,18,0.00991869
7262460,104,94,1,12,0.001877785,1,12,0.004476786
3245289,123,89,1,17,0.002780914,1,17,0.015185595
4239556,92,44,1,42,0.004962683,1,38,0.074681997
9239187,97,127,1,85,0.016742229,1,71,0.670668364
1308370,61,44,0,2,0.000555038,0,3,0.001401424
4573963,89,118,1,99,0.014530897,0,46,0.799119473
3336183,42,103,1,36,0.004350662,0,18,0.092568874
9227297,121,122,0,93,0.027008533,0,59,0.990378618
9717642,40,94,1,27,0.00315547,1,27,0.039464712
6329757,104,82,1,102,0.019857168,0,80,0.828783751
4577046,80,74,0,5,0.001075268,0,6,0.001184464
4971315,41,109,1,12,0.001188993,1,12,0.002899885
6537948,68,44,1,9,0.000904322,1,9,0.001857042
2213160,117,53,1,96,0.012153387,0,11,0.072116613
452623,51,40,1,26,0.00303793,1,26,0.051930428
2877511,63,50,1,22,0.00346756,1,21,0.021170616
3392811,51,74,1,37,0.004909039,1,37,0.114406824
4969367,115,40,1,41,0.005042315,0,4,0.008900642
5670000,102,61,1,75,0.009476185,1,63,0.351489782
9899399,62,77,1,27,0.003255367,1,27,0.029030085
6595879,116,83,0,300,0.051197052,0,31,0.129319906
7248553,83,113,1,26,0.003520966,1,26,0.056561947
5250789,65,58,1,40,0.005938053,0,6,0.038417816
4813459,98,66,1,62,0.007799387,1,62,0.124860525
9709391,63,92,1,52,0.008076191,1,55,0.392901659
5716144,109,97,0,8,0.001788139,0,2,0.010948658
9360332,61,42,1,210,0.023942471,0,28,0.15071249
9270282,88,95,1,68,0.014345407,0,51,0.521652222
4481641,112,69,1,49,0.008026838,0,38,0.131554604
462252,122,114,1,67,0.018340349,1,48,0.155344248
959979,68,89,1,17,0.002830029,1,16,0.008062124
1887675,95,115,0,36,0.007742167,0,17,0.117691517
4100988,112,66,1,103,0.012836933,1,45,0.199556112
6302773,120,43,1,8,0.000892162,1,8,0.001924038
8489792,112,42,1,9,0.001124859,1,9,0.003162622
3603398,48,33,1,60,0.007234097,0,4,0.020483255
171395,77,98,1,21,0.003010273,0,11,0.006273985
2127716,89,55,1,82,0.009678602,1,72,0.272696018
3741785,120,60,1,36,0.004784822,1,36,0.083361149
6138819,54,123,1,121,0.016838789,1,105,1.676229477
2688258,80,102,1,92,0.016295671,0,8,0.497504234
6308712,98,56,1,80,0.011127949,0,34,0.980692863
1071573,36,68,1,14,0.001864433,1,14,0.006882429
5265701,63,46,1,20,0.002728939,1,20,0.020853996
7990052,90,39,1,26,0.002845526,1,26,0.023428917
2329125,103,74,1,48,0.007491112,1,46,0.177002668
8283403,86,119,1,69,0.01260972,0,22,0.316342831
4713744,32,33,1,34,0.004472494,0,4,0.009880304
4123148,93,102,1,51,0.008386612,1,51,0.113251925
2214144,119,48,1,76,0.010062933,1,55,0.346271753
3888418,113,76,1,46,0.007972479,1,51,0.161683083
5589588,88,119,1,98,0.018088818,0,49,1.960549116
9269772,126,58,1,76,0.009278774,0,34,0.48861742
4840561,98,112,1,87,0.021066666,1,79,0.525094271
5775736,128,55,1,31,0.003599167,1,31,0.031359673
2504669,62,114,1,49,0.006085634,1,49,0.344032288
8256073,69,33,1,14,0.001704931,1,14,0.009361506
6200933,103,68,1,296,0.034564257,1,80,0.653974295
2571781,84,126,1,56,0.010905266,0,40,0.187092781
1590498,44,97,1,54,0.005674839,0,18,0.32032752
7344347,75,83,1,81,0.013833523,0,36,0.14356637
7749244,124,89,1,184,0.031761169,1,57,0.354201317
9097542,98,85,1,10,0.001583338,1,10,0.002721786
3267763,50,92,1,45,0.005198956,1,45,0.190283775
3679081,82,124,1,26,0.004685402,1,25,0.020714998
1474976,76,110,1,101,0.014189243,0,3,0.182070971
9284941,127,107,1,19,0.003610134,1,19,0.012684345
3289826,59,62,1,16,0.00203824,1,16,0.008733511
9603676,117,119,1,54,0.012741089,0,49,0.231345177
9068060,127,42,1,39,0.004554987,1,39,0.091843843
5502785,58,81,1,84,0.01175952,1,46,0.0800457
7549826,121,110,1,70,0.014891148,1,37,0.091925383
9708769,103,96,1,32,0.007656574,0,1,0.00323391
7362550,110,37,1,31,0.003004074,1,31,0.06673336
5957962,61,82,1,40,0.005715132,1,37,0.093459845
2906150,115,114,1,13,0.003669977,1,13,0.006379604
1817194,82,77,1,99,0.018925428,1,18,0.01992774
8528044,60,37,1,28,0.00275588,1,28,0.039812565
7049864,110,48,1,12,0.001512289,1,12,0.006677866
3445900,55,63,1,32,0.004543781,1,37,0.087120295
1720835,113,86,1,57,0.011366606,0,12,0.050256968
4929742,60,95,1,16,0.002249002,1,16,0.008622646
3500853,32,49,1,13,0.001520157,1,13,0.003324509
2880427,117,99,1,237,0.055160761,0,10,0.611378431
8571990,43,70,1,21,0.002792597,1,21,0.017524719
7430204,65,77,1,60,0.010735989,0,18,0.121670485
2337150,123,56,1,16,0.002261162,1,16,0.008070469
7155054,79,62,1,19,0.002444029,1,19,0.014642954
8027708,38,93,1,54,0.006626844,0,20,0.138377905
1794346,127,74,1,55,0.00902462,1,53,0.440242529
1711344,106,67,1,52,0.008861303,0,16,0.041757107
5291226,82,61,1,82,0.014419317,0,23,0.509358406
9462496,114,117,1,171,0.051288366,0,8,0.114109278
8912970,79,99,1,6,0.001064539,1,4,0.000459909
2973100,38,122,1,28,0.003477335,0,2,0.002072096
1705079,103,80,0,43,0.009282351,0,36,0.118066311
290221,98,43,1,21,0.002207279,1,21,0.024731874
7120883,79,116,1,104,0.019343138,0,93,0.93043375
3642701,87,58,1,31,0.005101442,1,23,0.037501812
3388245,127,41,1,54,0.006575108,1,51,0.361750126
3076999,90,94,1,167,0.037502766,0,28,0.796551228
8331979,46,125,1,68,0.008407831,1,68,0.499222279
3782250,34,52,1,8,0.000809669,1,8,0.002009869
8262259,77,40,1,13,0.001454115,1,12,0.003798246
2265659,106,104,1,25,0.004998684,0,13,0.010807753
9804704,105,125,1,27,0.007351398,0,4,0.007807016
9649136,108,36,0,0,0,0,0,0
3765679,55,104,1,126,0.01432538,1,67,0.378619671
4314732,122,44,1,35,0.003817797,1,35,0.041977644
2306125,76,51,1,60,0.006816864,0,10,0.012856245
3239748,74,80,1,106,0.017910719,0,6,0.137749195
3089014,37,65,1,34,0.003886461,1,34,0.050641775
6822345,108,71,1,94,0.012489557,0,27,1.717680216
7262928,118,37,1,32,0.003154278,1,32,0.0649786
1079337,81,116,1,127,0.021413088,1,106,1.07440424
7269834,98,79,0,51,0.008626938,0,30,0.158232689
8116609,72,104,1,59,0.009187698,0,35,0.514063597
2770252,68,68,1,45,0.006762743,1,41,0.124001026
792803,81,119,1,72,0.012670755,1,57,0.283916235
2904234,84,117,1,108,0.018656254,0,19,0.201945305
6213633,65,32,1,36,0.003866911,1,36,0.089651346
940344,120,58,1,27,0.003145933,1,27,0.053555489
6545968,54,36,1,40,0.004366159,1,40,0.113088846
4664520,110,128,1,67,0.015639544,0,8,0.21649003
1852192,118,55,1,141,0.021865129,0,108,1.231072903
1568204,93,79,1,55,0.007997274,0,11,0.031273842
2915045,46,40,0,18,0.011597395,1,22,0.029006958
3646798,79,82,1,54,0.008954525,1,54,0.37091732
575151,38,70,1,57,0.005851984,0,12,0.252319574
2647832,104,37,1,6,0.000760078,1,6,0.000965834
4161178,97,52,1,58,0.006921053,1,54,0.431111574
4517627,54,71,1,48,0.005449772,1,45,0.171328545
4917849,43,121,1,284,0.029076576,0,20,1.156448126
6010844,112,91,1,48,0.007811546,1,41,0.099109888
7396966,43,124,1,12,0.001705647,1,12,0.004421949
1416039,47,34,1,39,0.005475521,1,34,0.092243433
1847817,104,94,1,40,0.006765604,1,39,0.08429122
5116891,109,59,0,0,0,0,0,0
7344953,101,112,1,82,0.013765812,0,37,0.498047113
2749435,80,55,1,23,0.002536058,1,23,0.020646334
5093791,106,79,1,72,0.012012959,0,21,0.255441904
9952558,57,105,1,47,0.006867647,1,45,0.226248026
1435260,58,71,1,22,0.003590345,0,7,0.029325724
806970,108,107,1,49,0.011229992,1,47,0.070652246
7782863,67,39,1,14,0.00159359,1,14,0.010200262
3315921,62,32,1,32,0.003805161,1,28,0.071906328
1887600,92,105,1,60,0.009970665,1,62,0.474972486
1370424,82,98,0,49,0.00828433,0,11,0.067340612
4647659,58,96,0,60,0.009948254,0,28,0.237720013
49304,76,120,1,95,0.013154984,1,95,0.740317345
1525577,127,118,1,264,0.067759275,0,65,2.979870796
6287379,96,119,0,87,0.017318487,1,41,0.152498007
2117008,77,85,1,5,0.000769615,1,4,0.000478983
8523649,44,47,1,4,0.000523806,1,4,0.000516415
18376,91,69,1,91,0.012179375,0,17,0.093564272
4564772,107,67,1,36,0.00595665,1,37,0.133314371
6731239,86,93,1,117,0.019605875,1,76,0.537636042
7430019,64,49,1,28,0.00372386,1,30,0.054801464
4334906,90,81,1,64,0.011980057,0,3,0.039717436
3678886,53,45,1,29,0.003172398,1,25,0.029196739
6104906,108,108,0,13,0.003833294,0,8,0.394041538
7119246,40,107,1,13,0.001572132,1,13,0.004848003
3311904,72,88,1,15,0.002167702,1,15,0.007456064
5646904,55,100,1,27,0.003436327,1,27,0.051721573
9489979,126,80,1,47,0.008228779,0,7,0.021120071
7033410,107,38,1,25,0.002898932,1,18,0.011490107
2683419,119,61,1,47,0.005896807,0,4,0.059309006
3592978,100,84,1,19,0.003771067,1,19,0.016307592
3969609,49,70,1,43,0.006361485,0,47,0.177056313
7010358,107,89,1,23,0.003739119,1,22,0.034265995
5954039,87,71,1,39,0.005676985,0,30,0.077878475
5644897,123,66,1,26,0.003896952,1,26,0.02349782
7738278,89,79,1,27,0.005432367,0,17,0.046318054
6004131,125,111,1,52,0.012071371,0,5,0.018738508
966792,77,108,1,42,0.008167505,0,33,0.040274143
262299,71,65,1,29,0.00369978,1,28,0.052338362
8793443,97,104,1,43,0.00663805,1,41,0.119474888
4409556,49,109,1,86,0.012536764,1,86,1.309278727
7663031,128,36,1,120,0.013963699,0,76,0.384111166
8267546,87,119,1,26,0.004912615,1,26,0.045332432
3805061,119,95,1,51,0.007588148,0,38,0.16519928
4902628,55,100,1,36,0.004149914,0,9,0.077691078
67216,43,34,1,32,0.004180908,1,27,0.042391062
6924393,108,118,1,33,0.008479595,0,8,0.008060217
6594228,117,121,1,43,0.008827686,1,43,0.075715065
810298,94,112,1,84,0.017905235,0,54,0.590841293
868291,76,37,1,18,0.002040148,1,15,0.007141113
8286314,124,117,1,48,0.009735346,1,47,0.18948102
2669784,98,71,1,94,0.014830112,0,12,0.227363348
5301584,60,48,1,24,0.002910614,0,17,0.022173643
2213135,75,87,1,30,0.005730629,1,30,0.036698818
8769403,88,46,1,18,0.002302408,1,18,0.008054256
6786007,53,70,1,19,0.002381802,0,13,0.013667345
230121,56,56,1,41,0.005355358,0,26,0.057478905
3681708,44,34,1,25,0.002815962,1,25,0.033672333
3565393,103,95,1,45,0.00923872,0,25,0.229650021
2450510,71,76,1,31,0.005553246,0,16,0.076625824
2722805,109,36,1,30,0.003394842,1,23,0.023521185
7371044,55,69,1,23,0.002957821,1,21,0.01995635
8873996,99,72,1,122,0.018102169,0,1,0.010671854
1207037,127,78,1,61,0.009411335,0,20,0.184291363
9336191,48,93,1,19,0.00212431,1,17,0.009314775
3464334,100,35,1,63,0.007305861,1,63,0.575269222
2737934,38,70,1,30,0.003117323,1,30,0.043941259
193946,112,98,1,7,0.00144887,1,7,0.001760244
8128865,64,66,1,35,0.005054712,0,3,0.004217863
4244126,114,46,1,86,0.010551453,1,62,0.129364252
5156435,66,106,1,21,0.002653837,1,21,0.026802063
1000416,69,79,1,31,0.004809856,1,31,0.039992809
2004060,35,91,1,26,0.0030756,0,8,0.018123388
3198074,60,108,1,51,0.006498098,1,48,0.240246296
9947799,63,41,1,73,0.00818634,1,33,0.094414711
6328683,109,36,1,41,0.004647732,0,10,0.121813774
761999,116,59,1,67,0.007806301,1,63,0.312032223
3935300,65,97,0,51,0.008239985,0,44,0.315806627
3481586,70,84,0,66,0.009133816,0,26,0.176536083
9670868,32,109,1,5,0.000554562,1,5,0.000626326
1760477,51,66,1,62,0.008064032,1,49,0.262563705
1675893,44,68,0,3,0.000380993,1,7,0.001284599
1761235,114,41,1,103,0.014489412,1,101,1.578926563
2808576,53,77,1,48,0.006628275,1,48,0.167249918
3313641,99,74,1,79,0.013311863,1,53,0.421363592
7136181,51,48,1,68,0.00965333,1,29,0.069061279
2348617,109,54,1,58,0.008810759,1,49,0.17310977
7124308,74,68,1,26,0.004240274,1,23,0.026514292
5181003,86,59,0,0,0,0,0,0
4615978,50,86,0,30,0.004406691,1,35,0.114397764
9635447,117,49,1,32,0.004384995,0,14,0.042503834
1849924,36,33,1,27,0.003250599,1,21,0.018445492
3640581,69,118,1,51,0.009124517,0,37,0.145329475
9043385,42,79,1,16,0.001767635,1,15,0.006217241
363361,91,41,1,19,0.002797842,0,17,0.012939692
1148942,80,104,1,35,0.00649929,1,33,0.063257456
1165937,82,114,1,23,0.003343821,1,23,0.022500992
2635640,36,105,1,21,0.00225091,1,18,0.014915943
5117169,67,38,1,29,0.003320217,0,21,0.043536425
3786591,119,66,1,51,0.008872032,0,37,0.083396196
5952223,94,93,1,75,0.013722897,0,28,0.18234849
4250065,79,118,1,83,0.015484333,0,25,0.171856403
9282361,84,68,1,9,0.001338005,1,9,0.003484011
9253601,75,83,1,48,0.009352207,1,44,0.193665028
4565265,109,70,1,48,0.007539034,0,16,0.078671455
3598542,39,34,1,21,0.002755642,1,22,0.020329475
2838961,73,49,1,66,0.009025335,0,4,0.060280085
4306355,103,33,1,40,0.005104065,1,42,0.187990904
4541047,66,77,0,8,0.001165628,1,15,0.010756493
9122223,34,70,1,29,0.003459692,1,29,0.040596724
2908994,42,125,1,139,0.017547607,0,85,1.726401806
3336377,117,111,1,51,0.014667511,1,50,0.123367071
3233152,122,99,1,37,0.007752419,1,37,0.138165236
9014767,32,62,1,35,0.004556656,0,30,0.117895603
8054054,44,81,1,69,0.007327557,0,42,0.675320148
2482328,35,98,0,300,0.03060627,1,52,0.351543188
2240774,47,92,0,55,0.006281376,0,6,0.030614853
578417,110,90,1,43,0.006967783,1,43,0.225916386
2296511,61,61,1,71,0.010234356,1,60,0.176025391
8929621,96,117,1,110,0.024526834,0,80,2.371611834
919906,86,117,1,57,0.011331558,0,20,0.122377872
4832341,38,121,1,52,0.006327868,1,45,0.101723194
4381193,107,85,1,49,0.009207249,0,18,0.040767908
8714648,79,74,0,27,0.004424572,0,29,0.030433893
7307618,85,33,1,27,0.002717018,1,27,0.028304338
7819417,103,100,1,15,0.003465891,1,14,0.005872726
5837241,70,115,1,43,0.005573034,1,41,0.138170242
9868928,116,104,1,104,0.022037745,1,78,1.226666927
8801112,75,119,1,35,0.005568504,1,35,0.113012552
6959447,85,37,1,48,0.005820751,1,46,0.211955786
3190814,116,42,1,90,0.010676622,0,5,0.099611282
9323668,77,77,1,20,0.003488541,0,20,0.02038002
5931314,78,118,1,45,0.006238699,1,40,0.153307676
3280549,121,105,0,300,0.052251816,0,72,1.193724632
4793550,110,114,1,52,0.009688616,0,40,0.211171865
9953743,77,85,1,54,0.011045456,0,6,0.008404493
4919266,82,81,1,26,0.005065441,1,25,0.032247305
1932858,108,49,1,15,0.001980305,0,4,0.002763748
820553,62,72,1,8,0.001043797,1,8,0.001741886
1095062,115,34,1,11,0.001165867,1,11,0.004235506
587348,79,125,1,3,0.000442028,1,3,0.000294209
1859564,109,84,1,32,0.005803347,1,32,0.029667854
8287972,112,36,1,59,0.006028414,1,55,0.399410248
6692713,119,78,1,48,0.008464813,1,48,0.054701805
9564738,86,100,1,44,0.008116484,0,16,0.037147284
9383920,86,41,1,21,0.002504587,1,21,0.017505407
1288366,79,93,1,68,0.010941744,0,12,0.149600506
1707637,82,113,1,184,0.034184456,0,21,0.914874315
391525,103,37,1,5,0.000982761,1,5,0.000678062
7525585,116,102,1,28,0.006999969,0,23,0.027767658
2055727,76,34,1,17,0.001950979,1,17,0.009370565
9371551,71,66,1,36,0.004426241,0,17,0.017394781
4291287,99,114,1,66,0.014757156,0,5,0.021352053
5467088,112,95,1,38,0.006848812,1,38,0.087176561
2619642,93,113,1,242,0.037431002,0,19,0.461065769
5484958,128,52,1,44,0.005231619,0,13,0.083892107
2470480,88,123,1,126,0.021006107,0,31,0.473238707
2007768,58,33,1,52,0.005643845,1,44,0.200278759
4578638,83,109,1,206,0.039381027,0,11,0.38146925
4841292,98,107,1,81,0.018212557,0,57,0.728998899
8209834,54,82,1,26,0.003310442,1,26,0.029171705
1409614,109,56,1,35,0.004221201,1,37,0.123034239
7294503,67,44,1,37,0.004149199,0,8,0.01154995
1824930,98,45,1,43,0.005426645,0,24,0.19418931
2430251,112,102,1,39,0.009088039,1,33,0.075665236
1912319,45,34,1,48,0.005913496,1,40,0.09695816
5717366,99,126,1,46,0.009215593,1,44,0.097373009
8444611,55,38,1,12,0.001284599,1,12,0.005055904
2459332,99,36,1,68,0.008085012,1,68,0.460278511
8036115,94,107,1,241,0.044710875,0,2,0.042912245
6793996,90,116,1,156,0.024013758,1,77,0.200821638
5986409,64,87,0,25,0.00393033,0,27,0.028170347
3865202,124,94,1,14,0.01517415,1,14,0.009028912
9177364,122,43,1,30,0.003382921,1,30,0.046969414
753208,116,71,1,34,0.005413771,1,14,0.009263039
3805931,69,67,1,12,0.001657248,1,12,0.006531477
2839660,123,39,1,24,0.002753735,1,24,0.038312912
517130,49,57,1,66,0.007902861,0,6,0.063052177
9543526,98,41,1,84,0.010787725,0,47,1.390717983
8964710,82,78,0,0,9.54E-07,0,0,0
3029913,103,98,1,66,0.012420416,0,8,0.030628681
1354101,116,115,1,63,0.013813496,1,55,0.428740025
700917,59,120,1,80,0.010398865,0,48,1.461257458
4303446,122,34,1,62,0.00722146,0,29,0.096477032
4877739,106,82,1,80,0.014486313,0,33,0.461699724
9072464,123,78,1,21,0.003594398,0,3,0.004129648
8847268,82,41,1,28,0.003081799,0,22,0.063448906
1913655,70,47,1,26,0.00320816,1,25,0.020989656
8875926,41,93,1,8,0.000878096,1,8,0.00191474
8823584,90,116,1,126,0.020385981,0,2,0.12798357
8187635,47,79,1,41,0.004787922,1,41,0.137610197
9766511,105,38,1,12,0.001421213,1,10,0.002230167
4340136,99,95,1,57,0.008749247,1,43,0.10077548
3922122,81,70,0,14,0.002634525,1,13,0.004402876
1860462,70,89,1,74,0.011975765,0,57,0.532879353
5578877,38,93,1,95,0.010696173,0,27,0.507467031
3221550,61,117,1,14,0.001855373,1,14,0.010957956
5975999,79,116,1,53,0.008369923,1,53,0.278549671
7325962,43,72,1,37,0.004545927,1,36,0.139211416
5312313,61,128,1,21,0.002706766,1,20,0.020219564
2873733,67,64,1,15,0.002465963,1,15,0.006344795
9827860,68,37,1,15,0.002126217,0,3,0.002939939
1080114,51,69,1,12,0.001433134,1,12,0.003089905
8505737,94,105,1,29,0.005348444,1,24,0.034504414
1721158,99,115,1,162,0.024908781,0,35,0.369250059
341581,75,45,1,42,0.004658699,1,31,0.053843737
9866555,59,74,1,76,0.011578083,0,20,0.185245275
8844659,54,79,0,98,0.015716553,0,5,0.033894777
7773890,62,64,1,65,0.010045052,0,36,0.520219088
3304923,57,96,1,14,0.002113581,1,15,0.009257317
6784084,46,77,1,8,0.00088644,1,8,0.002132893
8110754,102,42,1,163,0.018253326,0,2,0.020711899
5034267,117,73,1,15,0.002703428,1,15,0.008766651
2927831,123,93,1,40,0.008128643,1,40,0.184720278
460420,67,90,1,93,0.012748718,0,52,0.803236485
9826150,116,35,1,55,0.005795717,1,56,0.332532883
8177977,52,78,1,85,0.009408474,0,11,0.185108185
5093214,58,74,0,16,0.002899885,1,18,0.011946917
8197400,94,40,1,32,0.003299713,1,32,0.062858582
9942952,106,69,1,30,0.004449129,1,30,0.024897814
7681060,100,80,0,96,0.031345367,0,4,0.167322159
5236222,112,50,1,65,0.009138346,0,15,0.055941105
7936561,79,32,1,15,0.001707792,1,15,0.011619806
2247165,116,68,1,65,0.010074139,0,16,0.112647772
8881147,53,76,1,89,0.01278162,0,14,0.058539629
4025823,103,39,0,56,0.006542444,0,56,0.364114761
9502500,56,110,1,4,0.000570297,1,4,0.000439167
3576532,111,58,1,18,0.002938509,1,18,0.011532068
3897495,74,61,1,17,0.00228858,1,15,0.003293276
7866602,68,81,1,43,0.007693052,1,35,0.07208252
3594481,39,106,1,11,0.001185417,1,11,0.00411725
174019,114,68,1,31,0.003925562,1,31,0.048817873
3118572,94,103,1,29,0.004460335,1,29,0.084463596
531009,44,61,1,3,0.000408888,1,3,0.000350237
1695991,45,126,1,56,0.007101536,0,15,0.06335783
9251630,98,44,1,21,0.002546787,1,21,0.019330263
3669847,70,90,1,57,0.011082172,0,26,0.156121492
1261261,45,103,1,70,0.009050131,1,48,0.227491856
7044112,126,53,1,47,0.005984306,0,39,0.149814844
3838128,109,118,1,68,0.014152527,0,29,0.103189945
362657,83,79,1,83,0.012829781,0,10,0.302941322
2311633,63,37,0,15,0.002346277,0,14,0.013002396
7358998,59,102,1,31,0.003881216,1,23,0.030413628
9865447,42,66,0,29,0.003947735,0,14,0.074050903
3132513,43,126,1,103,0.012896538,0,18,0.136892319
9431513,77,40,1,18,0.00226903,1,18,0.016754389
7687770,108,64,1,76,0.014582396,0,17,0.204428673
6198327,119,70,1,24,0.003596783,1,24,0.023596048
4137419,32,54,1,24,0.002532959,1,18,0.016564608
710120,93,125,1,105,0.021296024,0,62,1.498021841
4157195,93,110,1,105,0.019723415,1,79,1.303574324
4479045,38,82,1,16,0.001964331,1,16,0.014136791
700397,49,62,1,14,0.001815081,1,13,0.008801222
815693,67,84,1,49,0.006691456,1,33,0.064948559
8753733,57,107,1,56,0.008303642,0,29,0.114408731
101084,79,101,1,64,0.009849072,0,10,0.148067236
115216,56,34,1,6,0.000662327,1,6,0.001070976
3852093,103,74,0,58,0.009224653,0,30,0.123738289
9916147,90,105,1,65,0.013394833,0,46,0.424025059
6430072,60,75,1,46,0.006946087,1,51,0.268100977
7818285,41,116,1,39,0.005220175,1,36,0.096820354
1416567,44,115,1,48,0.006146908,0,3,0.029115915
8296107,123,61,1,77,0.011203527,1,77,1.427846909
1819665,83,53,1,25,0.003786325,0,2,0.003790855
9651580,51,91,1,59,0.008441687,0,37,0.356434345
8879321,127,36,1,71,0.009146452,1,69,0.292675495
2726830,74,93,1,62,0.011408091,0,39,0.218035698
3117259,49,79,1,15,0.010947227,1,13,0.016732931
1748254,52,92,1,37,0.004852295,0,25,0.072448015
2746827,53,74,1,22,0.003283024,1,19,0.013751268
7388833,98,110,1,25,0.005704641,1,25,0.044526577
894644,35,70,1,6,0.000723839,1,6,0.000754833
4423507,36,96,1,7,0.000858068,1,7,0.001984358
5445146,58,83,1,78,0.012389183,0,8,0.046447039
8272055,84,33,1,71,0.009052992,0,55,0.248977661
9568311,120,34,1,96,0.011910439,1,88,1.868920326
7197487,88,74,1,29,0.004328251,1,29,0.056489229
515656,90,124,1,75,0.015059233,0,44,0.476837158
2617372,112,115,1,48,0.013252735,1,47,0.263532162
7667273,111,83,1,43,0.007055044,0,20,0.059814215
7391834,36,118,1,19,0.002578974,1,19,0.012454033
4971740,49,72,1,61,0.00973177,1,59,0.335337639
4724497,110,128,1,23,0.004929066,1,22,0.034857035
2970394,118,63,1,85,0.011376858,1,63,0.60535717
1139471,123,122,1,100,0.019514322,1,59,0.354348183
6767257,35,112,1,22,0.002505064,1,22,0.016729832
5614281,79,101,1,48,0.007302046,1,47,0.168046713
7323613,115,58,1,64,0.007623911,1,62,0.649274588
6793662,124,34,1,2,0.000280857,1,2,0.000157356
8959023,123,97,1,112,0.029204369,1,100,2.666216612
9932229,89,119,0,300,0.069428921,1,66,0.366371393
3656160,32,115,1,76,0.009320021,0,49,1.019753695
9883059,67,95,1,19,0.002765656,1,19,0.008465528
6085575,101,58,1,8,0.000974894,1,8,0.001667261
3467887,124,86,1,22,0.003760099,1,22,0.029385805
6684493,56,46,1,23,0.003082275,1,23,0.019505739
685063,68,104,1,63,0.011450529,0,9,0.05066824
8072301,88,53,1,50,0.005303383,0,5,0.065264702
6300852,108,85,1,186,0.034796953,1,71,0.424463987
5872257,39,64,1,13,0.001428604,1,13,0.006584167
8748020,39,95,1,51,0.005820036,1,51,0.315923452
5634572,85,59,1,34,0.005092621,0,1,0.002934933
2973334,93,119,1,30,0.005036592,1,18,0.011746645
8343651,80,90,1,25,0.004812717,1,25,0.020584345
6128267,112,40,1,41,0.004262686,1,37,0.02880168
6784214,43,81,1,60,0.007513762,1,60,0.197484732
1245882,76,78,0,116,0.026117802,0,53,0.180637836
8551246,99,40,1,26,0.002882242,1,25,0.049007893
2689168,117,51,1,39,0.005327463,0,22,0.052128792
662823,59,80,1,27,0.003846407,0,16,0.052084923
4661375,116,72,1,52,0.008584261,0,24,0.282046318
6396890,88,79,1,40,0.007140398,0,24,0.167552233
4929782,101,126,1,24,0.004771471,1,24,0.043396473
8984211,85,90,1,107,0.018975496,0,9,0.302940607
4002990,34,114,0,29,0.005665302,0,28,0.056553125
1994314,86,92,1,219,0.036600113,1,79,0.718799591
5950869,34,109,1,111,0.013471842,0,6,0.230161905
9915892,109,96,1,71,0.014616251,0,36,0.300919771
3097227,46,38,1,18,0.002053022,1,18,0.014077187
3278370,38,106,1,88,0.009907961,1,72,0.239824772
99801,92,128,1,19,0.004300833,1,19,0.021832466
1783730,83,118,1,23,0.004466295,1,23,0.014725685
6196760,128,111,1,11,0.0027349,1,11,0.003852367
4282629,90,124,1,226,0.050887108,0,15,0.328106403
4914610,84,41,1,77,0.009145975,0,10,0.144514084
9262113,120,79,1,95,0.016974926,0,19,1.4042027
1822909,39,127,1,8,0.001008987,1,8,0.001414061
1389458,103,115,1,98,0.022006273,0,59,2.416119099
4461337,127,99,1,41,0.006527662,1,41,0.174339771
6465562,113,99,0,31,0.008043051,0,12,0.0449512
9459006,121,100,1,46,0.008431911,0,13,0.104982615
2612054,54,82,1,20,0.002827883,1,20,0.01471591
3299586,77,62,1,5,0.000751972,1,5,0.000686884
1081285,81,111,1,53,0.009430885,1,48,0.14598465
102890,119,77,1,13,0.001981258,1,13,0.008167744
2527106,94,110,1,98,0.015012503,1,82,0.358342409
6601526,64,86,1,12,0.001983404,1,11,0.004425049
3082433,88,72,1,78,0.01338768,0,4,0.033726931
19362,115,48,1,53,0.006489515,1,53,0.288215637
1773503,88,58,1,17,0.002259254,1,17,0.010258198
8680130,49,94,1,27,0.003174543,1,22,0.012795925
4570000,112,114,1,48,0.013158083,0,13,0.037703753
5128468,62,96,1,45,0.006170988,1,35,0.057249546
8724059,121,82,1,20,0.003692865,1,20,0.02495265
6711631,63,83,1,42,0.006765604,0,6,0.027313232
3889398,55,64,1,31,0.003468275,1,30,0.040478468
4508510,52,105,1,19,0.002402067,1,19,0.022783279
4135365,123,111,1,136,0.03373313,0,14,0.123664618
9004049,99,128,1,26,0.005511999,0,9,0.017736912
807418,37,79,1,36,0.004064322,0,3,0.018242121
2086530,33,45,1,23,0.002697706,1,20,0.019875765
6119109,112,66,0,0,0,0,0,9.54E-07
4102150,32,122,1,68,0.008872747,1,68,0.542374611
2493600,107,72,1,38,0.006912231,1,32,0.050623417
8388732,100,42,1,59,0.008002996,1,47,0.287163496
6432819,62,82,0,69,0.008803844,1,72,0.353690386
9326494,117,40,1,31,0.003465891,1,31,0.040483236
4191900,93,103,1,120,0.026867628,0,42,0.905084372
1101725,126,37,1,29,0.003181458,1,29,0.070843935
1478980,73,90,1,31,0.006214142,1,30,0.066426754
624051,92,88,1,15,0.002574444,1,13,0.008908987
2727645,60,77,1,36,0.004471779,1,34,0.100560904
3524530,33,123,1,18,0.002261639,1,18,0.017071962
314376,41,45,1,17,0.002209187,1,17,0.011193275
2177813,126,72,1,27,0.004383326,1,28,0.062910318
8920150,55,79,1,9,0.001437187,1,8,0.002570629
7203891,50,64,1,29,0.003731489,1,28,0.070202351
8154117,126,81,1,23,0.004529715,1,23,0.022184372
2483854,100,122,1,35,0.006390333,1,40,0.269233942
2553666,66,120,1,11,0.001420259,1,11,0.005671978
4089181,63,52,1,21,0.002706528,1,21,0.027240753
5736802,39,32,1,17,0.001914263,1,17,0.010225534
4392044,37,34,1,64,0.007114887,1,18,0.011096954
5282384,47,78,1,78,0.010980606,1,60,0.523244143
8083144,106,114,1,124,0.033218861,0,8,0.127815485
3834948,62,93,1,142,0.015878439,0,34,0.176906824
1203869,114,89,0,76,0.015016794,0,60,0.308786631
2019040,95,99,1,35,0.006589651,0,2,0.008790016
5717012,37,50,1,48,0.005413055,1,29,0.040315151
2277585,112,105,1,127,0.022265673,0,9,0.62238884
1087392,42,85,1,40,0.004682779,1,32,0.060404778
9690082,61,102,1,11,0.001442432,1,11,0.004069328
8617938,44,106,1,24,0.002818108,1,23,0.032066584
7027682,128,70,1,8,0.00133276,1,8,0.00257349
1702598,56,63,1,30,0.00433898,0,21,0.071404696
2235326,48,48,1,31,0.004538059,0,25,0.046933413
2386267,93,109,1,174,0.032080889,0,31,1.090710163
2108503,121,122,1,161,0.04123044,0,18,0.210247993
1504721,43,100,1,45,0.007024527,0,6,0.034365892
5826276,52,79,1,56,0.007027388,1,55,0.40179491
1037306,90,104,0,111,0.024663925,0,13,0.304482222
909801,60,87,1,24,0.00372386,1,26,0.022317886
7612542,85,49,1,15,0.00189352,1,15,0.010555029
7456387,60,126,1,22,0.003285408,1,22,0.009963512
9593459,103,59,1,66,0.008749008,0,28,0.12172699
5368146,97,120,1,53,0.01126647,1,28,0.043332338
1756436,123,121,1,96,0.026604652,0,53,1.484988928
1423766,50,40,0,20,0.002511501,1,28,0.048656225
9427006,52,43,1,16,0.001929045,0,1,0.00099206
1112587,53,103,1,34,0.005053043,1,34,0.04199934
8753676,121,124,1,60,0.013042688,0,2,0.007246256
9161254,122,56,1,36,0.004401445,1,38,0.127782583
667457,58,79,1,39,0.004911661,1,39,0.09356451
7010161,108,71,1,109,0.017498016,0,12,0.990892887
7431179,91,42,1,13,0.0017519,1,7,0.00111413
7659771,60,36,1,37,0.004014492,1,37,0.096667528
1540406,64,92,1,101,0.012726784,0,16,0.278023243
2271221,43,92,1,35,0.004686117,1,27,0.035060883
4912941,112,88,1,51,0.008548021,1,49,0.301753998
9308135,55,121,1,28,0.003965616,1,28,0.037475824
4628110,54,122,1,92,0.013332129,0,46,0.22166276
2492623,105,34,1,9,0.00087285,1,9,0.003118038
4193688,67,77,1,57,0.008783579,0,9,0.169760704
7964716,76,62,1,51,0.007921934,0,29,0.199376106
4370548,113,90,1,82,0.016380548,0,35,0.101435661
2073600,80,110,1,60,0.010367393,0,28,0.076248646
5354085,98,53,1,67,0.008736372,0,1,0.017389059
4262982,57,120,1,46,0.005298376,1,45,0.177832603
9611689,49,40,1,16,0.001919746,1,14,0.009445429
5035591,115,60,1,20,0.002757311,0,16,0.015856743
6816190,36,81,1,11,0.001294613,1,11,0.004380703
208271,55,37,1,35,0.004518509,0,21,0.045018911
4147526,128,104,0,105,0.024929285,0,11,0.334410906
2695295,64,61,1,58,0.008527994,0,14,0.06985569
6732435,51,107,1,226,0.02556777,1,68,0.299639463
6246598,82,73,0,0,0,0,0,9.54E-07
8536011,63,125,1,39,0.005293369,1,39,0.078154564
6460447,120,108,1,54,0.011260271,0,37,0.127774715
6241316,93,81,1,19,0.003847361,1,13,0.006359577
793076,80,85,1,71,0.012778282,1,71,0.666893005
7213221,121,55,1,88,0.011917114,0,9,0.063377857
773655,78,92,1,44,0.007759333,0,2,0.003960133
5934884,41,41,1,18,0.00235343,1,18,0.014865398
9988898,94,123,1,49,0.009428263,0,28,0.244428873
8092193,53,125,1,43,0.005672216,0,14,0.160517693
7088582,77,44,1,10,0.001363516,1,10,0.003928185
1671452,100,37,0,12,0.001681328,0,14,0.014167309
480748,102,49,0,47,0.006361961,1,44,0.162112713
3831877,52,66,0,7,0.00118494,0,1,0.001471996
2183551,88,116,1,73,0.014992952,1,65,0.333605528
1841739,60,59,1,39,0.005067825,1,39,0.100224018
4744289,107,92,1,33,0.006805182,0,18,0.058187962
847533,53,61,1,49,0.007428169,0,7,0.022577524
4490813,66,110,1,83,0.011051655,0,16,0.23089242
2146876,104,113,0,0,0,0,0,1.19E-06
7381447,68,39,1,4,0.000448465,1,4,0.000555038
2086892,100,128,1,50,0.010747433,1,44,0.114035368
9792843,34,67,1,23,0.002928257,0,5,0.017263889
4118330,98,35,0,0,9.54E-07,0,0,0
1907978,50,40,0,131,0.014101744,1,26,0.03029108
4029855,39,124,1,14,0.001547098,1,14,0.008650541
886860,48,98,0,300,0.038219213,1,47,0.242918253
7970185,93,36,1,27,0.003356218,1,25,0.033113956
9996891,70,105,1,72,0.01270175,0,19,0.06427598
3541100,75,56,1,15,0.001904011,1,15,0.009177446
6107352,114,41,1,11,0.001187086,1,11,0.004734039
3278485,67,55,1,19,0.002494335,1,19,0.007539749
6160768,53,86,1,84,0.012091875,0,17,0.186787367
7767368,53,81,1,46,0.005584002,1,46,0.037846327
6664373,128,85,1,64,0.012546062,0,28,0.191117287
6020362,115,128,1,57,0.010710001,0,1,0.026373148
938729,82,99,1,30,0.006433725,1,14,0.00931716
192801,62,110,1,37,0.005177259,1,37,0.118789196
9216606,71,64,1,18,0.002538681,1,18,0.006191969
718765,90,101,1,206,0.043566465,0,2,0.124768019
2935155,125,80,1,42,0.006525755,0,23,0.106510162
4414661,114,38,1,45,0.004655838,1,43,0.089744568
6860214,120,34,1,83,0.008623838,1,61,0.159174204
9211743,101,96,0,121,0.028342009,0,16,0.361631632
5922862,102,69,1,83,0.014493704,0,12,0.02360177
2278416,124,86,1,80,0.014810324,1,76,0.535666227
458667,95,85,1,112,0.01803422,0,18,0.611418009
6710160,73,50,1,29,0.003187895,1,29,0.035701036
5235023,105,74,1,74,0.010412693,1,65,0.629088402
5278161,36,125,1,48,0.005427122,0,20,0.207244396
7038898,43,83,1,68,0.007025957,1,68,0.271312475
2785721,54,65,1,41,0.005461931,0,8,0.032255173
8316262,118,117,1,84,0.021519899,0,57,0.966828346
1352658,41,78,1,14,0.001750469,1,14,0.00726819
8764340,55,59,1,47,0.006574869,0,14,0.036249638
2747762,47,114,1,40,0.00411129,1,40,0.109065533
5001170,86,124,1,72,0.012671471,1,71,0.370934248
3661284,128,37,1,78,0.008752823,0,23,0.400418282
5134748,40,82,1,60,0.007328749,1,60,0.110899925
6349459,66,32,1,16,0.001635551,1,15,0.008116484
2968567,116,109,0,39,0.011427879,0,24,0.060338736
9283378,101,47,1,45,0.005798101,1,45,0.199161053
8728276,38,72,1,12,0.001370668,1,12,0.004266262
5050732,91,58,1,39,0.004728794,1,39,0.125925303
2437520,111,85,1,30,0.005420446,1,30,0.051089764
6555965,78,92,1,33,0.005067825,0,12,0.026099682
4848633,87,102,1,42,0.007593155,1,40,0.148174047
9483852,105,59,1,78,0.010985374,1,79,0.861068487
4508694,91,35,1,19,0.002305984,0,8,0.004815102
8346006,79,98,1,46,0.010692358,0,17,0.04805541
550040,79,92,1,79,0.013203382,0,27,0.296259642
5450093,128,114,1,55,0.011203051,0,16,0.127379179
4083791,48,33,1,23,0.002652407,1,23,0.026934624
8193026,90,71,0,110,0.018030882,0,70,1.298470497
2224733,116,34,1,37,0.004653692,0,17,0.049572229
3205645,93,101,1,72,0.013427258,0,26,0.224586964
8582938,115,109,1,99,0.017477989,0,36,1.183476925
308958,120,70,1,48,0.007774353,0,11,0.126684666
435281,50,32,1,25,0.003105402,0,9,0.01041913
8534043,70,70,0,31,0.005397797,0,1,0.003726006
2153190,71,77,1,57,0.010070801,0,26,0.040807009
4155393,67,78,1,79,0.011020184,0,58,0.402401209
3250937,60,72,1,6,0.000869989,1,5,0.000808477
3915623,64,94,1,21,0.003029585,1,21,0.010415077
6570620,91,38,1,38,0.004622936,1,36,0.147705555
3498563,74,70,1,28,0.005108595,1,30,0.062294722
3843310,37,45,0,18,0.002319336,0,5,0.004871368
8316025,86,111,0,115,0.020971775,0,45,0.320981026
8591709,62,83,1,37,0.00556016,1,37,0.118741035
8993668,34,116,1,117,0.012234449,0,45,0.434592009
9420275,114,109,0,51,0.009874105,0,14,0.084395409
168307,106,60,1,56,0.007521152,0,16,0.126247883
462870,99,115,1,73,0.015444517,1,58,0.134830236
9602679,42,81,1,28,0.003929138,1,26,0.032574415
8993735,112,58,1,17,0.001936436,1,17,0.00810957
9220948,114,123,1,212,0.057868481,0,16,0.113106251
7894111,92,128,1,142,0.024823427,0,53,0.994813681
9406121,33,118,1,25,0.00284934,1,22,0.018438578
8910611,86,78,0,42,0.006587505,1,58,0.450151205
1230241,41,122,1,124,0.014896154,0,26,1.70939374
4272535,86,101,1,49,0.007054329,0,3,0.039331198
9912249,128,63,1,36,0.004560947,0,4,0.033237457
236090,76,90,1,24,0.003868341,1,24,0.020617247
8808857,62,87,1,4,0.000511169,1,4,0.000459671
8746197,128,47,1,41,0.005288601,1,41,0.183492899
754233,112,85,1,118,0.022218227,1,81,0.969475508
5107310,74,52,1,18,0.002709389,1,18,0.01168704
8704777,90,126,1,57,0.010163307,1,56,0.358222246
4320474,122,107,1,66,0.014347076,0,36,0.50878644
5078363,85,33,1,56,0.005809546,1,56,0.26399374
237205,51,59,1,52,0.008247614,1,50,0.183335781
474388,36,47,1,8,0.000974655,1,8,0.002280951
823294,62,119,1,73,0.010199308,0,35,0.589607954
5773958,72,32,1,29,0.003493071,1,30,0.053820848
5699026,110,88,1,7,0.00110507,1,7,0.00168252
191381,73,43,1,57,0.006189108,0,19,0.088423967
8928088,74,126,1,144,0.024044275,0,2,0.045496225
7397184,74,73,1,16,0.002610683,0,3,0.003023386
6195095,65,45,1,23,0.002544641,1,23,0.039406776
5209225,91,36,1,86,0.00947547,1,58,0.195342064
3944503,91,63,1,78,0.012064457,0,1,0.011325121
9187998,99,112,1,59,0.01420927,0,24,0.217060328
3286635,115,70,0,37,0.005785704,1,44,0.102340937
9228334,85,93,1,44,0.006019354,1,44,0.166647434
1228161,117,48,1,48,0.006607294,1,42,0.206981421
2103159,113,94,1,108,0.016198635,0,29,0.201349974
2523327,81,38,1,34,0.004244328,1,33,0.075438023
3514062,58,109,1,96,0.013777733,0,56,1.940374613
9857187,54,41,1,25,0.002941847,0,4,0.005556822
9277854,91,53,1,47,0.006220579,1,42,0.090706587
6385991,106,55,1,72,0.009223938,0,6,0.019463301
9549289,90,68,1,62,0.010688782,0,7,0.107825518
6767303,48,41,1,19,0.002471924,0,14,0.012190819
944038,125,120,1,34,0.007705688,1,31,0.086451054
2623447,34,67,1,14,0.001631737,1,14,0.007298231
221735,78,94,1,13,0.001754522,1,13,0.006046057
4148748,49,46,1,13,0.001625061,1,13,0.006254911
8582893,57,32,0,18,0.002477407,0,15,0.024714947
7650562,49,92,1,22,0.002900839,1,22,0.015545607
1202690,66,42,1,26,0.003401279,0,9,0.027305841
9503717,73,40,1,38,0.004947662,0,3,0.007090807
5620830,114,48,1,25,0.002844572,1,23,0.031964302
5845693,109,69,1,29,0.00408411,1,29,0.053202391
4656873,117,123,1,43,0.008296967,1,38,0.109911442
4338847,110,126,1,136,0.024488688,0,12,0.728080511
6099817,98,37,1,46,0.004582644,1,41,0.163571358
8692393,98,108,1,102,0.019041061,0,20,0.751059294
1226173,58,119,1,15,0.001905441,0,14,0.009767532
9381807,127,41,1,13,0.001489162,1,13,0.004711866
6947093,121,111,1,112,0.020238161,0,47,0.613635778
3309459,78,54,1,3,0.000371933,1,2,0.00015974
881121,37,104,1,52,0.00564146,0,48,0.368076801
3107321,86,37,1,27,0.003155708,1,27,0.029227257
9441727,119,54,1,278,0.031320333,1,100,0.525579214
6190912,75,84,1,38,0.006654501,0,9,0.062747002
1260062,39,101,1,45,0.004931211,1,43,0.150225163
5024591,62,37,1,33,0.004087448,1,18,0.017005682
7934075,85,107,1,97,0.015361786,0,30,0.33805728
4414881,54,51,1,38,0.004436731,1,33,0.083730459
6649690,120,100,1,44,0.008057117,1,39,0.087122917
3183861,72,53,1,9,0.001135349,1,9,0.002946615
6989700,91,56,1,8,0.001080036,1,8,0.002040148
9164656,55,49,1,27,0.003705025,0,9,0.031603813
4688279,49,81,1,23,0.00319171,1,17,0.013946533
6369565,72,61,1,13,0.001806974,1,13,0.00749898
4753918,86,70,1,20,0.003060102,1,18,0.013531685
9866419,110,121,1,21,0.00379324,1,21,0.030382156
8528849,95,81,1,26,0.004422903,1,25,0.020480394
7105695,32,48,1,20,0.002193451,1,20,0.009861469
4596928,75,55,1,15,0.001873732,1,15,0.007866144
4255673,66,118,1,24,0.003491402,1,24,0.040271521
1736178,123,34,0,28,0.002863407,0,27,0.058063745
2441619,56,83,1,34,0.004865408,1,33,0.098867655
8551026,90,107,1,77,0.014473438,0,50,0.272265196
9254085,98,47,1,26,0.002637625,1,24,0.011744976
9606454,86,104,1,67,0.011707306,1,55,0.099610329
1182169,33,81,1,37,0.004134893,1,34,0.078801632
4313239,101,106,1,55,0.008766651,0,35,0.455702782
19240,76,32,1,59,0.007367373,0,31,0.415263414
1134724,51,67,1,48,0.006657362,1,44,0.225879431
3641135,104,109,1,25,0.003846407,1,24,0.013949394
6914212,48,112,1,22,0.002733469,1,22,0.028456688
4159634,38,68,1,57,0.006308794,1,47,0.126874685
3480591,47,96,1,12,0.001561642,1,12,0.006830692
8101904,46,34,1,15,0.002094984,1,15,0.011258602
3150724,43,59,1,13,0.001561642,1,13,0.006050348
3548264,105,101,1,89,0.015296459,0,23,0.652029991
6056186,98,126,1,5,0.001156807,1,5,0.00078249
3444802,61,33,1,22,0.002555847,0,17,0.016857147
3571260,80,94,1,62,0.010294199,0,18,0.025737286
1274550,73,44,1,42,0.005374432,1,42,0.156355858
2712408,43,95,1,33,0.003987312,1,21,0.023937941
3969582,123,61,1,25,0.003262043,1,25,0.033626318
435336,35,57,1,36,0.004375935,1,34,0.083162785
9887288,42,104,1,43,0.005292892,1,43,0.155321836
8285461,69,79,1,6,0.000865698,1,6,0.000923634
1906669,51,41,1,30,0.00410676,1,26,0.054723501
2810109,38,121,1,35,0.003727913,1,33,0.111906767
3914432,113,81,1,74,0.012936592,1,49,0.101703882
4016667,67,128,1,50,0.008192062,0,40,0.201076746
3895839,53,57,1,31,0.003672361,1,31,0.048466921
5070965,63,103,1,8,0.001300812,1,4,0.000576258
2476717,128,125,1,18,0.004004955,1,18,0.012203455
6418337,94,49,1,215,0.026556492,0,69,0.46217823
1398432,63,127,1,39,0.005514145,1,38,0.089970589
138235,100,71,1,58,0.007753134,1,58,0.325055599
2782024,33,116,1,58,0.006918907,1,54,0.42051506
7169723,75,53,1,47,0.006138802,1,43,0.075237751
711218,54,83,1,31,0.003820419,1,32,0.06270051
6951092,58,56,0,48,0.006835461,0,34,0.307150126
9018228,120,127,1,112,0.028034687,0,47,1.34428215
9257364,37,39,1,30,0.003801823,1,30,0.024102449
1984066,40,96,1,58,0.007200003,1,46,0.190096855
4911894,43,73,1,73,0.009458065,0,36,0.289525032
9006631,95,55,1,24,0.002991438,1,25,0.040756464
5514912,61,115,1,66,0.008716822,0,3,0.027280807
898866,80,114,1,125,0.024900198,0,56,0.520912409
9567005,108,104,1,72,0.017095804,0,16,0.230158567
6841988,89,58,1,22,0.003251076,0,6,0.003185987
4426703,110,32,1,6,0.000626564,1,6,0.001196384
3555937,85,89,1,30,0.006055355,1,30,0.066970587
8456500,57,70,1,33,0.005280972,0,28,0.045555592
5497801,96,109,1,61,0.01085639,0,1,0.01309824
1691606,127,89,1,170,0.029143333,1,69,0.525957823
3727351,112,72,1,56,0.010654926,0,8,0.045409679
6073785,34,107,1,22,0.002170324,1,22,0.013290882
8718540,79,89,1,49,0.007514477,0,16,0.040666342
8708686,128,38,1,54,0.006000996,1,54,0.355433702
2878655,93,93,1,127,0.025531769,0,37,0.478702545
3201841,101,74,1,54,0.008609533,0,10,0.049211979
7816976,123,34,1,6,0.000567913,1,6,0.001135826
9968131,117,128,1,19,0.005477905,1,19,0.011054993
5616701,70,91,1,39,0.005230904,1,39,0.084463835
8296776,60,73,1,46,0.007017374,0,18,0.109591007
7844937,122,34,1,25,0.00233674,1,25,0.019781351
8509154,56,80,1,38,0.004491806,1,38,0.037374258
1999553,85,128,1,10,0.001754761,1,10,0.002674103
8925294,94,54,1,72,0.009467602,0,64,0.775256157
8566989,72,92,1,66,0.012236357,0,42,0.775140762
3626542,83,127,1,50,0.00704217,1,46,0.052464724
9937245,89,75,1,145,0.023549557,0,10,0.07235074
4482070,47,85,1,32,0.004116774,0,25,0.100382328
3490786,100,94,1,39,0.007301092,0,23,0.032152653
7732618,92,45,1,13,0.00161767,1,13,0.007222414
3202595,33,88,1,29,0.002982855,1,27,0.054576397
3766441,64,51,1,20,0.002423048,1,19,0.017271519
8129382,128,48,1,58,0.007352591,1,49,0.199836016
6873620,85,64,1,68,0.0104146,0,20,0.047506809
3323429,111,33,1,34,0.003716707,0,14,0.045248985
9914661,60,91,1,107,0.014551163,0,75,1.311790943
8135051,59,66,1,25,0.003905535,1,24,0.024497747
9409988,69,83,1,44,0.007240534,1,43,0.101195335
4698391,81,57,1,103,0.014742613,0,7,0.031340837
4963133,85,87,1,49,0.008702993,1,28,0.059149742
6923552,41,45,1,18,0.002645493,0,11,0.006210804
3548854,64,83,1,47,0.007539272,0,36,0.187979698
415764,75,108,0,70,0.011867285,0,31,0.374833107
6634534,53,57,1,26,0.003355503,1,24,0.034685373
7580044,40,67,0,33,0.003890514,1,13,0.007052422
2745437,125,108,1,175,0.037187576,1,112,2.226417542
8510483,84,71,1,73,0.009651899,1,42,0.125472069
9567660,63,126,1,14,0.002090693,1,14,0.006473064
1111965,53,69,1,6,0.000931263,1,8,0.001390934
9481658,79,116,1,31,0.00511241,1,30,0.055250168
4111124,42,81,1,39,0.004672766,1,24,0.027863503
6078780,107,41,1,49,0.005713224,1,49,0.06581068
4938851,87,85,1,71,0.01298213,0,9,0.091292858
779164,76,48,0,72,0.009654045,0,1,0.021369696
7716747,71,116,1,36,0.005061626,1,36,0.060810328
3486227,121,47,1,42,0.005458593,1,45,0.266666889
9253775,118,56,1,21,0.003077745,1,20,0.018035889
8616189,68,82,1,22,0.003287554,1,22,0.037060261
1485763,52,81,1,40,0.00476265,1,40,0.068820715
4966241,84,79,1,27,0.004595995,1,27,0.046111345
7386126,98,89,1,69,0.010560274,0,1,0.028153181
8527149,108,119,1,72,0.018391371,1,69,0.606548548
9271096,67,111,1,86,0.011603355,1,78,0.388894796
4208231,107,33,1,50,0.00472784,1,48,0.232792377
4387027,32,123,1,85,0.009676695,1,85,1.479814768
4449147,77,78,1,13,0.002352715,1,13,0.007395983
446612,66,127,1,31,0.004412651,1,31,0.068686485
5853021,125,99,1,39,0.0072999,0,19,0.078796148
112666,95,101,1,36,0.005789995,1,36,0.074455738
1895981,83,126,0,30,0.005382061,1,76,0.60631609
1427818,59,58,1,59,0.008957386,1,45,0.119219303
7329264,65,67,1,21,0.003863335,1,21,0.024760485
4529460,122,81,1,107,0.020321369,0,16,0.160303354
485569,41,99,1,85,0.008942604,1,85,0.25186944
317460,114,128,1,23,0.006083012,0,19,0.029400826
6701008,102,39,1,23,0.002789021,1,23,0.020637989
6210191,88,103,1,51,0.009701252,0,43,0.100590229
3484403,65,55,1,24,0.00328517,0,23,0.021493673
6049055,108,94,1,102,0.016721487,0,4,0.136356115
2186007,87,91,1,42,0.00780201,0,18,0.042403698
5791235,88,51,1,15,0.001755953,1,15,0.007292271
5546725,99,35,1,76,0.007755995,1,76,0.249570847
4486700,94,34,1,15,0.0016222,1,15,0.008763552
5047941,51,120,1,18,0.002035141,1,18,0.006001949
2076597,114,100,1,26,0.005132675,0,14,0.01560998
5219339,108,88,1,53,0.011377335,0,35,0.139612198
2246770,101,128,1,17,0.003640652,1,17,0.015560389
311547,106,117,1,184,0.031662464,0,42,1.519483805
8834739,80,60,1,27,0.004017591,1,29,0.064565182
3131160,124,34,1,14,0.001431942,1,14,0.009192467
9428164,113,70,0,29,0.004410028,0,9,0.034983873
5926749,78,103,0,65,0.012360096,0,38,0.113373518
7044374,74,56,1,33,0.004456758,0,14,0.022594929
9628513,92,41,1,89,0.011367559,1,61,0.487611055
8934422,74,52,1,9,0.001619816,1,9,0.00316143
3968249,107,71,1,92,0.013829947,0,35,0.777759075
1457518,125,123,1,120,0.033993959,0,11,0.37223649
5777421,74,76,0,0,0,0,0,0
6624404,66,37,0,17,0.002449751,1,21,0.014699459
3040587,109,40,1,99,0.012761116,0,4,0.046495676
725819,89,47,1,50,0.006746531,1,37,0.07209754
1917050,68,112,1,44,0.006189108,1,44,0.134160519
1270100,103,74,1,5,0.000752926,1,4,0.000517607
8800272,51,42,1,18,0.002317429,1,18,0.01360631
654291,97,58,1,15,0.00190568,1,12,0.004590511
577679,101,110,1,154,0.03591609,0,8,0.173228264
9836341,42,64,1,37,0.004815817,1,36,0.068767548
2595932,96,83,1,155,0.024737358,0,8,0.077638149
8318525,112,90,1,214,0.039162159,0,8,0.107564926
2563304,62,114,1,140,0.016629219,0,9,0.662137508
7396734,80,121,1,64,0.010335445,0,36,0.685377836
5477161,127,49,1,60,0.007902861,1,60,0.568357944
1896436,125,96,1,8,0.002284288,1,9,0.002885818
8691444,63,67,1,82,0.01300621,0,10,0.154299974
947240,44,67,1,23,0.002926111,1,23,0.025626421
9184008,55,60,1,33,0.004460335,1,31,0.088310957
1755838,42,86,1,10,0.003117323,1,10,0.005049467
3581566,98,97,1,24,0.007214785,1,22,0.017938852
5268517,64,127,1,45,0.006228685,1,53,0.255275249
6487672,54,66,1,29,0.004321337,1,29,0.057559729
6041240,35,86,1,22,0.002517939,1,22,0.020822287
7916146,62,108,1,162,0.022314548,0,10,0.151634455
7717588,77,128,1,6,0.000868082,1,6,0.001096249
9481162,82,48,1,6,0.000812531,1,6,0.001039982
4808004,66,38,1,17,0.001983643,0,4,0.00938797
3567417,72,108,1,15,0.002628803,1,14,0.006124973
9768375,95,118,1,46,0.007431746,1,45,0.16271019
3392323,79,96,1,48,0.007805347,1,48,0.125072002
6617824,66,58,0,53,0.011307001,0,2,0.013060093
7323405,66,37,1,27,0.002940178,1,26,0.029058933
1626819,99,79,1,154,0.02496767,0,46,1.1377213
4646869,96,47,1,71,0.008226871,1,66,0.218853712
6709668,34,116,1,8,0.000915766,1,8,0.002572775
9933951,59,67,1,31,0.00494957,1,29,0.030442715
564408,128,110,1,92,0.01832962,0,17,0.613770008
9625176,79,79,1,67,0.011742353,0,55,0.608979225
1564689,108,36,1,18,0.001847982,0,7,0.008129835
6547941,46,51,1,6,0.000683784,1,5,0.000820875
2413867,126,60,1,52,0.007625103,1,60,0.285379887
6691619,60,71,0,37,0.039299726,1,39,0.114256859
1949243,37,113,1,64,0.007893085,0,44,0.150424242
7782593,104,99,1,101,0.021861315,0,37,0.383353233
9205554,126,48,1,64,0.00849843,1,44,0.123064995
5248774,70,78,1,77,0.012207747,1,55,0.383228064
509638,52,85,0,0,0,0,0,9.54E-07
5390302,114,60,1,103,0.012264729,0,42,1.687479734
6218953,111,112,1,55,0.012453794,1,44,0.161817789
910437,43,36,1,11,0.001420975,1,11,0.004028797
4071501,43,47,1,10,0.001323223,1,10,0.002755165
7270355,124,37,1,50,0.005485058,1,50,0.245576382
8131852,112,95,0,300,0.04521513,0,67,1.243402004
1279571,46,107,1,11,0.00142169,1,11,0.005157232
4596187,102,87,1,49,0.008147478,0,8,0.038109541
7543832,85,124,1,141,0.020204782,1,80,1.149035692
5933983,73,76,1,69,0.011576653,0,25,0.06929493
4710045,39,107,1,26,0.002857447,1,26,0.037774563
1924721,49,77,0,0,9.54E-07,0,0,0
6678758,124,45,1,25,0.002834082,1,24,0.044908047
6762122,73,53,1,41,0.005137205,1,41,0.132326365
5886667,76,95,0,0,0,0,0,0
8820578,59,105,1,38,0.005737543,1,34,0.058055878
1798326,70,94,1,97,0.015669584,0,27,0.281162262
3715152,38,93,1,46,0.005296707,0,10,0.1234231
3825607,122,74,1,85,0.013973951,1,79,0.844170094
6067362,39,43,1,25,0.002987623,1,25,0.026809216
1669110,107,69,1,226,0.029811621,1,99,2.859892607
3552639,57,40,1,16,0.00224328,1,15,0.009597778
6648121,80,57,1,35,0.004353523,1,35,0.087606192
8708762,46,86,1,17,0.00221324,1,17,0.016206264
5388285,85,45,1,22,0.002546787,1,22,0.021605253
2780597,89,85,1,20,0.003196001,1,22,0.031842709
5979043,118,33,1,57,0.006207228,1,57,0.353727818
1394458,77,73,1,40,0.006304741,1,40,0.136097431
1689408,126,121,1,23,0.004970551,1,23,0.023557186
81322,82,60,1,24,0.002942085,1,24,0.02325058
4320954,35,78,1,14,0.0016644,1,14,0.008915186
9693809,96,116,1,78,0.016094208,0,30,0.250043869
6167565,57,38,1,4,0.000514984,1,3,0.000324965
1724258,41,74,1,24,0.00282836,1,24,0.036141396
7552522,83,81,1,31,0.004909992,0,6,0.016910076
3044696,111,96,0,10,0.002241373,0,7,0.021726608
7812672,34,83,1,32,0.003444195,1,32,0.039545536
8272029,57,99,1,22,0.002639771,1,22,0.02005434
9225995,60,101,1,73,0.008839369,1,47,0.063778877
3486867,38,41,1,19,0.00233674,1,18,0.007601023
2076003,125,68,1,59,0.007884979,0,28,0.342769861
435680,77,34,1,7,0.000703573,1,7,0.001648903
888608,102,97,1,12,0.002157688,1,11,0.005675554
2847326,92,116,1,77,0.014565706,1,73,0.550132751
2595059,42,64,1,23,0.003002644,1,22,0.027654171
6815930,57,96,1,10,0.001619101,1,10,0.002284765
6469645,74,86,1,139,0.020918846,0,4,0.059191227
4992341,73,111,1,12,0.001787663,1,12,0.006291389
9983769,43,115,1,14,0.001778126,1,13,0.004601955
2282012,109,115,1,60,0.012366533,1,30,0.031841278
8937013,63,99,1,8,0.001173973,1,8,0.001409769
8223926,37,125,0,7,0.000759125,1,8,0.002266407
8853214,93,77,1,6,0.001115084,1,6,0.000918865
6321792,106,46,1,58,0.007107258,1,58,0.620667458
4740698,37,67,1,31,0.003001451,1,31,0.012878895
8952326,116,43,1,194,0.020969391,1,46,0.151592731
5878811,82,87,1,34,0.006655216,0,20,0.058436871
9898867,89,128,1,41,0.00876689,1,41,0.207217216
4197774,100,87,1,42,0.006785154,0,16,0.018919706
4345062,54,47,1,46,0.006516933,0,5,0.011924267
5369782,46,127,0,300,0.030460358,1,35,0.060272932
8595104,40,123,0,0,0,0,0,0
2830232,34,36,1,11,0.001291513,1,11,0.005183935
4298876,64,111,1,14,0.002101183,1,14,0.00512743
6502421,45,34,1,8,0.000928164,1,8,0.001566648
8700827,88,37,1,46,0.004908323,1,46,0.079929352
746558,45,94,1,27,0.003390789,1,21,0.015983582
2630801,118,114,1,51,0.01298213,0,31,0.20257616
8736246,55,97,0,16,0.002609015,0,15,0.220297575
7247108,50,33,1,8,0.000865936,1,8,0.00198245
192168,79,94,1,86,0.013150215,0,44,0.267656803
8965467,96,60,1,58,0.008194923,0,27,0.129121065
1797741,72,121,1,148,0.028214931,0,93,2.657404423
8965003,84,83,1,22,0.004570007,1,22,0.02800703
2823380,55,126,0,300,0.038288593,0,91,0.940266609
4828033,70,123,1,54,0.009281635,0,31,0.162053823
4611235,75,41,1,43,0.005211353,1,43,0.144423485
1891900,121,72,1,132,0.019446373,0,19,0.070792675
1557734,52,59,1,45,0.006019115,1,31,0.070173025
2852251,72,79,1,29,0.004221439,1,29,0.046107531
6494742,38,74,1,41,0.004603386,0,1,0.007545948
1074923,117,58,1,55,0.006935596,1,55,0.327952623
9443701,117,45,1,55,0.005904198,1,51,0.336519718
6584832,92,122,1,74,0.011304617,0,17,0.378955841
4877963,109,52,1,51,0.007752895,1,55,0.378478289
2435258,98,86,1,65,0.011240244,0,11,0.089560032
5654339,66,33,1,29,0.003354073,1,29,0.045594454
6620275,102,128,1,99,0.019940138,0,13,0.420749903
152232,63,78,1,59,0.007277727,1,59,0.089373112
9756486,63,76,1,33,0.005112648,1,33,0.073300362
7122783,120,40,1,31,0.003488779,1,27,0.032464981
701999,43,42,1,40,0.005227327,0,14,0.024654865
2377560,56,125,1,31,0.004061699,1,31,0.064335108
151554,53,46,0,14,0.001798391,1,18,0.016010523
9129948,88,70,1,71,0.010768414,1,61,0.159651756
6506716,91,121,1,26,0.004886389,1,26,0.02629137
6783119,80,71,1,60,0.008467436,1,56,0.217489481
9180960,50,117,1,29,0.003795624,1,28,0.052306414
2739692,91,85,0,11,0.0019207,1,49,0.100072145
7252240,52,103,1,57,0.007351637,1,56,0.172764301
3955543,53,100,1,54,0.007656097,1,53,0.357391119
7844060,125,104,1,60,0.015236378,0,27,0.169677019
2952182,69,108,1,105,0.015304089,0,5,0.195167303
7879309,65,61,1,82,0.011024237,1,49,0.180597544
3920650,91,46,1,12,0.001318693,1,12,0.003253222
7019664,71,92,1,36,0.004816532,1,28,0.036334515
3755022,84,75,1,35,0.005502462,0,5,0.010542631
82472,81,128,1,66,0.011569977,0,15,0.074692965
2385025,62,71,1,48,0.007126093,1,46,0.173258305
5909863,61,78,1,20,0.002535105,1,20,0.011363745
3886879,117,70,1,56,0.009487867,1,56,0.209159851
293078,92,104,1,17,0.002757311,1,17,0.013278484
3762675,55,61,1,6,0.000759602,1,6,0.000856876
3327595,123,112,1,210,0.040096283,0,5,0.446970224
5056567,87,38,0,299,0.030418396,1,14,0.006957531
828939,61,107,1,66,0.01004982,0,36,0.132270098
2256252,74,57,0,3,0.000564814,0,3,0.004507065
4980319,125,102,1,55,0.009622812,0,12,0.257452011
3615460,86,50,1,59,0.00723505,1,51,0.318313599
7942863,45,126,1,44,0.00466156,0,30,0.152647257
9634013,52,76,1,29,0.004309654,1,25,0.048591852
6033225,87,56,1,13,0.002190828,1,6,0.001044035
2123876,57,42,1,31,0.003691196,1,31,0.043207407
6250206,89,70,1,20,0.002887011,1,20,0.014719248
3706464,51,40,1,12,0.00153923,1,12,0.004683733
7408542,121,46,1,15,0.001851082,1,15,0.011749744
7460218,98,124,1,10,0.001990318,1,10,0.003593445
8592693,66,64,1,18,0.002914906,1,18,0.018936396
1715227,76,88,1,46,0.007162571,1,46,0.054998875
9753898,86,71,1,65,0.009926319,0,23,0.080593348
7000015,45,45,1,34,0.00440073,1,33,0.071427345
1406364,124,105,1,111,0.023896694,0,11,0.128750563
7520288,71,83,1,65,0.008380651,0,26,0.10861063
6221170,69,98,1,36,0.006455898,1,33,0.062008619
1578363,120,61,1,184,0.025928259,0,13,0.963145256
7486411,45,116,1,20,0.002158403,1,20,0.023854017
5751697,68,83,1,132,0.01688838,0,3,0.140481472
9097778,38,92,1,15,0.001821518,1,15,0.009808302
2514356,95,104,1,28,0.005192757,1,28,0.051166773
2497503,75,98,1,30,0.004873514,1,24,0.041180134
5536603,42,55,1,21,0.002913475,1,21,0.01461935
7391145,50,126,1,128,0.015983343,0,32,1.383899927
3253675,104,106,1,31,0.006276846,0,7,0.017365217
81078,53,59,1,29,0.003381252,1,28,0.029551029
3655913,109,124,0,55,0.012377501,1,57,0.163063288
9937218,74,49,1,23,0.002770662,1,23,0.01085639
2591764,85,109,1,108,0.022426605,0,51,0.825565815
1891008,113,109,1,119,0.028089046,0,27,0.465135098
9917221,76,49,1,25,0.003388882,0,11,0.018563032
7523581,52,61,1,26,0.003757238,1,26,0.025635481
6986977,115,51,1,17,0.002712011,1,16,0.010577917
2970027,89,118,1,130,0.028000832,1,86,1.153738737
4019075,120,32,1,84,0.0092237,1,82,0.309846878
2598780,93,98,1,6,0.001065493,1,6,0.000854969
9138496,60,37,1,33,0.003733635,1,31,0.086108446
8610709,99,62,1,33,0.005402803,0,21,0.038170815
8474793,120,65,1,43,0.005590916,1,43,0.250492096
8144159,51,94,1,33,0.003621578,1,33,0.047497749
8424500,105,72,1,45,0.006038904,0,14,0.060078382
3741488,75,88,1,66,0.010965109,1,58,0.190345526
4658573,62,114,1,27,0.004527569,1,23,0.016947031
1458935,59,52,1,23,0.003109694,1,26,0.036404371
11536,122,88,1,7,0.001388073,1,8,0.002141714
3694148,34,35,1,36,0.004594088,1,26,0.019490242
4019666,101,41,1,20,0.002400875,1,21,0.021603107
8105581,71,69,0,0,9.54E-07,0,0,0
6206142,106,107,1,37,0.007474422,0,2,0.001715899
1037742,52,96,1,27,0.003276587,1,25,0.023635626
6824600,79,114,1,269,0.041261435,0,84,0.531471491
403884,53,89,1,115,0.013901711,0,41,0.654102802
3637065,100,111,1,165,0.028996706,0,71,1.019354582
4468960,120,61,1,55,0.007260799,1,54,0.163547516
8316044,42,32,1,2,0.000232935,1,2,0.000160933
4585235,58,43,1,23,0.002813578,1,17,0.011872053
7305429,115,77,1,13,0.001771212,1,13,0.005824804
6985629,113,59,1,40,0.006138563,1,41,0.170936108
7416516,57,109,1,42,0.006027222,1,40,0.098448277
1901532,121,96,1,51,0.011111259,1,51,0.167094946
8989584,87,32,1,48,0.005058527,0,7,0.028841496
3968271,89,97,1,125,0.022413969,0,32,0.669313908
4844690,101,86,1,85,0.014081717,1,85,1.091603279
8475026,64,96,1,94,0.015856981,0,10,0.067918539
401096,53,57,1,23,0.003172159,0,15,0.021731615
6774639,35,78,1,15,0.001653433,1,14,0.010342598
870408,117,67,1,86,0.011511326,1,82,1.566621304
6113526,116,100,1,119,0.02440834,1,43,0.102500677
7892959,69,85,1,42,0.006048203,1,42,0.047870874
8450678,51,79,0,64,0.012761593,0,4,0.031905174
3729470,116,52,1,83,0.0119133,1,84,1.69887352
6488297,62,64,1,30,0.004308939,0,11,0.012349129
4426524,107,62,1,64,0.009333849,1,63,0.170579672
7968431,45,64,1,12,0.001556158,1,12,0.006260872
4939742,61,48,1,4,0.000447989,1,4,0.000463963
3494612,104,109,1,15,0.003676653,1,15,0.007952213
3323137,103,106,1,132,0.027801752,0,36,0.30263257
4616305,89,93,1,38,0.005383492,1,37,0.043463707
9932172,62,108,1,61,0.008658409,0,13,0.17404604
4238972,113,34,1,95,0.009218693,1,77,0.452762127
570726,123,107,1,120,0.028987408,0,3,0.067462206
9286643,70,81,1,24,0.003993034,1,23,0.02139926
3307957,103,61,1,97,0.013890982,0,10,0.027471066
955913,71,45,1,62,0.007894993,1,48,0.101576328
4007746,57,90,1,24,0.003201962,1,20,0.016027927
2837099,119,53,1,59,0.007156849,0,31,0.586283445
6435914,105,76,1,38,0.005333185,1,38,0.071172476
640718,125,97,1,41,0.008421659,0,14,0.037275076
5418227,106,90,1,127,0.02400732,1,54,0.309012175
6677646,103,93,1,34,0.005698919,0,11,0.026211023
1856018,78,106,1,28,0.004640818,0,14,0.02093339
1850107,54,90,1,85,0.010185242,1,69,0.888896704
7226993,32,113,1,22,0.002260685,1,22,0.029598713
1685437,57,82,1,206,0.024412155,0,36,0.39398098
7580132,86,83,1,35,0.006132603,0,9,0.007110119
966889,107,72,1,36,0.005642891,0,4,0.012467146
4519257,66,108,1,58,0.008588791,1,58,0.290444374
9558356,34,73,1,42,0.004769325,1,41,0.089494705
6758074,32,124,1,106,0.012027979,1,105,1.793832779
8854370,124,79,1,53,0.009927988,0,39,0.146716833
5630912,126,66,1,81,0.010979414,1,81,0.394236088
884512,119,52,1,112,0.015156269,1,80,1.420423508
1561475,66,92,1,18,0.002985477,1,18,0.013185024
9642471,52,94,1,26,0.003328323,1,26,0.01616168
4109359,98,83,1,42,0.008021832,1,40,0.116912603
5617827,94,100,0,0,0,0,0,0
8634926,33,84,1,30,0.003144741,1,30,0.081870317
8055480,36,121,1,31,0.004042625,1,31,0.097394705
8176744,76,84,1,103,0.019912004,0,28,0.43006134
6172702,32,111,0,70,0.008358717,0,53,0.286040783
3475825,62,69,1,48,0.006200314,1,44,0.144392729
2665517,119,109,1,158,0.033154726,0,43,0.75599122
9036122,66,39,1,14,0.001531124,1,14,0.009527445
6897420,83,34,0,25,0.002978086,0,2,0.003525257
8180050,35,61,1,40,0.004563332,0,20,0.05163765
6448729,64,66,1,8,0.001182795,1,8,0.001352549
5887553,88,51,1,19,0.002235651,1,18,0.012507915
361099,119,94,1,66,0.012689829,0,26,0.726336002
4992460,86,71,1,28,0.004299641,1,28,0.069651365
4419746,69,124,0,23,0.004410267,0,15,0.02163744
9799531,125,91,1,99,0.018279552,1,81,1.377239466
4363825,75,69,1,35,0.006616116,0,3,0.014953136
4394385,58,75,1,23,0.003087044,1,23,0.009777784
5695120,44,64,1,28,0.003339052,1,28,0.059235811
8648954,33,72,1,33,0.003452778,0,32,0.09739852
4243986,34,108,1,13,0.001704931,0,9,0.007338047
1490051,63,82,1,61,0.009413004,0,38,0.311236858
5328105,60,96,1,56,0.00705719,1,55,0.289669037
799196,128,93,1,21,0.003343344,1,21,0.015437365
6901100,68,84,1,29,0.004654884,1,23,0.018324614
3187479,124,122,1,36,0.009480476,0,6,0.032251596
2272582,91,58,1,71,0.009108543,1,52,0.19810915
7364812,115,101,1,25,0.004120827,1,25,0.026994467
5800193,121,121,1,59,0.011308432,1,59,0.346222162
2111341,39,36,1,16,0.002206087,1,16,0.0103755
5407855,37,101,1,71,0.006959677,1,71,0.154893637
7257937,114,118,1,122,0.030761003,0,44,0.71997714
113452,107,80,1,34,0.005235672,1,34,0.100937843
7396259,90,116,1,107,0.018887997,0,9,0.068726063
1572199,44,53,0,33,0.004765511,1,21,0.018121719
7913379,107,112,1,143,0.031913996,0,3,0.148431301
2756333,43,39,1,8,0.000996351,1,8,0.002156973
7646142,91,107,1,95,0.017154217,1,54,0.312367916
6680654,70,118,1,37,0.005884409,0,4,0.047017813
9807887,108,33,1,71,0.007488966,1,69,0.985164165
2730784,51,42,1,37,0.005116224,0,11,0.027260303
7023545,86,33,1,49,0.006225348,1,43,0.072194099
6206675,86,84,1,72,0.010800362,1,46,0.164747953
7908760,52,96,1,30,0.004037619,1,28,0.070363045
2517998,75,36,1,48,0.005350828,0,21,0.057678938
1868871,40,52,1,34,0.004119635,0,14,0.027718544
829725,39,38,1,21,0.002455235,1,19,0.013207436
314437,108,45,1,10,0.001113892,1,10,0.003039837
7648829,33,40,1,19,0.002039433,1,18,0.017847061
2888764,116,65,1,55,0.006226301,1,55,0.149421215
5535429,43,87,1,18,0.002251863,1,18,0.012172461
2292168,96,59,1,23,0.002988577,1,23,0.027406454
6400394,35,116,1,19,0.002052307,1,18,0.017343998
5509204,81,35,1,10,0.001241922,1,10,0.003081322
3928771,44,116,1,98,0.01281333,1,73,1.028348446
9030221,112,101,1,95,0.016558886,0,6,0.069209814
4725617,61,59,1,99,0.012606382,0,20,0.252900124
6856806,76,60,1,65,0.009725332,1,63,0.432904482
3270618,81,121,1,21,0.002873898,1,20,0.01578784
2947717,122,46,1,5,0.000679255,1,5,0.000800848
8834383,52,87,1,19,0.002549887,0,14,0.006019354
347778,110,59,1,39,0.004674435,1,39,0.092877865
8701687,77,93,1,14,0.002113342,1,14,0.006592512
1709924,123,117,0,34,0.009083271,0,6,0.017926931
4707882,106,114,1,128,0.028982878,0,43,0.214684963
1854862,119,128,0,2,0.00083065,0,1,0.020469904
3774002,47,107,1,35,0.004359007,1,35,0.08124876
5012038,78,65,1,74,0.008263826,0,2,0.024297237
2551299,62,34,1,23,0.002447844,1,23,0.017348766
3354456,111,45,0,40,0.005000591,0,36,0.052379131
3713454,60,36,1,25,0.002650499,1,23,0.019357443
754178,80,103,0,53,0.00986433,0,28,0.285581112
8930875,47,40,1,27,0.002909422,1,1,6.29E-05
7709420,63,123,1,9,0.001113892,1,9,0.002258778
7685024,89,127,1,43,0.007179499,0,23,0.1102283
2042405,122,33,1,37,0.004077196,0,15,0.081161737
7760616,107,63,1,35,0.004652262,1,36,0.052960157
2427098,54,98,1,37,0.005758047,1,16,0.011333227
8346517,119,111,1,42,0.006928444,0,17,0.103234291
1092982,124,73,1,87,0.012354851,1,85,0.71688199
3218117,76,101,1,24,0.004607201,1,24,0.033985376
8553746,111,124,1,55,0.008695126,1,50,0.194838285
5602690,124,111,1,63,0.016543865,0,14,0.133280039
1763524,37,116,1,42,0.004781008,1,40,0.094898939
277297,112,72,1,31,0.00455904,0,20,0.087388039
7457231,91,46,1,30,0.003543377,1,33,0.078728437
7274693,46,117,1,59,0.006894588,1,59,0.180574656
826968,56,32,1,14,0.001997948,1,10,0.003748894
7063706,106,89,1,98,0.018069506,0,10,0.193300009
4899271,49,61,1,20,0.002349138,1,20,0.011574745
8955993,45,115,1,33,0.00438118,1,25,0.029155731
3896577,101,108,1,132,0.029171228,0,28,0.390420675
3977425,111,85,1,79,0.015851736,0,33,0.483581781
2285821,128,53,1,86,0.012117863,1,61,0.183809757
1190026,58,67,1,43,0.005777597,1,12,0.006594181
4904449,78,112,1,40,0.005386829,1,40,0.140797138
6103739,49,83,1,63,0.008287907,1,60,0.538143873
8819011,40,49,1,15,0.001776457,1,15,0.00667429
7495242,56,90,1,53,0.007711411,1,43,0.158305168
8980974,87,43,1,20,0.002471685,1,20,0.007525921
4703148,88,45,0,12,0.001980305,0,1,0.000793934
7480210,61,58,1,9,0.001109123,1,9,0.00301075
6805962,78,69,1,16,0.002505302,1,16,0.011307001
6223076,101,61,1,22,0.00323391,1,15,0.008866787
7850244,40,115,1,56,0.00724864,1,56,0.422460079
3493756,66,75,1,16,0.002639532,1,16,0.0114398
2503002,78,122,1,55,0.009249687,1,54,0.414186954
5826978,82,127,1,47,0.008553505,0,13,0.15324235
2630357,123,61,1,45,0.006803036,1,45,0.188737154
5400787,64,93,0,58,0.008229256,1,45,0.071342945
1203116,98,96,1,48,0.010915279,0,35,0.195112228
7205276,108,67,1,15,0.00196147,1,15,0.009257078
4239880,82,95,1,43,0.007796049,0,1,0.007693768
4872163,118,109,0,52,0.012703896,1,61,0.243583679
7110325,75,111,1,11,0.002165318,1,11,0.004053354
4982332,74,76,1,4,0.000760078,1,4,0.000560999
8237806,113,45,1,19,0.002191305,1,19,0.011651754
6150393,118,93,1,84,0.014331341,0,27,0.421854496
4350218,118,109,1,85,0.015974998,0,64,1.857691288
7972508,66,67,1,22,0.003540516,1,21,0.029946804
1714644,45,80,1,31,0.004048109,1,31,0.048250198
5389090,126,35,1,5,0.000590086,1,5,0.000971556
6490784,84,88,1,55,0.009020567,1,55,0.441418171
9863807,50,52,1,37,0.004262447,1,28,0.03106904
7746544,111,93,1,50,0.009358883,1,53,0.165351868
7084775,85,69,1,44,0.00685811,1,45,0.117481947
3951097,62,95,1,18,0.002298594,1,17,0.015788555
9071896,100,37,1,7,0.000741482,1,7,0.001574755
8695962,74,76,1,117,0.018912792,0,1,0.028098822
5594338,41,74,1,19,0.001987457,1,19,0.018997192
2595156,64,66,1,33,0.005553961,0,6,0.036825418
1947316,105,87,1,23,0.004825115,1,23,0.016890526
5222541,56,74,1,20,0.002548933,1,20,0.022456884
6288039,48,110,1,109,0.013528824,1,74,0.272238731
5883175,92,102,1,17,0.003476143,1,17,0.01391077
7924331,94,100,1,63,0.009152174,0,7,0.092584372
7437633,78,96,0,76,0.014369965,1,57,0.2433393
7842101,50,52,1,30,0.004551888,0,5,0.01948452
8048594,71,42,1,28,0.003507614,1,28,0.016681671
1954896,101,109,1,76,0.013981581,0,12,0.190555811
7042812,75,101,1,49,0.006892681,1,45,0.093198299
5096183,68,52,1,36,0.00443697,0,24,0.041655064
8793282,88,37,1,66,0.007541656,0,50,0.157983303
6308094,36,97,1,12,0.001464128,1,13,0.007144928
7127283,73,73,1,218,0.037381649,0,1,0.01693821
9153079,64,68,1,47,0.007521629,1,29,0.061598301
9200889,90,44,1,40,0.004071712,1,40,0.020740032
910360,69,37,1,74,0.00782299,1,64,0.3860116
464185,55,38,1,57,0.007279158,0,19,0.09398675
9364906,56,128,1,33,0.004331112,1,33,0.070884228
619239,42,45,1,26,0.002976418,0,14,0.022739172
1884296,124,118,1,51,0.012246609,1,43,0.05452323
5463846,109,114,0,17,0.003426552,0,3,0.010791063
3190984,38,109,1,34,0.003617048,1,33,0.053209066
7386790,87,39,1,13,0.001404762,1,13,0.004438162
9158858,42,88,1,18,0.002091408,1,19,0.014635801
2688745,122,96,1,103,0.020167589,1,58,0.464158773
8614068,65,81,1,42,0.006817818,0,9,0.080849171
1345033,96,96,1,66,0.012860775,0,15,0.183671474
6821216,77,109,1,90,0.015519619,0,53,0.388958693
9861238,39,74,0,50,0.005960703,1,47,0.158256054
5666032,44,46,1,39,0.005050659,0,18,0.052222967
6968815,85,104,1,61,0.012227297,0,47,0.299765348
5726297,74,64,1,38,0.006057739,0,7,0.01887989
1571341,101,77,1,73,0.012262821,1,59,0.416619778
3869463,36,64,0,88,0.011490345,0,21,0.422266483
7477334,124,83,1,33,0.006771803,1,29,0.026405334
7797105,39,51,1,15,0.001747847,1,15,0.008969307
6703768,107,97,1,40,0.007121563,1,40,0.09579277
5721989,77,95,1,115,0.017603159,0,35,0.274521351
8279187,95,67,1,54,0.009551048,0,19,0.080644608
543178,85,56,1,70,0.009428501,0,17,0.309665918
4291210,63,108,0,45,0.006353378,1,58,0.377953291
5307418,95,116,1,69,0.011465549,0,62,0.251475334
2905095,108,78,1,59,0.010484219,0,3,0.020709991
8829359,100,111,1,69,0.016803026,0,60,0.635641575
5037170,104,122,1,46,0.00850153,1,44,0.204508543
6146060,111,57,1,50,0.006703615,1,48,0.14923954
7998235,105,95,1,16,0.002548456,1,16,0.010848045
1427940,41,76,1,32,0.003891945,1,32,0.08420682
4746352,85,53,1,42,0.004845142,1,39,0.089604855
1117762,80,35,1,30,0.003021717,1,30,0.057029247
6375347,96,83,1,90,0.015202522,0,60,0.922563076
4024768,81,33,1,6,0.000563622,1,6,0.001202345
7976679,38,34,1,4,0.000550985,1,4,0.000614882
6293354,54,108,1,7,0.00090909,1,7,0.001769304
4585899,37,66,1,17,0.001857519,1,18,0.01035738
8785369,45,104,1,89,0.011050701,0,5,0.309932709
490416,122,67,1,99,0.014193773,0,40,1.352168083
8070804,105,113,1,71,0.014616728,0,44,0.851745844
8719921,114,125,1,81,0.021425009,1,50,0.192173481
4497781,63,73,1,53,0.008116007,0,4,0.021819592
2091107,103,39,1,25,0.002554417,1,25,0.021739244
6597021,91,64,1,56,0.006472588,0,15,0.310474396
2548957,51,115,1,33,0.004203081,1,30,0.076832294
9336120,63,123,1,105,0.015097857,1,89,0.562820435
7673141,104,34,1,91,0.009289265,1,91,0.433394909
912777,127,65,1,96,0.014853477,0,37,0.378055811
83809,95,91,1,51,0.007765055,1,47,0.206563473
3241172,90,48,1,3,0.00043416,1,3,0.000280857
3448097,94,93,1,35,0.006799698,0,2,0.006990194
7434265,58,110,1,20,0.002785444,1,20,0.010118008
836018,36,55,1,16,0.00219965,0,11,0.008850813
8551157,110,40,1,7,0.000826836,1,7,0.001379967
7004618,40,70,1,10,0.001159668,1,10,0.003911018
7927758,83,79,1,35,0.005942583,0,8,0.010613918
2344881,79,127,1,37,0.006293058,0,12,0.011698484
9015125,84,87,1,175,0.038606644,0,27,0.517536163
2087203,84,71,1,32,0.003896236,1,34,0.10290122
6451645,50,34,1,15,0.001853704,1,15,0.009990454
1755484,57,98,1,28,0.004037857,1,28,0.014227867
3375395,44,118,1,29,0.003171921,1,29,0.070734024
1751532,126,50,1,163,0.020827293,1,99,0.868997812
4469950,109,114,1,128,0.02640748,0,3,0.190544844
8441217,85,32,1,25,0.002822161,0,5,0.005829573
7553925,93,101,1,81,0.017545223,0,14,0.071226597
8896177,111,101,1,23,0.004334211,1,24,0.031865835
9829052,58,104,1,44,0.006085873,1,44,0.168267965
3159298,104,70,1,29,0.004366159,1,26,0.031676292
6985625,108,106,1,37,0.006564617,1,37,0.147350788
9309185,96,94,1,40,0.008939743,0,20,0.115690231
4426061,124,35,1,33,0.003239155,1,33,0.052275419
825582,74,60,1,17,0.002512455,1,17,0.014858484
9545363,103,77,1,198,0.026766062,0,67,1.054531574
4316377,41,35,1,8,0.000853539,1,8,0.002074242
2569045,95,60,1,52,0.00649333,1,50,0.30222559
3665430,67,112,1,25,0.00348115,1,25,0.020944118
2889142,56,101,1,51,0.008028269,1,51,0.145859003
6970350,61,33,1,24,0.002821684,1,24,0.039981604
4015912,91,87,1,27,0.00433588,0,16,0.027071953
1462169,40,37,1,20,0.002161503,0,1,0.003513813
8769746,33,91,0,19,0.002122879,0,3,0.005401373
3785430,79,88,1,36,0.004999161,0,1,0.003026009
996592,104,120,1,165,0.029658318,0,7,0.151670456
3415360,114,57,1,39,0.004878521,0,20,0.10621047
544082,113,36,1,11,0.001247406,1,11,0.004333258
7337063,68,87,1,16,0.002128839,1,16,0.008694649
8407974,121,51,1,55,0.006286144,1,59,0.152962685
713356,72,120,1,23,0.004115582,0,10,0.028956413
2290945,90,92,1,13,0.002541542,1,13,0.003391027
6258867,127,115,1,48,0.010684252,1,49,0.078977585
3192700,46,108,1,84,0.009438992,0,4,0.068333626
5249307,57,116,1,21,0.003033161,0,14,0.011415482
7840698,99,114,1,107,0.019260645,0,60,1.294183254
3108995,98,64,1,84,0.010697842,1,65,0.284352779
6619011,123,89,0,76,0.014016151,0,27,0.607909441
5834793,105,38,1,41,0.004724741,1,40,0.060697556
3289444,41,56,1,5,0.000596762,1,5,0.000774622
4004822,41,56,1,15,0.002112627,1,15,0.010929585
3728135,57,126,1,45,0.007641554,0,14,0.081873178
8331265,112,71,1,20,0.005054235,1,20,0.020874023
1779852,95,51,1,28,0.005913734,1,20,0.029825449
7485664,125,74,1,38,0.005357981,0,21,0.148976088
2685513,36,103,1,57,0.006877422,0,40,0.193164349
2473089,69,99,1,14,0.002248526,1,14,0.008664608
2525582,79,36,1,6,0.000610352,1,6,0.001107216
2942654,81,78,0,0,9.54E-07,0,0,0
8909484,52,49,0,48,0.010722399,1,50,0.230694294
7677072,44,85,1,57,0.007354259,1,55,0.458325148
2760465,120,70,1,58,0.010248661,0,31,0.149390459
935702,77,34,1,10,0.000963926,1,10,0.003034353
3233956,43,91,1,38,0.005336046,1,38,0.103537083
1228923,82,116,1,158,0.028726578,0,106,2.115163326
457266,90,92,1,66,0.012535572,1,57,0.276404381
5750397,39,66,1,28,0.003508329,1,29,0.073530674
9926681,85,41,1,35,0.004212618,1,35,0.033926249
6614545,78,105,0,40,0.008313179,0,1,0.016168356
1170785,49,126,1,67,0.008736849,1,65,0.560012341
7078455,52,85,1,77,0.010899067,0,16,0.09267354
7603629,108,66,1,126,0.019340038,0,32,0.40834856
5313133,76,50,1,32,0.004242182,0,12,0.01692605
931710,104,73,1,18,0.003277302,1,13,0.006841421
9042768,78,60,1,8,0.001126051,1,6,0.000921726
2169899,40,99,1,59,0.007569075,1,55,0.501762867
6132596,58,45,0,12,0.001652241,0,4,0.002943993
3421880,115,82,1,33,0.006107569,1,12,0.006488562
9716239,126,84,1,203,0.038734198,1,84,1.589936256
9479696,68,110,0,41,0.006319523,0,29,0.149221182
2688273,74,60,0,14,0.039097548,1,19,0.01641345
8758713,59,112,1,7,0.000768423,1,7,0.001189947
5111682,67,115,1,49,0.006678581,1,49,0.067848682
6461411,80,95,1,101,0.021373034,0,20,1.05814147
7606178,68,100,1,21,0.003885031,1,17,0.0142591
7566273,127,77,1,39,0.005069733,1,33,0.069306135
9124116,42,70,1,17,0.002123594,1,17,0.015746355
1457904,107,78,0,34,0.006794691,0,34,0.116421938
8561580,34,117,1,50,0.004859924,1,50,0.152910471
3594115,64,33,1,12,0.00159812,1,12,0.004605293
7777238,114,73,1,31,0.005076647,1,27,0.030517578
4615181,47,32,1,35,0.003638744,1,27,0.052908182
5428627,125,111,1,87,0.0212152,1,47,0.226139784
2553118,40,107,1,45,0.00681448,1,45,0.182476044
5782399,55,83,1,31,0.004747629,1,34,0.056811094
1313036,54,86,1,10,0.001924753,1,9,0.002614737
9238729,74,106,1,49,0.008728981,1,48,0.128593206
2053758,89,35,1,25,0.003097296,1,25,0.02017045
102529,32,120,1,20,0.002598286,1,20,0.02246356
2028679,70,39,1,20,0.002997398,1,18,0.011570692
7427488,43,50,1,17,0.002823591,1,11,0.003337622
4256605,68,74,1,94,0.015027046,0,28,0.137326241
6027064,47,126,1,19,0.002174854,1,19,0.018714666
8146102,120,58,1,92,0.013798952,1,28,0.061195374
4307018,119,114,1,65,0.015617847,1,63,0.717346191
1889937,119,122,1,128,0.033587217,0,10,0.163255692
304939,73,58,1,42,0.006693602,1,39,0.136129618
4583316,83,72,1,35,0.004980326,1,34,0.102966785
9237857,101,34,1,3,0.000374794,1,3,0.00031209
2984072,83,57,1,38,0.005202055,0,11,0.028197289
2815463,119,84,1,28,0.005454302,1,28,0.024864435
1545704,38,93,1,33,0.003825665,1,33,0.030106783
3931360,80,126,1,78,0.010022402,0,29,0.498911142
3526734,75,40,1,16,0.002079725,1,16,0.005433559
2229243,127,126,1,109,0.034279823,0,1,0.013725042
4893982,101,50,1,79,0.009843826,1,79,1.544950247
9740376,33,108,1,27,0.003724337,0,8,0.022289753
1837570,42,41,1,10,0.001294851,0,9,0.004683733
800955,101,72,1,49,0.01027751,0,3,0.001889229
6978923,44,59,1,30,0.004941702,0,12,0.060577154
8844408,116,51,1,29,0.003283739,1,29,0.076536655
7616247,79,115,1,40,0.005508661,1,39,0.049430847
7760054,86,53,1,70,0.010926247,1,70,0.544022083
5647009,40,61,1,76,0.009268522,1,40,0.176844358
9805834,92,115,1,47,0.009680271,1,47,0.198631525
955849,55,75,1,39,0.004986763,1,38,0.038383961
9000,70,67,1,74,0.010599375,0,6,0.012594461
3116964,48,76,1,34,0.004810095,1,34,0.072187662
8096575,56,125,1,10,0.001619577,1,10,0.004303694
1678847,64,69,1,20,0.002680779,1,20,0.024694443
3634751,60,33,1,9,0.000968933,1,8,0.001786947
3154872,55,114,1,55,0.006912708,0,18,0.060018301
8615507,78,51,1,66,0.009017229,1,3,0.000287294
9871373,64,52,0,0,1.19E-06,0,0,0
6947596,124,33,1,85,0.008983135,0,21,0.691182613
6966771,44,54,1,49,0.007710218,0,4,0.020169497
7891720,112,45,1,43,0.006291866,1,35,0.098436356
2661062,93,111,1,41,0.010262251,1,38,0.088444471
7972634,112,106,1,149,0.036356926,0,31,0.358301163
6763618,36,54,1,54,0.008077621,1,48,0.162015438
401103,64,55,1,30,0.004840136,1,30,0.073523045
2438674,109,92,1,77,0.02012372,1,58,0.272096395
4442880,111,65,1,77,0.013284445,0,32,0.393987894
2009043,63,112,1,16,0.003013611,1,16,0.011617661
7563427,53,60,1,39,0.007242918,1,31,0.079429865
5016560,68,83,1,129,0.025063753,1,63,0.60272789
7612538,54,115,1,49,0.008138895,1,49,0.308409214
2303819,62,108,1,111,0.017831326,0,25,0.198446751
4428817,69,97,1,39,0.006321192,1,37,0.032819271
908695,75,65,1,29,0.003857374,1,29,0.032709122
5488592,65,42,1,56,0.007688522,1,51,0.356894493
800927,112,79,1,16,0.002994299,1,16,0.012118101
4392260,73,33,1,41,0.006398439,0,19,0.101269007
7864289,66,73,1,72,0.01316762,0,30,0.271059036
5438227,36,117,1,48,0.007791996,1,48,0.31165576
1670633,117,60,1,13,0.001954794,1,13,0.004346132
8885860,53,67,1,26,0.004920006,1,26,0.027204752
9432228,108,115,0,300,0.069605112,0,7,0.232191086
13000,103,92,1,51,0.009431124,1,35,0.073796988
6610077,127,94,1,59,0.01237464,0,10,0.015333891
1580243,123,124,1,215,0.069188118,0,57,2.430616856
7658142,71,104,1,27,0.004445076,1,27,0.059527636
9046505,50,124,1,27,0.004471064,1,27,0.04921484
5331906,72,103,1,50,0.010591507,0,34,0.232734203
8157605,105,57,1,1,0.000172138,1,1,6.29E-05
3630282,69,78,1,61,0.008770704,0,26,0.236594677
8980289,118,38,1,53,0.005390882,0,19,0.279850483
7453592,112,75,1,16,0.002714396,1,16,0.014895678
5861332,74,54,1,18,0.002407074,1,14,0.006799459
4644001,60,128,0,195,0.023866892,0,9,0.688982964
3185164,55,87,1,25,0.004099607,1,25,0.02451849
2496893,108,45,1,38,0.005066633,1,31,0.059838295
1283801,72,120,1,101,0.019719362,0,70,1.66610384
1767590,66,91,1,43,0.006807566,0,32,0.050196886
183535,128,114,1,104,0.027512074,0,71,2.293790102
1160695,110,80,1,86,0.015818119,0,18,0.56511426
8969130,54,107,1,56,0.008196592,0,30,0.279018402
9547161,66,57,1,22,0.003491879,0,5,0.00483489
1005340,77,97,1,30,0.00690794,1,28,0.067819357
3145644,52,104,1,61,0.00796771,0,13,0.298540354
1918484,115,87,1,125,0.018698215,0,2,0.016825199
4773458,44,83,1,30,0.003848314,1,28,0.015651226
8819723,95,58,1,40,0.005867958,0,21,0.048806667
9821954,108,62,1,72,0.013959169,1,72,0.767731667
2744457,123,61,1,21,0.003178358,1,20,0.013970852
6192283,51,110,1,61,0.01015234,1,61,0.586422682
8247296,74,107,1,61,0.01137042,1,59,0.481178999
3189480,48,60,1,5,0.000689983,1,4,0.000566006
8861906,89,105,1,75,0.012756824,0,11,0.065060139
7701269,51,128,1,79,0.011107206,0,4,0.030609846
775628,115,107,0,36,0.007123947,0,10,0.051608086
1530883,58,80,1,13,0.002261639,1,13,0.008347988
1445421,60,45,1,36,0.003941774,1,30,0.0546
4533114,115,93,1,4,0.000668764,1,4,0.000528097
6993531,94,34,1,30,0.003366232,1,30,0.022757292
5325535,95,88,1,76,0.0132792,0,18,0.163705587
6962136,85,103,1,61,0.01067996,0,35,0.12921381
5965913,43,56,1,12,0.001461983,1,12,0.005288839
9431952,59,32,1,17,0.001871586,1,17,0.010131598
8166740,55,94,1,27,0.003783226,1,26,0.04478693
3135854,117,94,1,139,0.034868717,0,43,0.529559851
1680422,94,97,1,24,0.005183697,1,24,0.021113396
9829733,92,101,1,128,0.029469252,0,42,0.834752321
5033100,39,42,0,9,0.001338482,0,9,0.007550478
1888507,101,67,1,24,0.003978968,1,24,0.028294802
7787216,110,86,1,24,0.004496336,1,22,0.032708168
3614300,109,54,1,41,0.005742788,1,41,0.069860697
3676522,85,105,1,68,0.011392593,0,45,0.172941923
2391861,112,107,1,81,0.017248869,0,27,0.159101725
2619822,38,84,1,46,0.005045414,0,32,0.065471411
2003210,68,48,1,38,0.005406141,0,23,0.042342186
449397,74,48,1,56,0.007933378,1,56,0.10778451
9418459,33,115,1,48,0.005335331,0,15,0.104393482
9446077,111,102,0,75,0.015864134,0,13,0.309336662
3423063,36,70,1,8,0.000796795,1,8,0.001976967
5709761,93,44,1,27,0.003082514,1,29,0.034888029
7320216,119,126,1,120,0.030061007,0,66,0.47262001
4675836,104,95,1,53,0.010823965,1,43,0.109291792
192630,58,45,1,54,0.006005287,1,46,0.245184422
1197340,123,91,1,92,0.017068863,0,20,0.22488451
3207580,72,121,1,51,0.006735086,1,50,0.346853018
9388943,86,93,1,77,0.014776468,0,4,0.069676161
8249047,39,72,1,16,0.001942396,1,16,0.005038261
5236527,121,96,1,226,0.040264606,0,4,0.238230705
9751817,77,120,1,83,0.013495922,0,39,0.286192656
5109608,111,51,1,35,0.003808022,0,16,0.062333107
1132024,59,64,1,4,0.000536442,1,4,0.000601768
9086542,32,120,1,7,0.000825882,1,7,0.001153708
2645340,116,86,1,84,0.013813019,0,19,0.164497375
9999385,66,115,1,7,0.001102924,1,7,0.001586914
1580561,56,85,1,98,0.015338898,0,25,0.069624662
5378769,66,111,1,113,0.017001152,1,41,0.12691927
4786753,81,97,1,90,0.013476133,0,40,0.163957357
7592079,98,88,1,54,0.010383368,1,52,0.347944498
2681767,107,99,1,118,0.025916815,0,17,0.760577917
848029,51,48,1,6,0.000761747,1,6,0.001077414
5194548,53,66,1,23,0.00321126,1,23,0.022983551
1281242,100,121,1,60,0.014131784,0,5,0.012506723
540232,35,124,1,45,0.004490376,1,44,0.160402298
3834644,60,65,1,24,0.003163576,1,19,0.019332409
2342158,104,52,1,39,0.004134178,1,39,0.09706068
279497,56,75,1,43,0.034476757,0,19,0.075334072
3134828,47,42,1,31,0.003468513,1,27,0.04385519
1294882,53,117,1,8,0.001131773,1,8,0.002112389
5674600,35,67,1,22,0.002241373,1,22,0.032130718
5257464,45,59,1,4,0.000594616,1,3,0.000258684
6366427,82,61,1,38,0.005642891,0,14,0.068927288
5912911,79,69,1,193,0.031797171,0,19,0.148712635
4643966,44,102,1,13,0.001700163,0,4,0.002286673
6223992,122,126,0,145,0.039801598,0,48,0.596306801
4119966,108,98,1,8,0.001715183,1,7,0.001664877
3177763,45,104,1,27,0.002832174,1,27,0.066359758
5400040,103,75,1,64,0.012205124,0,8,0.078585386
3828717,57,94,1,70,0.008360386,0,10,0.077368498
8684811,51,53,1,55,0.006907463,0,29,0.104765654
8524883,88,67,1,26,0.00440979,0,20,0.033780575
7067468,94,71,1,41,0.006560564,1,41,0.078257322
9667001,82,36,1,9,0.001182079,1,9,0.002560139
1790957,33,46,1,31,0.003773212,0,12,0.033823729
4800310,100,113,1,217,0.034075499,0,50,0.826531649
7378797,61,125,1,63,0.009176016,1,60,0.434290886
2118314,48,111,1,61,0.006767273,1,60,0.539674044
5499497,82,70,1,19,0.00316906,1,19,0.019863605
6120578,47,90,1,80,0.009525776,0,3,0.075176239
718536,110,38,1,27,0.004259109,0,13,0.058927536
1078020,102,81,1,4,0.000710249,1,4,0.000449419
3766199,122,121,1,41,0.011293173,1,42,0.053288698
8020733,81,127,1,65,0.009867191,1,63,0.537669182
2836177,46,71,1,13,0.001544476,1,13,0.003497124
246725,56,60,1,61,0.008784533,0,20,0.258547783
8325359,84,38,1,70,0.008446455,0,7,0.12433219
1583313,116,80,1,147,0.024777889,1,83,1.382506847
9167131,113,60,1,59,0.007314205,1,59,0.110669851
7262751,126,85,1,9,0.001414537,1,9,0.002602577
9362774,114,103,1,78,0.014374018,0,23,0.216365814
4516061,102,59,1,79,0.010403395,1,77,0.180976152
9043566,82,35,1,32,0.003513575,1,32,0.07008338
6143110,118,99,1,268,0.055556297,0,18,0.745184422
2830246,78,78,1,41,0.006762743,1,37,0.071643829
841313,117,41,1,24,0.002696276,1,24,0.020304441
8005197,109,113,1,87,0.018230677,1,71,0.683310986
4577424,104,42,1,10,0.001358509,1,10,0.004434347
8191662,72,99,0,300,0.043284893,0,5,0.226549625
9528215,128,126,1,47,0.010097504,1,45,0.171914339
1918027,74,107,0,184,0.038299561,0,3,0.144188881
6706755,37,80,1,7,0.000824451,1,7,0.001607418
6107079,34,78,1,41,0.004740953,1,29,0.036864519
4816275,81,42,1,60,0.007696629,1,44,0.183482647
8355277,123,76,1,45,0.007506371,1,39,0.165714264
511481,44,61,1,22,0.002969027,1,17,0.009427786
9711085,42,127,1,6,0.000667095,1,5,0.000633001
9489278,80,98,1,74,0.011234045,0,30,0.09277916
9072037,107,82,1,30,0.004453421,1,30,0.057547808
1919168,71,76,1,60,0.008677006,1,39,0.098927021
8349605,77,41,1,15,0.001882553,1,15,0.009015799
2966344,90,105,1,37,0.006187916,0,9,0.011915445
2305459,98,54,1,44,0.005568981,0,14,0.157897711
1383493,75,73,1,34,0.005473375,1,33,0.045691252
9293261,82,68,1,67,0.010334015,0,2,0.025283098
2836674,56,100,1,24,0.003163815,1,24,0.013673782
9758208,44,48,1,16,0.00218749,1,16,0.008309603
9484416,108,45,1,21,0.002679825,1,21,0.016308308
7875418,69,118,1,8,0.001166821,1,8,0.002186298
2271031,36,100,1,20,0.002203703,1,20,0.01766324
4390085,34,111,0,24,0.008961201,0,1,0.00625515
6313068,33,91,1,67,0.007710695,1,67,0.667888403
9237060,126,94,1,107,0.022727251,0,67,1.571692467
4648843,74,39,1,43,0.005136728,1,42,0.0846138
2494459,93,97,1,12,0.002331495,1,12,0.004924774
9760753,113,53,0,15,0.002080202,0,13,0.016514063
1254963,84,68,1,33,0.004460573,1,33,0.062903881
1983676,90,42,1,22,0.002450943,1,22,0.025389433
5256886,49,87,1,23,0.002686262,1,23,0.013672829
4842504,63,44,1,34,0.004615784,1,32,0.038818836
2682802,112,73,1,67,0.009425879,0,49,0.557194948
9998736,50,77,1,40,0.005633354,1,40,0.165805817
9667646,77,65,1,30,0.004627228,0,17,0.064614058
5229627,110,70,1,79,0.010920286,0,2,0.016552448
6215001,43,75,1,38,0.004698992,1,37,0.122864962
2103439,94,103,1,45,0.007579803,0,31,0.15320158
9833681,96,95,1,27,0.004702568,0,3,0.004633188
9032165,89,73,0,300,0.048952818,0,3,0.020761728
5220678,127,44,1,24,0.002973795,1,24,0.029720545
9315951,96,72,1,94,0.015025616,1,66,0.816922665
7171234,94,107,0,137,0.021333694,0,2,0.054899216
409824,39,55,1,32,0.00375843,0,6,0.012623787
9951978,120,117,1,35,0.009506702,1,35,0.111116171
4309623,63,128,1,47,0.007277727,1,47,0.162800074
7123611,88,77,1,56,0.008369207,0,1,0.015701532
8782225,121,52,1,82,0.009865284,1,48,0.106987715
3049981,44,74,1,13,0.001514673,1,13,0.005554199
3270414,76,59,1,39,0.005441427,1,35,0.079786539
7519915,95,97,1,42,0.007566214,1,31,0.049841881
7835869,121,58,1,34,0.004148006,1,34,0.044304132
3545857,71,67,1,35,0.005741835,1,33,0.033241987
5134275,92,108,1,147,0.031262875,1,87,0.573104143
4489012,55,128,1,137,0.019347429,1,119,0.456414461
114245,98,85,1,86,0.014173031,0,21,0.509347439
2383458,79,104,1,33,0.005963564,1,29,0.058220148
4186797,59,70,1,22,0.002981186,1,22,0.020406008
9689030,120,46,1,4,0.000491142,1,4,0.000488997
4588191,68,110,1,59,0.009008646,0,22,0.171809912
7534317,114,91,1,65,0.012936831,1,63,0.563106298
8887799,59,125,1,22,0.002911091,1,22,0.020429373
179907,127,111,1,44,0.009107113,1,40,0.077334642
8463348,73,78,1,35,0.00477314,0,33,0.125987768
2007036,48,68,1,28,0.003996372,0,16,0.032599688
7198791,90,106,1,11,0.001674175,1,11,0.003882647
6466087,42,78,1,30,0.00356102,0,4,0.017695189
1222560,45,103,1,27,0.002925396,1,23,0.017812967
9016636,69,113,1,80,0.011622667,1,79,0.810475826
3915416,67,87,1,39,0.005537748,1,39,0.082984209
5962440,109,100,1,46,0.009399891,1,48,0.275264263
9900435,51,50,1,27,0.004166126,0,8,0.018893242
1018319,120,90,1,34,0.007230759,0,25,0.052012205
1016358,125,54,1,52,0.006026983,1,52,0.269795656
5831444,122,55,1,95,0.011943102,0,25,0.668814898
4133648,85,116,1,34,0.005094528,1,33,0.078933954
2320790,67,100,1,69,0.010069132,1,67,0.432748795
4174,77,70,1,15,0.002304554,1,15,0.014609575
5374019,55,122,1,99,0.011343479,0,67,0.311336994
7378234,117,46,1,215,0.022516251,1,105,1.078452349
9157663,64,124,1,74,0.009968996,0,11,0.261945248
4807487,125,120,1,45,0.015264034,0,6,0.008371353
1268837,67,106,1,107,0.017282724,0,1,0.025482893
7502883,43,72,1,7,0.000956297,1,7,0.00128603
7875065,84,36,1,23,0.002660036,1,23,0.018988848
2580776,125,52,1,28,0.003052473,1,28,0.062410355
1553141,53,100,1,46,0.006157637,0,9,0.030457258
688328,98,85,1,103,0.019453287,0,8,0.227565765
768996,47,116,1,86,0.009165764,1,77,1.249409437
8425517,51,101,1,31,0.003664017,1,31,0.036343813
5489038,78,37,1,54,0.006438255,0,8,0.057864189
4572532,43,44,0,135,0.015108824,1,18,0.009774446
1006320,41,88,1,44,0.004918098,1,44,0.177847624
3747996,32,92,1,6,0.000706196,1,6,0.001144886
688802,71,126,1,52,0.006918907,1,48,0.208729982
3130919,50,45,1,54,0.007038355,0,27,0.079526424
6947334,95,93,1,27,0.006179094,1,19,0.015633583
4106694,115,47,1,15,0.001701832,1,15,0.009562254
6856138,104,33,1,79,0.008024693,1,57,0.552098513
7971914,95,56,1,12,0.001422882,1,12,0.005554199
1723870,42,85,1,40,0.004676104,1,34,0.107880831
6103800,36,66,1,18,0.0020473,1,17,0.009575605
629649,119,102,1,69,0.013763189,0,4,0.115307808
6064568,42,69,1,73,0.010175705,0,64,0.907737255
5719353,66,76,1,24,0.003705978,1,23,0.020746469
8801572,93,54,1,97,0.011428356,1,87,1.210119247
4164470,78,71,1,34,0.005338669,1,34,0.064399242
9704128,86,85,1,81,0.015138149,0,28,0.29844141
6471183,72,105,1,113,0.015645981,0,30,0.566356659
1133942,117,39,1,93,0.010838509,0,33,0.272001505
2452444,56,70,1,32,0.004809618,1,30,0.076333761
7003712,74,90,1,45,0.00800705,0,2,0.012634277
7462459,41,111,1,63,0.00721097,0,8,0.172904253
8893089,43,118,1,28,0.003096104,1,28,0.024447918
5579983,49,82,1,8,0.000911951,1,8,0.002126455
6286092,55,58,1,69,0.008846521,0,17,0.073159456
3944191,103,111,1,123,0.024163961,1,89,0.94066
216723,74,71,1,27,0.004163265,0,23,0.044164658
1870096,80,61,0,14,0.002307177,1,25,0.044326782
1225006,49,119,1,66,0.007207632,1,63,0.436975956
9138026,117,36,1,36,0.00359869,1,36,0.078961611
8597255,97,94,1,28,0.00456357,0,13,0.031229973
8064655,107,45,1,97,0.012887478,1,87,1.069705248
5009937,105,128,1,51,0.010366678,0,28,0.127711058
9373672,44,61,1,29,0.003468752,1,29,0.034189224
1059896,94,66,1,14,0.00181818,0,3,0.00134182
9046504,90,41,1,12,0.001797199,1,12,0.003993511
5552124,63,118,1,33,0.004155874,1,36,0.128595829
3355637,115,91,1,77,0.015262842,0,21,0.211115599
1123128,100,48,0,163,0.022588253,0,79,1.575279236
5904570,101,66,1,48,0.006274939,0,12,0.206531286
9600165,116,67,1,47,0.007524729,0,8,0.117291451
8214490,42,104,1,36,0.004332066,1,36,0.113419294
2851414,62,53,1,52,0.006227255,0,37,0.10116148
3485476,38,74,1,73,0.007862806,1,51,0.079667091
1754962,75,45,1,34,0.004097223,1,33,0.038502216
9098708,51,77,1,25,0.003557444,1,23,0.011008739
3058220,120,122,1,82,0.017093182,1,70,0.641322613
8248324,48,61,1,38,0.004559994,1,38,0.10594821
5828030,36,82,1,37,0.003875256,0,9,0.042356253
7723785,48,35,1,9,0.001127481,1,10,0.002524376
4568055,122,105,1,84,0.017090797,1,59,0.495774984
2540362,78,61,1,68,0.009022713,1,44,0.159817934
1609951,115,124,1,104,0.029838324,0,18,0.325651646
7485966,33,63,1,8,0.000958443,1,8,0.001473427
3942545,124,48,1,10,0.001195192,1,9,0.00299263
4669359,115,52,1,149,0.019505978,0,8,0.186450958
8415716,83,127,0,148,0.025034428,0,55,1.784240961
7158592,109,84,1,61,0.010057449,1,61,0.669876337
6592441,60,104,1,40,0.005193233,1,36,0.096161366
152318,128,97,1,49,0.011025429,0,2,0.012440681
2180145,76,57,1,35,0.005370378,1,21,0.027794361
4022722,33,69,1,32,0.003282309,1,30,0.044625044
2563228,70,95,1,56,0.008485794,1,56,0.286408901
1379254,57,44,1,25,0.002910376,1,20,0.013940334
1219262,121,56,1,38,0.00524044,1,44,0.132228374
9829960,66,99,1,65,0.008533478,0,21,0.390519381
4137906,94,44,0,59,0.010034561,0,1,0.023411751
1896392,98,86,1,43,0.008275986,1,42,0.15694952
817787,86,125,1,20,0.003000021,1,20,0.01945281
5245606,94,51,0,55,0.00769639,1,49,0.184532166
6672303,86,67,1,37,0.006183624,1,37,0.120238781
8911888,57,51,0,300,0.029510975,0,21,0.206802607
262454,41,35,1,34,0.003767967,1,21,0.020928144
8917672,119,124,1,101,0.026495934,0,22,0.328863144
4422426,46,90,1,13,0.001667976,1,13,0.004393816
9503918,57,119,1,43,0.005428314,0,29,0.131748438
4429316,117,86,1,77,0.010273695,1,77,0.413205862
1409826,50,99,1,33,0.003953695,0,26,0.038774967
1750440,110,52,1,31,0.003890991,1,29,0.080200434
176345,124,119,1,25,0.005832672,1,25,0.04377079
1517473,97,41,1,26,0.002860546,1,26,0.024898767
3629037,74,95,0,32,0.005038261,0,9,0.042464495
5629220,94,75,1,22,0.003592491,1,21,0.018190622
3160654,116,126,1,75,0.015030622,0,27,0.936610937
3033316,120,113,1,155,0.033548355,1,80,0.914679527
9440476,70,117,1,42,0.006125927,0,25,0.120726824
7597141,94,124,1,69,0.0136199,0,29,0.167984724
1010848,38,92,1,29,0.00314784,1,29,0.075805902
475873,116,98,1,35,0.00760293,0,29,0.08910799
4330244,106,74,1,143,0.024669647,1,84,1.255198956
5136883,101,64,1,52,0.00746417,0,22,0.084502697
9139604,69,57,1,35,0.004156113,1,34,0.067718267
9829346,108,104,1,168,0.035929203,0,1,0.019748449
4768760,81,57,1,78,0.011625051,1,60,0.62178278
5035940,82,92,0,300,0.050471067,0,39,0.997091293
553705,64,102,1,24,0.004104137,0,9,0.015691519
4033651,37,76,1,58,0.007207632,1,58,0.154513597
4778960,40,119,1,91,0.009044409,0,12,0.323742628
5742698,71,94,1,26,0.003484011,1,26,0.022905588
5603834,57,105,1,19,0.002457142,1,19,0.020625114
7181208,103,40,1,22,0.002433062,0,3,0.004879951
2567646,117,89,1,119,0.017847538,0,43,3.103512287
4709854,48,123,1,37,0.004209757,1,37,0.157424688
8977322,91,39,1,33,0.003702641,1,33,0.108068943
6937620,124,36,1,27,0.003172874,1,27,0.034820318
8307739,92,110,0,0,0,0,0,9.54E-07
1762973,71,99,1,50,0.008117199,1,24,0.023691416
6179873,92,95,1,33,0.006156683,1,33,0.061818123
4523942,125,119,1,49,0.012014389,1,40,0.202228069
559442,48,58,1,46,0.005729914,1,35,0.036400318
1824267,66,97,1,58,0.008723259,0,11,0.183497667
3203878,128,66,1,56,0.009009361,0,22,0.162403584
7523949,58,92,1,67,0.007505655,1,66,0.336817503
6423511,60,52,1,50,0.007627726,0,17,0.122489452
1362152,92,97,1,89,0.014160156,1,81,0.575199127
9336247,54,128,1,33,0.005206585,1,31,0.089036942
2005534,128,46,1,37,0.004961014,0,11,0.047808647
1509508,36,68,1,32,0.003341675,1,31,0.066714764
8255271,99,98,1,6,0.001243591,1,6,0.000916004
4669168,123,114,0,57,0.015420198,1,63,0.396009445
5030228,107,100,0,37,0.010434151,0,9,0.070384502
6498775,111,100,1,192,0.038542509,0,14,0.303763866
3433918,114,60,1,102,0.016320467,0,23,0.267989874
3655673,118,38,1,29,0.003760338,1,23,0.031009674
4855799,42,127,1,50,0.005760193,1,48,0.096750021
3414984,68,93,1,17,0.003137112,1,17,0.007175922
1037921,55,59,1,24,0.003509521,1,24,0.046350956
9526631,54,35,1,17,0.002045631,1,17,0.009506464
3163969,100,106,1,38,0.006625652,1,38,0.128696203
7061527,70,54,1,24,0.003455639,1,22,0.016688824
2339969,63,122,0,0,0,0,0,0
919031,50,99,1,7,0.000888109,1,7,0.001204967
7752730,83,83,1,9,0.00204277,1,9,0.001736641
8548764,113,39,1,34,0.004204273,1,34,0.036939859
2877795,56,74,1,40,0.006491423,0,9,0.064663887
1476628,48,66,1,26,0.002963066,1,26,0.024330616
7769680,103,118,1,62,0.012755156,1,61,0.287716866
7955215,54,69,0,300,0.033841848,0,30,0.565013647
4969764,92,57,0,27,0.003671169,0,27,0.025585413
294103,80,57,1,47,0.007128477,0,43,0.168673277
9890873,89,42,1,57,0.006950378,0,44,0.562908411
3936130,84,55,1,7,0.000925303,1,7,0.001433849
1679692,67,120,1,57,0.007298708,0,23,0.264939785
8754634,128,65,1,63,0.009364367,1,61,0.536499739
1387993,46,59,1,23,0.003394604,1,23,0.037927628
6143811,89,104,0,42,0.007262468,0,46,0.278637171
9499116,108,115,1,4,0.000865936,1,4,0.000550032
6167735,128,91,1,112,0.018245697,1,24,0.041254282
9697482,127,101,1,292,0.068521261,0,37,0.428096771
6337622,116,33,1,4,0.000473738,1,4,0.000499487
5033578,40,46,1,36,0.004122734,1,29,0.06986618
6694449,73,92,1,46,0.008521795,1,44,0.084483624
8211175,68,114,1,32,0.004177809,1,32,0.042348862
7016217,112,127,0,0,1.19E-06,0,0,0
8388122,39,90,1,17,0.001829863,0,3,0.003780842
1861084,125,100,1,64,0.0124681,0,1,0.009418011
5818868,103,107,1,89,0.019503117,0,21,0.242863894
6813657,54,84,1,67,0.007172108,0,6,0.083787203
3582830,102,41,1,81,0.00856328,1,83,1.337896347
2233833,109,97,1,51,0.009594202,1,51,0.281263351
9658117,62,107,1,20,0.002758026,1,20,0.014070749
2271249,56,55,1,24,0.003458977,1,26,0.028510571
6695,109,64,1,50,0.006521225,0,16,0.072228909
5661404,51,46,0,44,0.00538063,1,47,0.133463144
5670559,83,126,1,11,0.001839876,1,11,0.005028725
9949403,80,98,1,64,0.0128479,0,19,0.075903416
538220,92,72,1,25,0.00389576,0,24,0.032455206
6923342,71,94,1,69,0.009145021,0,27,0.459832907
6226480,96,104,0,30,0.007181406,0,19,0.215910673
1517724,36,91,1,18,0.001839399,1,18,0.020089149
965735,110,73,1,9,0.001862288,1,3,0.000315905
7633076,51,57,1,1,0.000142097,1,1,6.29E-05
8234201,127,67,1,31,0.004318476,1,24,0.034217596
901069,88,40,0,300,0.033224106,1,12,0.005413294
693186,102,87,1,18,0.003017902,1,17,0.018144608
4474920,40,44,1,46,0.005438805,0,23,0.041273594
2974976,127,87,1,58,0.010240078,1,57,0.458862782
3088014,60,65,0,34,0.005038738,0,16,0.067231894
1052148,101,66,1,43,0.005354404,0,10,0.03054285
227009,120,43,1,80,0.008678675,1,69,0.202353239
434586,117,90,1,34,0.005823374,0,21,0.066848278
3798850,91,82,0,59,0.043650389,1,39,0.127277374
2324452,124,105,1,73,0.014355898,1,73,1.062798738
2913165,87,88,1,72,0.015416861,0,38,0.200766087
3583844,76,77,0,7,0.00130415,0,2,0.002475023
7006119,58,49,1,30,0.003857851,1,30,0.06137538
3521340,57,46,1,56,0.006529808,0,27,0.064095497
1763664,68,89,0,7,0.0013237,0,8,0.003890514
2863648,66,50,1,17,0.002461433,1,17,0.008602858
222219,64,64,1,7,0.001207352,1,5,0.00077796
5791834,119,121,0,53,0.01680088,1,85,1.355331659
3504315,43,75,1,46,0.006249905,1,45,0.115064383
8123511,98,103,1,141,0.030344486,0,15,0.408210754
2895803,74,56,1,17,0.002165794,1,16,0.013226032
1641642,38,96,1,9,0.000989914,1,9,0.003120422
419197,102,67,1,7,0.001270533,1,7,0.001692533
2369851,50,109,1,15,0.00190258,1,15,0.010836124
6464310,105,107,1,86,0.016604662,1,70,0.542804241
4587668,69,122,1,79,0.011222601,0,7,0.17829752
785433,91,100,1,67,0.013046741,0,54,0.192368269
9510431,91,36,1,39,0.004603148,1,39,0.042708397
2245493,121,78,1,95,0.013205767,0,14,0.686782837
7584149,120,110,1,38,0.009497404,1,37,0.058041334
2122489,66,85,1,72,0.009413242,1,71,0.145656586
9162090,80,52,1,42,0.005668402,0,4,0.027533054
5947039,74,86,1,36,0.00463295,1,38,0.08688879
4926808,44,115,1,31,0.003341675,1,31,0.040759325
650335,95,99,1,84,0.013217926,0,3,0.017028093
8102112,106,48,1,40,0.005319595,0,22,0.160932779
5209697,89,43,1,29,0.003096819,1,29,0.01527667
77572,55,85,1,101,0.014338255,1,7,0.001641512
3502684,114,67,0,10,0.001841784,0,11,0.008945942
5627487,60,78,1,53,0.006861448,1,41,0.136317253
2163285,98,118,1,216,0.049804211,0,20,0.180530071
5772878,43,35,0,5,0.000718594,0,6,0.00180769
360286,56,66,1,15,0.002127409,0,6,0.001822233
3928413,50,74,1,20,0.002433777,1,20,0.013301611
2265471,95,47,1,33,0.003908157,1,33,0.086495638
8292065,40,103,1,240,0.027889252,0,53,0.581138134
5546631,68,110,1,15,0.001945972,1,15,0.00845623
4763371,65,35,1,20,0.002116203,1,20,0.023330688
2777289,39,75,1,6,0.000739574,1,5,0.000874043
6757758,46,91,1,38,0.004215479,1,34,0.108212709
6534064,117,60,1,48,0.007162571,0,16,0.205006838
6257005,113,108,1,63,0.016756296,0,41,0.482486248
7512463,107,52,1,11,0.001459122,1,11,0.003735304
4932829,76,48,1,20,0.002675295,1,20,0.014002562
292254,46,65,1,17,0.001991987,1,16,0.011112928
8741857,47,99,1,27,0.003373861,1,27,0.062147141
325634,39,88,1,45,0.005902767,0,26,0.194113255
4965342,116,125,1,87,0.016696453,0,28,0.13132
2127347,77,113,1,21,0.003646135,1,23,0.023039579
2265005,59,108,1,16,0.00226903,1,16,0.007307768
6433042,41,127,1,83,0.009320259,0,33,0.469044209
1528146,111,116,1,74,0.020436049,1,89,1.361343622
8234922,33,75,1,7,0.000770092,1,7,0.001730442
5143706,67,38,1,23,0.002562046,1,23,0.024907112
5436292,101,44,1,44,0.005526781,1,34,0.034367085
3615070,80,70,1,14,0.001844168,1,14,0.006025791
6719987,44,120,1,101,0.010674953,1,97,0.191351414
1614230,33,84,1,54,0.00549531,1,54,0.099076033
7246008,54,90,1,13,0.001939774,1,13,0.005426884
6979811,90,72,1,20,0.002932549,1,20,0.017781019
1875828,127,79,1,61,0.00906992,1,61,0.563323498
6879049,53,69,1,49,0.006060123,0,15,0.043400049
2633658,38,75,1,36,0.003794193,0,27,0.099344015
568519,78,123,1,97,0.015383244,1,100,1.052722692
4576150,47,71,1,41,0.004649401,0,7,0.086973906
5666827,68,40,1,28,0.002988815,1,28,0.069148064
7468066,73,116,1,24,0.003742218,1,21,0.020459652
4436935,99,111,1,83,0.015354633,0,71,1.214642286
7531989,86,65,1,66,0.010674238,1,75,0.741749525
6977282,79,73,1,156,0.028476477,0,34,0.478177071
5886992,37,66,1,21,0.002542257,1,21,0.019947052
6614620,107,33,1,34,0.003371,1,37,0.061054945
6047013,36,89,1,257,0.024694204,1,55,0.171052933
3017824,89,125,1,84,0.016330957,1,94,1.690501213
2593344,103,41,1,42,0.004812956,1,40,0.152040482
4987544,73,104,1,57,0.007685423,0,8,0.138823748
4328143,42,82,1,37,0.004365206,1,37,0.15913415
9889814,119,50,1,32,0.004799366,1,32,0.057588816
995025,117,83,1,50,0.008785963,1,42,0.083703518
7537853,95,79,1,73,0.010909796,1,73,0.197401524
3030200,62,50,1,35,0.005496025,1,31,0.046714067
7899690,56,88,1,26,0.003411055,1,26,0.017377377
5834387,111,106,0,300,0.053707361,0,31,0.201356173
9023277,107,117,1,80,0.023456573,0,29,0.149781942
1803067,52,54,0,7,0.00087595,0,6,0.002269268
7433930,111,106,1,150,0.037940741,0,74,1.995554209
7220357,106,80,1,25,0.00453949,0,9,0.01287365
1071614,80,111,0,0,0,0,0,1.19E-06
7066036,117,88,1,41,0.008034468,1,43,0.194354057
2818966,68,52,0,131,0.035782576,0,7,0.069346666
4855197,64,104,1,33,0.004576445,1,33,0.046375751
346060,95,43,1,25,0.002783775,1,25,0.02514267
795755,115,47,1,9,0.001106739,1,9,0.002697468
4404977,110,100,1,55,0.011332273,0,37,0.274686575
2786334,71,107,1,43,0.005553007,1,41,0.134763479
7400807,93,101,1,108,0.021914244,0,43,0.783044815
8083043,108,38,1,24,0.002786875,1,24,0.026637077
5130958,108,37,1,15,0.001647949,1,15,0.006565571
8821202,87,61,1,47,0.007038593,1,29,0.043982744
726250,112,56,1,61,0.008711815,1,59,0.575193644
5251229,94,46,1,4,0.000498772,1,4,0.000425577
5375683,50,85,1,31,0.003628969,1,31,0.083791971
9638179,84,97,1,48,0.008224249,0,18,0.092243195
1468523,81,112,1,24,0.004607916,1,24,0.010495424
9657626,34,98,0,27,0.003446102,0,26,0.051304579
3167159,118,109,1,274,0.081725359,0,13,0.949630737
3457206,112,43,1,38,0.004776478,1,38,0.091911554
9261687,87,56,1,28,0.004740477,1,29,0.052660227
995626,99,124,1,111,0.020064592,0,32,1.135616064
1755236,84,82,1,24,0.005010605,1,22,0.015252352
7619012,41,72,1,23,0.00311923,1,18,0.017556906
8943843,101,84,1,36,0.007192373,1,35,0.04605341
9543844,38,73,1,23,0.003106833,1,22,0.030635357
9988396,34,123,1,34,0.003826857,1,34,0.062670708
4984588,100,66,1,72,0.010266781,0,20,0.295927286
4394031,79,43,1,23,0.002876759,1,23,0.040992737
2109769,111,95,1,113,0.017652512,0,7,0.168091059
4759116,90,52,1,37,0.005142212,1,35,0.055697918
7727726,41,34,1,11,0.001243114,0,1,0.000959873
959860,80,47,1,15,0.001950741,1,15,0.009770155
1635464,38,117,1,115,0.011997461,1,111,0.685513973
996095,93,89,1,13,0.002780199,1,13,0.005390882
8698082,56,49,1,97,0.012280464,0,18,0.057092428
7909349,111,41,1,64,0.008461714,1,62,0.103031158
2305962,105,92,0,56,0.012530804,0,18,0.257126093
4073561,54,48,1,36,0.005129337,0,4,0.022819996
8669712,49,99,1,23,0.002817631,1,23,0.019623518
4869666,61,126,1,98,0.017356873,1,79,1.093363523
5418262,106,105,1,72,0.013690472,0,45,0.273140192
3759358,105,126,1,65,0.017532825,1,61,0.412640095
3757487,116,71,1,85,0.014448643,0,55,0.296588898
3375835,114,42,1,41,0.004989862,1,37,0.108475924
1802221,56,79,0,39,0.005735159,0,3,0.034525156
1999309,53,109,1,22,0.003131628,1,22,0.021302938
3375992,66,39,1,23,0.003197193,1,21,0.02327466
494861,85,122,1,84,0.014313459,0,30,0.387261868
4357928,56,58,1,18,0.002292871,1,18,0.0118258
2293164,106,61,1,74,0.011976957,1,66,0.615779161
4588654,65,112,1,34,0.004259586,1,34,0.048334599
5355422,112,80,1,113,0.017602205,1,106,3.569907904
7215066,81,36,1,53,0.005803823,1,37,0.107033491
2747847,92,114,1,77,0.011674166,0,36,0.521764278
159116,124,53,1,55,0.006923676,1,55,0.444681168
57607,45,88,1,96,0.012530327,1,37,0.056393862
790119,83,79,1,41,0.007787228,0,13,0.042773247
2572771,116,86,1,130,0.026442766,1,88,0.944625854
9414105,102,70,1,41,0.007096767,1,37,0.090875387
2058240,83,45,1,12,0.00145793,0,8,0.005151033
8603674,80,81,0,24,0.004378319,0,17,0.029046535
5734758,64,83,1,77,0.009910583,0,11,0.061550617
5497896,79,95,1,47,0.007335424,0,28,0.217775345
3065555,75,103,0,300,0.038228989,0,17,0.169062614
9246794,84,70,1,19,0.003035545,1,19,0.020352364
7642150,122,107,1,7,0.001400232,1,7,0.001110792
4524405,47,37,1,28,0.003586292,1,23,0.027030945
7823339,127,62,1,18,0.002577782,1,18,0.017957926
9128069,53,38,1,27,0.003148794,1,25,0.019401312
8670653,94,54,1,54,0.006101131,0,6,0.081483841
5496723,106,57,1,36,0.00560236,0,8,0.019606113
6773170,77,56,1,35,0.004297733,1,34,0.075628519
387360,91,109,1,36,0.005306244,1,36,0.073673487
9801785,117,47,1,30,0.003168583,1,30,0.062054157
7519952,115,101,1,160,0.035202503,0,2,0.089339256
4366350,52,99,1,58,0.007978916,0,8,0.140013218
519600,97,78,1,28,0.004284382,0,18,0.050037622
4832555,82,71,1,44,0.005443096,0,14,0.116569281
6652475,33,49,1,44,0.005176306,1,42,0.099083662
8871157,51,125,1,90,0.011758327,1,50,0.297105551
7611436,58,71,1,62,0.00813961,0,38,0.196901321
9801031,108,97,1,106,0.020732403,0,35,0.241425037
6660023,110,111,0,300,0.064815044,0,8,0.584819078
8386720,80,72,1,35,0.005337477,1,31,0.044414043
9146520,124,66,1,51,0.006360292,0,2,0.016321659
7048360,121,63,1,105,0.013260603,0,5,0.233837605
6546257,62,122,1,31,0.003772736,1,31,0.042059898
9558059,121,78,1,46,0.007735729,0,27,0.114581823
5508196,63,65,1,36,0.005407572,0,1,0.006742954
439189,65,110,1,55,0.009156227,1,56,0.219060659
1060490,49,126,1,29,0.004023075,1,28,0.021227121
8104101,50,80,1,14,0.007069826,1,14,0.017166376
715689,126,59,1,34,0.004660845,1,28,0.062554121
3485091,64,121,1,26,0.004320383,1,27,0.04272294
2723742,49,94,1,20,0.002387524,0,15,0.025507212
3706757,55,54,1,25,0.003172874,1,25,0.033113003
6472685,123,47,1,13,0.001434565,1,13,0.005273342
5181590,114,79,1,29,0.00411129,1,28,0.067424536
9946714,55,91,1,12,0.00167799,1,12,0.00560236
9984486,128,50,1,32,0.003718615,1,32,0.096626043
2165303,76,43,1,28,0.003610373,1,26,0.026462555
8416639,89,62,1,24,0.003887415,1,27,0.036529303
7517998,99,53,1,41,0.005438805,1,41,0.111996651
4108204,65,124,1,15,0.001940727,1,13,0.006227732
6189966,42,57,1,4,0.000621796,1,2,0.00015521
3501624,107,76,1,11,0.001807451,1,11,0.004682779
,,,0.9156,52.3888,0.008581794,,,